Website_ID,Domain,URL_Accessed,Audit_Status,Last_Error,Retry_Count,Audit_Level,Run_ID,Access_Date_UTC,Country_or_Market_Observed,Access_Locale,Browser,Headless_Audit,Cookie_Banner_Present,Banner_Type,Consent_Layer_Depth,CMP_Vendor,CMP_Evidence,IAB_TCF_Mentioned,TCF_Evidence,L1_Evidence_Quote,L1_Screenshot_Ref,L1_Accept_All_Present,L1_Reject_All_Present,L1_Manage_Preferences_Present,Accept_Click_Count,Reject_Click_Count,Manage_Click_Count,EE_Click_Asymmetry_RejectMinusAccept,EE_Hidden_Reject_Path,AE_Accept_Button_Prominence_1to3,AE_Reject_Button_Prominence_1to3,AE_Size_Asymmetry_LargerEqualSmaller,AE_Primary_Action_Is_Accept,L2_Available,L2_Evidence_Quote,L2_Screenshot_Ref,L2_Toggle_Count,L2_Vendor_Count,L2_Text_Word_Count,L2_Information_Density_Score_1to5,L2_Germane_Support_Score_1to5,CL_Toggle_Vendor_Complexity_Index,CL_Germane_Suppression_Indicators,AA_RePrompting_After_Reject,AA_RePrompt_Frequency_Observed,SP_Message_ID,SP_Campaign_ID,SP_Variant_Evidence,OT_Purpose_Count,OT_Vendor_Count,Evidence_JSON_Ref
ACLDP_0001,site-0001.invalid,https://site-0001.invalid,Completed,,0.0,L1,20260311T011542Z,2026-03-11T01:15:44Z,,en-US,Chromium,Yes,No,None,,Unknown,,No,,,,No,No,No,,,,,,,,,,No,,,,,,,,,,,,,,,,,CookiesConsentDataset/evidence_json/ACLDP_0001.json
ACLDP_0002,site-0002.invalid,https://site-0002.invalid,Failed,"Navigation error: Page.goto: net::ERR_NAME_NOT_RESOLVED at https://site-0002.invalid/
Call log:
  - navigating to ""https://site-0002.invalid/"", waiting until ""domcontentloaded""
",2.0,L1,20260311T021938Z,2026-03-11T02:19:39Z,,en-US,Chromium,Yes,No,None,,,,,,,,No,No,No,,,,,,,,,,No,,,,,,,,,,,,,,,,,CookiesConsentDataset/evidence_json/ACLDP_0002.json
ACLDP_0003,site-0003.invalid,https://site-0003.invalid,Failed,"Navigation error: Page.goto: Navigation to ""https://site-0003.invalid/"" is interrupted by another navigation to ""chrome-error://chromewebdata/""
Call log:
  - navigating to ""https://site-0003.invalid/"", waiting until ""domcontentloaded""
",2.0,L1,20260311T021938Z,2026-03-11T02:19:39Z,,en-US,Chromium,Yes,No,None,,,,,,,,No,No,No,,,,,,,,,,No,,,,,,,,,,,,,,,,,CookiesConsentDataset/evidence_json/ACLDP_0003.json
ACLDP_0004,site-0004.invalid,https://site-0004.invalid,Failed,"Navigation error: Page.goto: Navigation to ""https://site-0004.invalid/"" is interrupted by another navigation to ""https://www.site-0003.invalid/en-sa/""
Call log:
  - navigating to ""https://site-0004.invalid/"", waiting until ""domcontentloaded""
",2.0,L1,20260311T021938Z,2026-03-11T02:19:40Z,,en-US,Chromium,Yes,No,None,,,,,,,,No,No,No,,,,,,,,,,No,,,,,,,,,,,,,,,,,CookiesConsentDataset/evidence_json/ACLDP_0004.json
ACLDP_0005,site-0005.invalid,https://site-0005.invalid,Failed,"Navigation error: Page.goto: Navigation to ""https://site-0005.invalid/"" is interrupted by another navigation to ""https://www.site-0004.invalid/""
Call log:
  - navigating to ""https://site-0005.invalid/"", waiting until ""domcontentloaded""
",2.0,L1,20260311T021938Z,2026-03-11T02:19:40Z,,en-US,Chromium,Yes,No,None,,,,,,,,No,No,No,,,,,,,,,,No,,,,,,,,,,,,,,,,,CookiesConsentDataset/evidence_json/ACLDP_0005.json
ACLDP_0006,site-0006.invalid,https://site-0006.invalid,Completed,,0.0,L1,20260311T011550Z,2026-03-11T01:15:51Z,,en-US,Chromium,Yes,No,None,,Unknown,,Yes,HTML match: /tcstring/,,,No,No,No,,,,,,,,,,No,,,,,,,,,,,,,,,,,CookiesConsentDataset/evidence_json/ACLDP_0006.json
ACLDP_0007,site-0007.invalid,https://site-0007.invalid,Completed,,0.0,L1,20260311T011550Z,2026-03-11T01:15:58Z,,en-US,Chromium,Yes,No,None,,OneTrust,HTML match: /onetrust/,No,,,,No,No,No,,,,,,,,,,No,,,,,,,,,,,,,,,,,CookiesConsentDataset/evidence_json/ACLDP_0007.json
ACLDP_0008,site-0008.invalid,https://site-0008.invalid,Completed,,0.0,L1,20260311T011550Z,2026-03-11T01:16:02Z,,en-US,Chromium,Yes,No,None,,Unknown,,No,,,,No,No,No,,,,,,,,,,No,,,,,,,,,,,,,,,,,CookiesConsentDataset/evidence_json/ACLDP_0008.json
ACLDP_0009,site-0009.invalid,https://site-0009.invalid,Completed,,0.0,L1,20260311T011550Z,2026-03-11T01:16:06Z,,en-US,Chromium,Yes,No,None,,Unknown,,No,,,,No,No,No,,,,,,,,,,No,,,,,,,,,,,,,,,,,CookiesConsentDataset/evidence_json/ACLDP_0009.json
ACLDP_0010,site-0010.invalid,https://site-0010.invalid,Failed,"Navigation error: Page.goto: net::ERR_CONNECTION_REFUSED at https://site-0010.invalid/
Call log:
  - navigating to ""https://site-0010.invalid/"", waiting until ""domcontentloaded""
",2.0,L1,20260311T021938Z,2026-03-11T02:19:41Z,,en-US,Chromium,Yes,No,None,,,,,,,,No,No,No,,,,,,,,,,No,,,,,,,,,,,,,,,,,CookiesConsentDataset/evidence_json/ACLDP_0010.json
ACLDP_0011,site-0011.invalid,https://site-0011.invalid,Failed,"Navigation error: Page.goto: Navigation to ""https://site-0011.invalid/"" is interrupted by another navigation to ""chrome-error://chromewebdata/""
Call log:
  - navigating to ""https://site-0011.invalid/"", waiting until ""domcontentloaded""
",2.0,L1,20260311T021938Z,2026-03-11T02:19:41Z,,en-US,Chromium,Yes,No,None,,,,,,,,No,No,No,,,,,,,,,,No,,,,,,,,,,,,,,,,,CookiesConsentDataset/evidence_json/ACLDP_0011.json
ACLDP_0012,site-0012.invalid,https://site-0012.invalid,Failed,"Navigation error: Page.goto: Navigation to ""https://site-0012.invalid/"" is interrupted by another navigation to ""https://www.site-0011.invalid/""
Call log:
  - navigating to ""https://site-0012.invalid/"", waiting until ""domcontentloaded""
",2.0,L1,20260311T021938Z,2026-03-11T02:19:42Z,,en-US,Chromium,Yes,No,None,,,,,,,,No,No,No,,,,,,,,,,No,,,,,,,,,,,,,,,,,CookiesConsentDataset/evidence_json/ACLDP_0012.json
ACLDP_0013,site-0013.invalid,https://site-0013.invalid,Failed,"Navigation error: Page.goto: net::ERR_NAME_NOT_RESOLVED at https://site-0013.invalid/
Call log:
  - navigating to ""https://site-0013.invalid/"", waiting until ""domcontentloaded""
",2.0,L1,20260311T021938Z,2026-03-11T02:19:42Z,,en-US,Chromium,Yes,No,None,,,,,,,,No,No,No,,,,,,,,,,No,,,,,,,,,,,,,,,,,CookiesConsentDataset/evidence_json/ACLDP_0013.json
ACLDP_0014,site-0014.invalid,https://site-0014.invalid,Failed,"Navigation error: Page.goto: Navigation to ""https://site-0014.invalid/"" is interrupted by another navigation to ""chrome-error://chromewebdata/""
Call log:
  - navigating to ""https://site-0014.invalid/"", waiting until ""domcontentloaded""
",2.0,L1,20260311T021938Z,2026-03-11T02:19:43Z,,en-US,Chromium,Yes,No,None,,,,,,,,No,No,No,,,,,,,,,,No,,,,,,,,,,,,,,,,,CookiesConsentDataset/evidence_json/ACLDP_0014.json
ACLDP_0015,site-0015.invalid,https://site-0015.invalid,Failed,"Navigation error: Page.goto: Navigation to ""https://site-0015.invalid/"" is interrupted by another navigation to ""https://sso.passport.site-0091.invalid/push?uuid=ebe46fe8-26d4-4fcf-ad7f-58f822d33b2f&retpath=https%3A%2F%2Fsite-0014.invalid%2F%3Fis_autologin_ya%3Dtrue""
Call log:
  - navigating to ""https://site-0015.invalid/"", waiting until ""domcontentloaded""",2.0,L1,20260311T021938Z,2026-03-11T02:19:44Z,,en-US,Chromium,Yes,No,None,,,,,,,,No,No,No,,,,,,,,,,No,,,,,,,,,,,,,,,,,CookiesConsentDataset/evidence_json/ACLDP_0015.json
ACLDP_0016,site-0016.invalid,https://site-0016.invalid,Failed,"Navigation error: Page.goto: Navigation to ""https://site-0016.invalid/"" is interrupted by another navigation to ""https://www.site-0004.invalid/""
Call log:
  - navigating to ""https://site-0016.invalid/"", waiting until ""domcontentloaded""
",2.0,L1,20260311T021938Z,2026-03-11T02:19:44Z,,en-US,Chromium,Yes,No,None,,,,,,,,No,No,No,,,,,,,,,,No,,,,,,,,,,,,,,,,,CookiesConsentDataset/evidence_json/ACLDP_0016.json
ACLDP_0017,site-0017.invalid,https://site-0017.invalid,Failed,"Navigation error: Page.goto: Navigation to ""https://site-0017.invalid/"" is interrupted by another navigation to ""https://www.site-0016.invalid/""
Call log:
  - navigating to ""https://site-0017.invalid/"", waiting until ""domcontentloaded""
",2.0,L1,20260311T021938Z,2026-03-11T02:19:45Z,,en-US,Chromium,Yes,No,None,,,,,,,,No,No,No,,,,,,,,,,No,,,,,,,,,,,,,,,,,CookiesConsentDataset/evidence_json/ACLDP_0017.json
ACLDP_0018,site-0018.invalid,https://site-0018.invalid,Failed,"Navigation error: Page.goto: Navigation to ""https://site-0018.invalid/"" is interrupted by another navigation to ""https://site-0060.invalid/""
Call log:
  - navigating to ""https://site-0018.invalid/"", waiting until ""domcontentloaded""
",2.0,L1,20260311T021938Z,2026-03-11T02:19:45Z,,en-US,Chromium,Yes,No,None,,,,,,,,No,No,No,,,,,,,,,,No,,,,,,,,,,,,,,,,,CookiesConsentDataset/evidence_json/ACLDP_0018.json
ACLDP_0019,site-0019.invalid,https://site-0019.invalid,Failed,"Navigation error: Page.goto: net::ERR_CERT_COMMON_NAME_INVALID at https://site-0019.invalid/
Call log:
  - navigating to ""https://site-0019.invalid/"", waiting until ""domcontentloaded""
",2.0,L1,20260311T021938Z,2026-03-11T02:19:46Z,,en-US,Chromium,Yes,No,None,,,,,,,,No,No,No,,,,,,,,,,No,,,,,,,,,,,,,,,,,CookiesConsentDataset/evidence_json/ACLDP_0019.json
ACLDP_0020,site-0020.invalid,https://site-0020.invalid,Failed,"Navigation error: Page.goto: net::ERR_NAME_NOT_RESOLVED at https://site-0020.invalid/
Call log:
  - navigating to ""https://site-0020.invalid/"", waiting until ""domcontentloaded""
",2.0,L1,20260311T021938Z,2026-03-11T02:19:47Z,,en-US,Chromium,Yes,No,None,,,,,,,,No,No,No,,,,,,,,,,No,,,,,,,,,,,,,,,,,CookiesConsentDataset/evidence_json/ACLDP_0020.json
ACLDP_0021,site-0021.invalid,https://site-0021.invalid,Completed,,0.0,L1,20260311T011550Z,2026-03-11T01:16:16Z,,en-US,Chromium,Yes,No,None,,Unknown,,No,,,,No,No,No,,,,,,,,,,No,,,,,,,,,,,,,,,,,CookiesConsentDataset/evidence_json/ACLDP_0021.json
ACLDP_0022,site-0022.invalid,https://site-0022.invalid,Completed,,0.0,L1,20260311T011550Z,2026-03-11T01:16:19Z,,en-US,Chromium,Yes,No,None,,Unknown,,No,,,,No,No,No,,,,,,,,,,No,,,,,,,,,,,,,,,,,CookiesConsentDataset/evidence_json/ACLDP_0022.json
ACLDP_0023,site-0023.invalid,https://site-0023.invalid,Completed,,0.0,L1,20260311T011550Z,2026-03-11T01:16:24Z,,en-US,Chromium,Yes,No,None,,Unknown,,Yes,HTML match: /tcstring/,,,No,No,No,,,,,,,,,,No,,,,,,,,,,,,,,,,,CookiesConsentDataset/evidence_json/ACLDP_0023.json
ACLDP_0024,site-0024.invalid,https://site-0024.invalid,Failed,"Navigation error: Page.goto: net::ERR_NAME_NOT_RESOLVED at https://site-0024.invalid/
Call log:
  - navigating to ""https://site-0024.invalid/"", waiting until ""domcontentloaded""
",2.0,L1,20260311T021938Z,2026-03-11T02:19:48Z,,en-US,Chromium,Yes,No,None,,,,,,,,No,No,No,,,,,,,,,,No,,,,,,,,,,,,,,,,,CookiesConsentDataset/evidence_json/ACLDP_0024.json
ACLDP_0025,site-0025.invalid,https://site-0025.invalid,Completed,,1.0,L1,20260311T021938Z,2026-03-11T02:19:48Z,,en-US,Chromium,Yes,No,None,,Unknown,,Yes,HTML match: /euconsent/,,,No,No,No,,,,,,,,,,No,,,,,,,,,,,,,,,,,CookiesConsentDataset/evidence_json/ACLDP_0025.json
ACLDP_0026,site-0026.invalid,https://site-0026.invalid,Failed,"Navigation error: Page.goto: net::ERR_NAME_NOT_RESOLVED at https://site-0026.invalid/
Call log:
  - navigating to ""https://site-0026.invalid/"", waiting until ""domcontentloaded""",2.0,L1,20260311T021938Z,2026-03-11T02:19:58Z,,en-US,Chromium,Yes,No,None,,,,,,,,No,No,No,,,,,,,,,,No,,,,,,,,,,,,,,,,,CookiesConsentDataset/evidence_json/ACLDP_0026.json
ACLDP_0027,site-0027.invalid,https://site-0027.invalid,Failed,"Navigation error: Page.goto: net::ERR_NAME_NOT_RESOLVED at https://site-0027.invalid/
Call log:
  - navigating to ""https://site-0027.invalid/"", waiting until ""domcontentloaded""
",2.0,L1,20260311T021938Z,2026-03-11T02:19:58Z,,en-US,Chromium,Yes,No,None,,,,,,,,No,No,No,,,,,,,,,,No,,,,,,,,,,,,,,,,,CookiesConsentDataset/evidence_json/ACLDP_0027.json
ACLDP_0028,site-0028.invalid,https://site-0028.invalid,Completed,,0.0,L1,20260311T011550Z,2026-03-11T01:16:34Z,,en-US,Chromium,Yes,No,None,,Unknown,,No,,,,No,No,No,,,,,,,,,,No,,,,,,,,,,,,,,,,,CookiesConsentDataset/evidence_json/ACLDP_0028.json
ACLDP_0029,site-0029.invalid,https://site-0029.invalid,Completed,,0.0,L1,20260311T011550Z,2026-03-11T01:16:38Z,,en-US,Chromium,Yes,No,None,,Unknown,,No,,,,No,No,No,,,,,,,,,,No,,,,,,,,,,,,,,,,,CookiesConsentDataset/evidence_json/ACLDP_0029.json
ACLDP_0030,site-0030.invalid,https://site-0030.invalid,Failed,"Navigation error: Page.goto: net::ERR_NAME_NOT_RESOLVED at https://site-0030.invalid/
Call log:
  - navigating to ""https://site-0030.invalid/"", waiting until ""domcontentloaded""
",2.0,L1,20260311T021938Z,2026-03-11T02:19:58Z,,en-US,Chromium,Yes,No,None,,,,,,,,No,No,No,,,,,,,,,,No,,,,,,,,,,,,,,,,,CookiesConsentDataset/evidence_json/ACLDP_0030.json
ACLDP_0031,site-0031.invalid,https://site-0031.invalid,Completed,,1.0,L1,20260311T021938Z,2026-03-11T02:19:58Z,,en-US,Chromium,Yes,No,None,,Unknown,,No,,,,No,No,No,,,,,,,,,,No,,,,,,,,,,,,,,,,,CookiesConsentDataset/evidence_json/ACLDP_0031.json
ACLDP_0032,site-0032.invalid,https://site-0032.invalid,Completed,,1.0,L1,20260311T021938Z,2026-03-11T02:20:03Z,,en-US,Chromium,Yes,No,None,,Unknown,,No,,,,No,No,No,,,,,,,,,,No,,,,,,,,,,,,,,,,,CookiesConsentDataset/evidence_json/ACLDP_0032.json
ACLDP_0033,site-0033.invalid,https://site-0033.invalid,Completed,,1.0,L1,20260311T021938Z,2026-03-11T02:20:07Z,,en-US,Chromium,Yes,No,None,,Unknown,,No,,,,No,No,No,,,,,,,,,,No,,,,,,,,,,,,,,,,,CookiesConsentDataset/evidence_json/ACLDP_0033.json
ACLDP_0034,site-0034.invalid,https://site-0034.invalid,Completed,,1.0,L1,20260311T021938Z,2026-03-11T02:20:10Z,,en-US,Chromium,Yes,No,None,,OneTrust,HTML match: /onetrust/,No,,,,No,No,No,,,,,,,,,,No,,,,,,,,,,,,,,,,,CookiesConsentDataset/evidence_json/ACLDP_0034.json
ACLDP_0035,site-0035.invalid,https://site-0035.invalid,Failed,"Navigation error: Page.goto: net::ERR_CONNECTION_REFUSED at https://site-0035.invalid/
Call log:
  - navigating to ""https://site-0035.invalid/"", waiting until ""domcontentloaded""
",2.0,L1,20260311T021938Z,2026-03-11T02:20:14Z,,en-US,Chromium,Yes,No,None,,,,,,,,No,No,No,,,,,,,,,,No,,,,,,,,,,,,,,,,,CookiesConsentDataset/evidence_json/ACLDP_0035.json
ACLDP_0036,site-0036.invalid,https://site-0036.invalid,Failed,"Navigation error: Page.goto: Navigation to ""https://site-0036.invalid/"" is interrupted by another navigation to ""chrome-error://chromewebdata/""
Call log:
  - navigating to ""https://site-0036.invalid/"", waiting until ""domcontentloaded""
",2.0,L1,20260311T021938Z,2026-03-11T02:20:14Z,,en-US,Chromium,Yes,No,None,,,,,,,,No,No,No,,,,,,,,,,No,,,,,,,,,,,,,,,,,CookiesConsentDataset/evidence_json/ACLDP_0036.json
ACLDP_0037,site-0037.invalid,https://site-0037.invalid,Failed,"Navigation error: Page.goto: net::ERR_NAME_NOT_RESOLVED at https://site-0037.invalid/
Call log:
  - navigating to ""https://site-0037.invalid/"", waiting until ""domcontentloaded""
",2.0,L1,20260311T021938Z,2026-03-11T02:20:15Z,,en-US,Chromium,Yes,No,None,,,,,,,,No,No,No,,,,,,,,,,No,,,,,,,,,,,,,,,,,CookiesConsentDataset/evidence_json/ACLDP_0037.json
ACLDP_0038,site-0038.invalid,https://site-0038.invalid,Failed,"Navigation error: Page.goto: Navigation to ""https://site-0038.invalid/"" is interrupted by another navigation to ""chrome-error://chromewebdata/""
Call log:
  - navigating to ""https://site-0038.invalid/"", waiting until ""domcontentloaded""
",2.0,L1,20260311T021938Z,2026-03-11T02:20:15Z,,en-US,Chromium,Yes,No,None,,,,,,,,No,No,No,,,,,,,,,,No,,,,,,,,,,,,,,,,,CookiesConsentDataset/evidence_json/ACLDP_0038.json
ACLDP_0039,site-0039.invalid,https://site-0039.invalid,Failed,"Navigation error: Page.goto: Navigation to ""https://site-0039.invalid/"" is interrupted by another navigation to ""https://www.site-0055.invalid/""
Call log:
  - navigating to ""https://site-0039.invalid/"", waiting until ""domcontentloaded""
",2.0,L1,20260311T021938Z,2026-03-11T02:20:16Z,,en-US,Chromium,Yes,No,None,,,,,,,,No,No,No,,,,,,,,,,No,,,,,,,,,,,,,,,,,CookiesConsentDataset/evidence_json/ACLDP_0039.json
ACLDP_0040,site-0040.invalid,https://site-0040.invalid,Failed,"Navigation error: Page.goto: Navigation to ""https://site-0040.invalid/"" is interrupted by another navigation to ""https://site-0039.invalid/""
Call log:
  - navigating to ""https://site-0040.invalid/"", waiting until ""domcontentloaded""
",2.0,L1,20260311T021938Z,2026-03-11T02:20:16Z,,en-US,Chromium,Yes,No,None,,,,,,,,No,No,No,,,,,,,,,,No,,,,,,,,,,,,,,,,,CookiesConsentDataset/evidence_json/ACLDP_0040.json
ACLDP_0041,site-0041.invalid,https://site-0041.invalid,Failed,"Navigation error: Page.goto: net::ERR_NAME_NOT_RESOLVED at https://site-0041.invalid/
Call log:
  - navigating to ""https://site-0041.invalid/"", waiting until ""domcontentloaded""
",2.0,L1,20260311T021938Z,2026-03-11T02:20:17Z,,en-US,Chromium,Yes,No,None,,,,,,,,No,No,No,,,,,,,,,,No,,,,,,,,,,,,,,,,,CookiesConsentDataset/evidence_json/ACLDP_0041.json
ACLDP_0042,site-0042.invalid,https://site-0042.invalid,Failed,"Navigation error: Page.goto: net::ERR_NAME_NOT_RESOLVED at https://site-0042.invalid/
Call log:
  - navigating to ""https://site-0042.invalid/"", waiting until ""domcontentloaded""
",2.0,L1,20260311T021938Z,2026-03-11T02:20:17Z,,en-US,Chromium,Yes,No,None,,,,,,,,No,No,No,,,,,,,,,,No,,,,,,,,,,,,,,,,,CookiesConsentDataset/evidence_json/ACLDP_0042.json
ACLDP_0043,site-0043.invalid,https://site-0043.invalid,Completed,,0.0,L1,20260311T011550Z,2026-03-11T01:16:48Z,,en-US,Chromium,Yes,No,None,,Unknown,,No,,,,No,No,No,,,,,,,,,,No,,,,,,,,,,,,,,,,,CookiesConsentDataset/evidence_json/ACLDP_0043.json
ACLDP_0044,site-0044.invalid,https://site-0044.invalid,Completed,,0.0,L1,20260311T011550Z,2026-03-11T01:16:51Z,,en-US,Chromium,Yes,No,None,,Unknown,,No,,,,No,No,No,,,,,,,,,,No,,,,,,,,,,,,,,,,,CookiesConsentDataset/evidence_json/ACLDP_0044.json
ACLDP_0045,site-0045.invalid,https://site-0045.invalid,Completed,,0.0,L1,20260311T011550Z,2026-03-11T01:16:55Z,,en-US,Chromium,Yes,No,None,,Unknown,,No,,,,No,No,No,,,,,,,,,,No,,,,,,,,,,,,,,,,,CookiesConsentDataset/evidence_json/ACLDP_0045.json
ACLDP_0046,site-0046.invalid,https://site-0046.invalid,Completed,,0.0,L1,20260311T011550Z,2026-03-11T01:16:59Z,,en-US,Chromium,Yes,No,None,,Unknown,,Yes,HTML match: /euconsent/,,,No,No,No,,,,,,,,,,No,,,,,,,,,,,,,,,,,CookiesConsentDataset/evidence_json/ACLDP_0046.json
ACLDP_0047,site-0047.invalid,https://site-0047.invalid,Completed,,0.0,L1,20260311T011550Z,2026-03-11T01:17:06Z,,en-US,Chromium,Yes,No,None,,Unknown,,No,,,,No,No,No,,,,,,,,,,No,,,,,,,,,,,,,,,,,CookiesConsentDataset/evidence_json/ACLDP_0047.json
ACLDP_0048,site-0048.invalid,https://site-0048.invalid,Completed,,0.0,L1,20260311T011550Z,2026-03-11T01:17:10Z,,en-US,Chromium,Yes,No,None,,Unknown,,No,,,,No,No,No,,,,,,,,,,No,,,,,,,,,,,,,,,,,CookiesConsentDataset/evidence_json/ACLDP_0048.json
ACLDP_0049,site-0049.invalid,https://site-0049.invalid,Failed,"Navigation error: Page.goto: net::ERR_NAME_NOT_RESOLVED at https://site-0049.invalid/
Call log:
  - navigating to ""https://site-0049.invalid/"", waiting until ""domcontentloaded""
",2.0,L1,20260311T021938Z,2026-03-11T02:20:17Z,,en-US,Chromium,Yes,No,None,,,,,,,,No,No,No,,,,,,,,,,No,,,,,,,,,,,,,,,,,CookiesConsentDataset/evidence_json/ACLDP_0049.json
ACLDP_0050,site-0050.invalid,https://site-0050.invalid,Completed,,1.0,L1,20260311T021938Z,2026-03-11T02:20:17Z,,en-US,Chromium,Yes,No,None,,Unknown,,No,,,,No,No,No,,,,,,,,,,No,,,,,,,,,,,,,,,,,CookiesConsentDataset/evidence_json/ACLDP_0050.json
ACLDP_0051,site-0051.invalid,https://site-0051.invalid,Failed,"Navigation error: Page.goto: net::ERR_NAME_NOT_RESOLVED at https://site-0051.invalid/
Call log:
  - navigating to ""https://site-0051.invalid/"", waiting until ""domcontentloaded""
",2.0,L1,20260311T021938Z,2026-03-11T02:20:21Z,,en-US,Chromium,Yes,No,None,,,,,,,,No,No,No,,,,,,,,,,No,,,,,,,,,,,,,,,,,CookiesConsentDataset/evidence_json/ACLDP_0051.json
ACLDP_0052,site-0052.invalid,https://site-0052.invalid,Failed,"Navigation error: Page.goto: net::ERR_CERT_COMMON_NAME_INVALID at https://site-0052.invalid/
Call log:
  - navigating to ""https://site-0052.invalid/"", waiting until ""domcontentloaded""
",2.0,L1,20260311T021938Z,2026-03-11T02:20:22Z,,en-US,Chromium,Yes,No,None,,,,,,,,No,No,No,,,,,,,,,,No,,,,,,,,,,,,,,,,,CookiesConsentDataset/evidence_json/ACLDP_0052.json
ACLDP_0053,site-0053.invalid,https://site-0053.invalid,Completed,,0.0,L1,20260311T011550Z,2026-03-11T01:17:16Z,,en-US,Chromium,Yes,No,None,,Unknown,,Yes,HTML match: /__tcfapi/,,,No,No,No,,,,,,,,,,No,,,,,,,,,,,,,,,,,CookiesConsentDataset/evidence_json/ACLDP_0053.json
ACLDP_0054,site-0054.invalid,https://site-0054.invalid,Failed,"Navigation error: Page.goto: net::ERR_NAME_NOT_RESOLVED at https://site-0054.invalid/
Call log:
  - navigating to ""https://site-0054.invalid/"", waiting until ""domcontentloaded""
",2.0,L1,20260311T021938Z,2026-03-11T02:20:23Z,,en-US,Chromium,Yes,No,None,,,,,,,,No,No,No,,,,,,,,,,No,,,,,,,,,,,,,,,,,CookiesConsentDataset/evidence_json/ACLDP_0054.json
ACLDP_0055,site-0055.invalid,https://site-0055.invalid,Completed,,1.0,L1,20260311T021938Z,2026-03-11T02:20:23Z,,en-US,Chromium,Yes,No,None,,Unknown,,No,,,,No,No,No,,,,,,,,,,No,,,,,,,,,,,,,,,,,CookiesConsentDataset/evidence_json/ACLDP_0055.json
ACLDP_0056,site-0056.invalid,https://site-0056.invalid,Failed,"Navigation error: Page.goto: net::ERR_NAME_NOT_RESOLVED at https://site-0056.invalid/
Call log:
  - navigating to ""https://site-0056.invalid/"", waiting until ""domcontentloaded""
",2.0,L1,20260311T021938Z,2026-03-11T02:20:26Z,,en-US,Chromium,Yes,No,None,,,,,,,,No,No,No,,,,,,,,,,No,,,,,,,,,,,,,,,,,CookiesConsentDataset/evidence_json/ACLDP_0056.json
ACLDP_0057,site-0057.invalid,https://site-0057.invalid,Failed,"Navigation error: Page.goto: Navigation to ""https://site-0057.invalid/"" is interrupted by another navigation to ""chrome-error://chromewebdata/""
Call log:
  - navigating to ""https://site-0057.invalid/"", waiting until ""domcontentloaded""
",2.0,L1,20260311T021938Z,2026-03-11T02:20:27Z,,en-US,Chromium,Yes,No,None,,,,,,,,No,No,No,,,,,,,,,,No,,,,,,,,,,,,,,,,,CookiesConsentDataset/evidence_json/ACLDP_0057.json
ACLDP_0058,site-0058.invalid,https://site-0058.invalid,Failed,"Navigation error: Page.goto: Navigation to ""https://site-0058.invalid/"" is interrupted by another navigation to ""https://teams.site-0022.invalid/free?source=skype""
Call log:
  - navigating to ""https://site-0058.invalid/"", waiting until ""domcontentloaded""
",2.0,L1,20260311T021938Z,2026-03-11T02:20:28Z,,en-US,Chromium,Yes,No,None,,,,,,,,No,No,No,,,,,,,,,,No,,,,,,,,,,,,,,,,,CookiesConsentDataset/evidence_json/ACLDP_0058.json
ACLDP_0059,site-0059.invalid,https://site-0059.invalid,Failed,"Navigation error: Page.goto: Navigation to ""https://site-0059.invalid/"" is interrupted by another navigation to ""https://site-0058.invalid/""
Call log:
  - navigating to ""https://site-0059.invalid/"", waiting until ""domcontentloaded""
",2.0,L1,20260311T021938Z,2026-03-11T02:20:29Z,,en-US,Chromium,Yes,No,None,,,,,,,,No,No,No,,,,,,,,,,No,,,,,,,,,,,,,,,,,CookiesConsentDataset/evidence_json/ACLDP_0059.json
ACLDP_0060,site-0060.invalid,https://site-0060.invalid,Failed,"Navigation error: Page.goto: Navigation to ""https://site-0060.invalid/"" is interrupted by another navigation to ""https://www.site-0001.invalid/""
Call log:
  - navigating to ""https://site-0060.invalid/"", waiting until ""domcontentloaded""
",2.0,L1,20260311T021938Z,2026-03-11T02:20:30Z,,en-US,Chromium,Yes,No,None,,,,,,,,No,No,No,,,,,,,,,,No,,,,,,,,,,,,,,,,,CookiesConsentDataset/evidence_json/ACLDP_0060.json
ACLDP_0061,site-0061.invalid,https://site-0061.invalid,Failed,"Navigation error: Page.goto: Navigation to ""https://site-0061.invalid/"" is interrupted by another navigation to ""https://site-0060.invalid/""
Call log:
  - navigating to ""https://site-0061.invalid/"", waiting until ""domcontentloaded""
",2.0,L1,20260311T021938Z,2026-03-11T02:20:30Z,,en-US,Chromium,Yes,No,None,,,,,,,,No,No,No,,,,,,,,,,No,,,,,,,,,,,,,,,,,CookiesConsentDataset/evidence_json/ACLDP_0061.json
ACLDP_0062,site-0062.invalid,https://site-0062.invalid,Failed,"Navigation error: Page.goto: Navigation to ""https://site-0062.invalid/"" is interrupted by another navigation to ""https://www.site-0061.invalid/ar-sa""
Call log:
  - navigating to ""https://site-0062.invalid/"", waiting until ""domcontentloaded""
",2.0,L1,20260311T021938Z,2026-03-11T02:20:31Z,,en-US,Chromium,Yes,No,None,,,,,,,,No,No,No,,,,,,,,,,No,,,,,,,,,,,,,,,,,CookiesConsentDataset/evidence_json/ACLDP_0062.json
ACLDP_0063,site-0063.invalid,https://site-0063.invalid,Failed,"Navigation error: Page.goto: Navigation to ""https://site-0063.invalid/"" is interrupted by another navigation to ""https://open.site-0062.invalid/""
Call log:
  - navigating to ""https://site-0063.invalid/"", waiting until ""domcontentloaded""
",2.0,L1,20260311T021938Z,2026-03-11T02:20:33Z,,en-US,Chromium,Yes,No,None,,,,,,,,No,No,No,,,,,,,,,,No,,,,,,,,,,,,,,,,,CookiesConsentDataset/evidence_json/ACLDP_0063.json
ACLDP_0064,site-0064.invalid,https://site-0064.invalid,Failed,Navigation timeout,2.0,L1,20260311T021938Z,2026-03-11T02:20:33Z,,en-US,Chromium,Yes,No,None,,,,,,,,No,No,No,,,,,,,,,,No,,,,,,,,,,,,,,,,,CookiesConsentDataset/evidence_json/ACLDP_0064.json
ACLDP_0065,site-0065.invalid,https://site-0065.invalid,Failed,"Navigation error: Page.goto: net::ERR_NAME_NOT_RESOLVED at https://site-0065.invalid/
Call log:
  - navigating to ""https://site-0065.invalid/"", waiting until ""domcontentloaded""
",2.0,L1,20260311T021938Z,2026-03-11T02:21:18Z,,en-US,Chromium,Yes,No,None,,,,,,,,No,No,No,,,,,,,,,,No,,,,,,,,,,,,,,,,,CookiesConsentDataset/evidence_json/ACLDP_0065.json
ACLDP_0066,site-0066.invalid,https://site-0066.invalid,Failed,"Navigation error: Page.goto: Navigation to ""https://site-0066.invalid/"" is interrupted by another navigation to ""chrome-error://chromewebdata/""
Call log:
  - navigating to ""https://site-0066.invalid/"", waiting until ""domcontentloaded""
",2.0,L1,20260311T021938Z,2026-03-11T02:21:19Z,,en-US,Chromium,Yes,No,None,,,,,,,,No,No,No,,,,,,,,,,No,,,,,,,,,,,,,,,,,CookiesConsentDataset/evidence_json/ACLDP_0066.json
ACLDP_0067,site-0067.invalid,https://site-0067.invalid,Failed,"Navigation error: Page.goto: Navigation to ""https://site-0067.invalid/"" is interrupted by another navigation to ""https://www.site-0066.invalid/""
Call log:
  - navigating to ""https://site-0067.invalid/"", waiting until ""domcontentloaded""
",2.0,L1,20260311T021938Z,2026-03-11T02:21:20Z,,en-US,Chromium,Yes,No,None,,,,,,,,No,No,No,,,,,,,,,,No,,,,,,,,,,,,,,,,,CookiesConsentDataset/evidence_json/ACLDP_0067.json
ACLDP_0068,site-0068.invalid,https://site-0068.invalid,Completed,,1.0,L1,20260311T031146Z,2026-03-11T03:11:47Z,,en-US,Chromium,Yes,No,None,,Unknown,,No,,,,No,No,No,,,,,,,,,,No,,,,,,,,,,,,,,,,,CookiesConsentDataset/evidence_json/ACLDP_0068.json
ACLDP_0069,site-0069.invalid,https://site-0069.invalid,Failed,"Navigation error: Page.goto: net::ERR_HTTP2_PROTOCOL_ERROR at https://site-0069.invalid/
Call log:
  - navigating to ""https://site-0069.invalid/"", waiting until ""domcontentloaded""",2.0,L1,20260311T031146Z,2026-03-11T03:11:51Z,,en-US,Chromium,Yes,No,None,,,,,,,,No,No,No,,,,,,,,,,No,,,,,,,,,,,,,,,,,CookiesConsentDataset/evidence_json/ACLDP_0069.json
ACLDP_0070,site-0070.invalid,https://site-0070.invalid,Failed,"Navigation error: Page.goto: net::ERR_NAME_NOT_RESOLVED at https://site-0070.invalid/
Call log:
  - navigating to ""https://site-0070.invalid/"", waiting until ""domcontentloaded""
",2.0,L1,20260311T031146Z,2026-03-11T03:11:51Z,,en-US,Chromium,Yes,No,None,,,,,,,,No,No,No,,,,,,,,,,No,,,,,,,,,,,,,,,,,CookiesConsentDataset/evidence_json/ACLDP_0070.json
ACLDP_0071,site-0071.invalid,https://site-0071.invalid,Completed,,0.0,L1,20260311T011723Z,2026-03-11T01:18:18Z,,en-US,Chromium,Yes,No,None,,Unknown,,No,,,,No,No,No,,,,,,,,,,No,,,,,,,,,,,,,,,,,CookiesConsentDataset/evidence_json/ACLDP_0071.json
ACLDP_0072,site-0072.invalid,https://site-0072.invalid,Failed,"Navigation error: Page.goto: net::ERR_NAME_NOT_RESOLVED at https://site-0072.invalid/
Call log:
  - navigating to ""https://site-0072.invalid/"", waiting until ""domcontentloaded""",2.0,L1,20260311T031146Z,2026-03-11T03:11:52Z,,en-US,Chromium,Yes,No,None,,,,,,,,No,No,No,,,,,,,,,,No,,,,,,,,,,,,,,,,,CookiesConsentDataset/evidence_json/ACLDP_0072.json
ACLDP_0073,site-0073.invalid,https://site-0073.invalid,Failed,"Navigation error: Page.goto: net::ERR_NAME_NOT_RESOLVED at https://site-0073.invalid/
Call log:
  - navigating to ""https://site-0073.invalid/"", waiting until ""domcontentloaded""",2.0,L1,20260311T031146Z,2026-03-11T03:11:52Z,,en-US,Chromium,Yes,No,None,,,,,,,,No,No,No,,,,,,,,,,No,,,,,,,,,,,,,,,,,CookiesConsentDataset/evidence_json/ACLDP_0073.json
ACLDP_0074,site-0074.invalid,https://site-0074.invalid,Completed,,0.0,L1,20260311T011723Z,2026-03-11T01:18:22Z,,en-US,Chromium,Yes,No,None,,Unknown,,No,,,,No,No,No,,,,,,,,,,No,,,,,,,,,,,,,,,,,CookiesConsentDataset/evidence_json/ACLDP_0074.json
ACLDP_0075,site-0075.invalid,https://site-0075.invalid,Completed,,0.0,L2,20260311T011723Z,2026-03-11T01:18:27Z,,en-US,Chromium,Yes,Yes,Banner,2.0,OneTrust,HTML match: /onetrust/,Yes,HTML match: /tcstring/,"Zoom uses cookies and similar technologies as strictly necessary to make our site work. We and our partners would also like to set additional cookies to analyze your use of our site, to personalize and enhance your visit to our site and to show you more relevant content and advertising. These will be set only if you accept. You can always review and change your cookie preferences through our cooki...",CookiesConsentDataset/screenshots/ACLDP_0075_L1.png,Yes,No,Yes,1.0,2.0,1.0,1.0,1.0,1.0,,,1.0,Yes,"Products AI Solutions Pricing Meet Sign In Sign In Support Support Contact Sales Contact sales Sign Up Free Sign Up Free Beyond friction in collaboration: How AI and human connection move work forward Register now Find out what's possible when work connects Whether you're chatting with teammates or supporting customers, Zoom makes it easier to connect, collaborate, and reach goals — all with built...",CookiesConsentDataset/screenshots/ACLDP_0075_L2.png,13.0,0.0,1275.0,3.0,2.0,13.0,1.0,1.0,Reload,,,,,,CookiesConsentDataset/evidence_json/ACLDP_0075.json
ACLDP_0076,site-0076.invalid,https://site-0076.invalid,Failed,"Navigation error: Page.goto: net::ERR_NAME_NOT_RESOLVED at https://site-0076.invalid/
Call log:
  - navigating to ""https://site-0076.invalid/"", waiting until ""domcontentloaded""
",2.0,L1,20260311T031146Z,2026-03-11T03:11:52Z,,en-US,Chromium,Yes,No,None,,,,,,,,No,No,No,,,,,,,,,,No,,,,,,,,,,,,,,,,,CookiesConsentDataset/evidence_json/ACLDP_0076.json
ACLDP_0077,site-0077.invalid,https://site-0077.invalid,Completed,,1.0,L1,20260311T031146Z,2026-03-11T03:11:52Z,,en-US,Chromium,Yes,No,None,,Unknown,,No,,,,No,No,No,,,,,,,,,,No,,,,,,,,,,,,,,,,,CookiesConsentDataset/evidence_json/ACLDP_0077.json
ACLDP_0078,site-0078.invalid,https://site-0078.invalid,Completed,,1.0,L1,20260311T031146Z,2026-03-11T03:11:55Z,,en-US,Chromium,Yes,No,None,,Unknown,,No,,,,No,No,No,,,,,,,,,,No,,,,,,,,,,,,,,,,,CookiesConsentDataset/evidence_json/ACLDP_0078.json
ACLDP_0079,site-0079.invalid,https://site-0079.invalid,Completed,,1.0,L2,20260311T031146Z,2026-03-11T03:11:59Z,,en-US,Chromium,Yes,Yes,Modal,2.0,Unknown,,No,,"Cookies and similar technologies We use cookies and similar technologies (including ) on our website to save, read out and process information on your device. In doing so, we enhance your experience, analyze site traffic, and show you content and personalized ads that interest you. User profiles are created across websites and devices for this purpose. Our partners use these technologies as well. ...",CookiesConsentDataset/screenshots/ACLDP_0079_L1.png,Yes,No,Yes,1.0,2.0,1.0,1.0,1.0,1.0,,,1.0,Yes,"Nur online bis zum 31.03. Jetzt zum Internet-Testsieger wechseln! Frühlingsaktion: Zu Hause mit bis zu 100 MBit/s surfen für nur ⌀ 27,41 € mtl. Zum Angebot Zum Angebot: Festnetz-Tarife der Telekom Mobilfunk, Internet, TV und mehr – alle Telekom Angebote entdecken Mobilfunk Bereich Internet & Glasfaser Bereich TV Bereich Für unsere Kunden Bereich Ihre Telekom Welt in einer App Von Highlights bis Se...",CookiesConsentDataset/screenshots/ACLDP_0079_L2.png,0.0,0.0,869.0,3.0,3.0,0.0,0.0,1.0,Reload,,,,,,CookiesConsentDataset/evidence_json/ACLDP_0079.json
ACLDP_0080,site-0080.invalid,https://site-0080.invalid,Failed,"Navigation error: Page.goto: net::ERR_NAME_NOT_RESOLVED at https://site-0080.invalid/
Call log:
  - navigating to ""https://site-0080.invalid/"", waiting until ""domcontentloaded""
",2.0,L1,20260311T031146Z,2026-03-11T03:12:10Z,,en-US,Chromium,Yes,No,None,,,,,,,,No,No,No,,,,,,,,,,No,,,,,,,,,,,,,,,,,CookiesConsentDataset/evidence_json/ACLDP_0080.json
ACLDP_0081,site-0081.invalid,https://site-0081.invalid,Failed,"Navigation error: Page.goto: Navigation to ""https://site-0081.invalid/"" is interrupted by another navigation to ""chrome-error://chromewebdata/""
Call log:
  - navigating to ""https://site-0081.invalid/"", waiting until ""domcontentloaded""
",2.0,L1,20260311T031146Z,2026-03-11T03:12:10Z,,en-US,Chromium,Yes,No,None,,,,,,,,No,No,No,,,,,,,,,,No,,,,,,,,,,,,,,,,,CookiesConsentDataset/evidence_json/ACLDP_0081.json
ACLDP_0082,site-0082.invalid,https://site-0082.invalid,Failed,"Navigation error: Page.goto: Navigation to ""https://site-0082.invalid/"" is interrupted by another navigation to ""https://domains.google/""
Call log:
  - navigating to ""https://site-0082.invalid/"", waiting until ""domcontentloaded""
",2.0,L1,20260311T031146Z,2026-03-11T03:12:11Z,,en-US,Chromium,Yes,No,None,,,,,,,,No,No,No,,,,,,,,,,No,,,,,,,,,,,,,,,,,CookiesConsentDataset/evidence_json/ACLDP_0082.json
ACLDP_0083,site-0083.invalid,https://site-0083.invalid,Failed,"Navigation error: Page.goto: Navigation to ""https://site-0083.invalid/"" is interrupted by another navigation to ""https://www.site-0082.invalid/devices/""
Call log:
  - navigating to ""https://site-0083.invalid/"", waiting until ""domcontentloaded""
",2.0,L1,20260311T031146Z,2026-03-11T03:12:12Z,,en-US,Chromium,Yes,No,None,,,,,,,,No,No,No,,,,,,,,,,No,,,,,,,,,,,,,,,,,CookiesConsentDataset/evidence_json/ACLDP_0083.json
ACLDP_0084,site-0084.invalid,https://site-0084.invalid,Failed,"Navigation error: Page.goto: Navigation to ""https://site-0084.invalid/"" is interrupted by another navigation to ""https://sso.passport.site-0091.invalid/push?retpath=https%3A%2F%2Fsite-0527.invalid%2F%3Fnr%3D1%26redirect_ts%3D1773198733.00000&uuid=99cef667-71bc-441b-9ca3-1ad1865f78f9""
Call log:
  - navigating to ""https://site-0084.invalid/"", waiting until ""domcontentloaded""",2.0,L1,20260311T031146Z,2026-03-11T03:12:15Z,,en-US,Chromium,Yes,No,None,,,,,,,,No,No,No,,,,,,,,,,No,,,,,,,,,,,,,,,,,CookiesConsentDataset/evidence_json/ACLDP_0084.json
ACLDP_0085,site-0085.invalid,https://site-0085.invalid,Failed,"Navigation error: Page.goto: Navigation to ""https://site-0085.invalid/"" is interrupted by another navigation to ""https://site-0084.invalid/""
Call log:
  - navigating to ""https://site-0085.invalid/"", waiting until ""domcontentloaded""
",2.0,L1,20260311T031146Z,2026-03-11T03:12:15Z,,en-US,Chromium,Yes,No,None,,,,,,,,No,No,No,,,,,,,,,,No,,,,,,,,,,,,,,,,,CookiesConsentDataset/evidence_json/ACLDP_0085.json
ACLDP_0086,site-0086.invalid,https://site-0086.invalid,Failed,"Navigation error: Page.goto: Navigation to ""https://site-0086.invalid/"" is interrupted by another navigation to ""https://www.site-0085.invalid/""
Call log:
  - navigating to ""https://site-0086.invalid/"", waiting until ""domcontentloaded""
",2.0,L1,20260311T031146Z,2026-03-11T03:12:16Z,,en-US,Chromium,Yes,No,None,,,,,,,,No,No,No,,,,,,,,,,No,,,,,,,,,,,,,,,,,CookiesConsentDataset/evidence_json/ACLDP_0086.json
ACLDP_0087,site-0087.invalid,https://site-0087.invalid,Failed,"Navigation error: Page.goto: Navigation to ""https://site-0087.invalid/"" is interrupted by another navigation to ""https://www.site-0086.invalid/""
Call log:
  - navigating to ""https://site-0087.invalid/"", waiting until ""domcontentloaded""
",2.0,L1,20260311T031146Z,2026-03-11T03:12:18Z,,en-US,Chromium,Yes,No,None,,,,,,,,No,No,No,,,,,,,,,,No,,,,,,,,,,,,,,,,,CookiesConsentDataset/evidence_json/ACLDP_0087.json
ACLDP_0088,site-0088.invalid,https://site-0088.invalid,Failed,"Navigation error: Page.goto: Navigation to ""https://site-0088.invalid/"" is interrupted by another navigation to ""https://www.site-0087.invalid/sa_en/""
Call log:
  - navigating to ""https://site-0088.invalid/"", waiting until ""domcontentloaded""
",2.0,L1,20260311T031146Z,2026-03-11T03:12:20Z,,en-US,Chromium,Yes,No,None,,,,,,,,No,No,No,,,,,,,,,,No,,,,,,,,,,,,,,,,,CookiesConsentDataset/evidence_json/ACLDP_0088.json
ACLDP_0089,site-0089.invalid,https://site-0089.invalid,Failed,"Navigation error: Page.goto: Navigation to ""https://site-0089.invalid/"" is interrupted by another navigation to ""https://site-0143.invalid.site-0143.invalid/dns/""
Call log:
  - navigating to ""https://site-0089.invalid/"", waiting until ""domcontentloaded""
",2.0,L1,20260311T031146Z,2026-03-11T03:12:20Z,,en-US,Chromium,Yes,No,None,,,,,,,,No,No,No,,,,,,,,,,No,,,,,,,,,,,,,,,,,CookiesConsentDataset/evidence_json/ACLDP_0089.json
ACLDP_0090,site-0090.invalid,https://site-0090.invalid,Failed,"Navigation error: Page.goto: Navigation to ""https://site-0090.invalid/"" is interrupted by another navigation to ""https://site-0089.invalid/""
Call log:
  - navigating to ""https://site-0090.invalid/"", waiting until ""domcontentloaded""
",2.0,L1,20260311T031146Z,2026-03-11T03:12:22Z,,en-US,Chromium,Yes,No,None,,,,,,,,No,No,No,,,,,,,,,,No,,,,,,,,,,,,,,,,,CookiesConsentDataset/evidence_json/ACLDP_0090.json
ACLDP_0091,site-0091.invalid,https://site-0091.invalid,Failed,"Navigation error: Page.goto: Navigation to ""https://site-0091.invalid/"" is interrupted by another navigation to ""https://www.site-0090.invalid/""
Call log:
  - navigating to ""https://site-0091.invalid/"", waiting until ""domcontentloaded""
",2.0,L1,20260311T031146Z,2026-03-11T03:12:23Z,,en-US,Chromium,Yes,No,None,,,,,,,,No,No,No,,,,,,,,,,No,,,,,,,,,,,,,,,,,CookiesConsentDataset/evidence_json/ACLDP_0091.json
ACLDP_0092,site-0092.invalid,https://site-0092.invalid,Failed,"Navigation error: Page.goto: Navigation to ""https://site-0092.invalid/"" is interrupted by another navigation to ""https://sso.passport.site-0091.invalid/push?uuid=1ac58082-83ae-4720-a56f-69b8255fe56a&retpath=https%3A%2F%2Fsite-0014.invalid%2F%3Fyredirect%3Dtrue%26is_autologin_ya%3Dtrue""
Call log:
  - navigating to ""https://site-0092.invalid/"", waiting until ""domcontentloaded""",2.0,L1,20260311T031146Z,2026-03-11T03:12:24Z,,en-US,Chromium,Yes,No,None,,,,,,,,No,No,No,,,,,,,,,,No,,,,,,,,,,,,,,,,,CookiesConsentDataset/evidence_json/ACLDP_0092.json
ACLDP_0093,site-0093.invalid,https://site-0093.invalid,Failed,"Navigation error: Page.goto: Navigation to ""https://site-0093.invalid/"" is interrupted by another navigation to ""https://bitly.com/""
Call log:
  - navigating to ""https://site-0093.invalid/"", waiting until ""domcontentloaded""
",2.0,L1,20260311T031146Z,2026-03-11T03:12:25Z,,en-US,Chromium,Yes,No,None,,,,,,,,No,No,No,,,,,,,,,,No,,,,,,,,,,,,,,,,,CookiesConsentDataset/evidence_json/ACLDP_0093.json
ACLDP_0094,site-0094.invalid,https://site-0094.invalid,Failed,"Navigation error: Page.goto: Navigation to ""https://site-0094.invalid/"" is interrupted by another navigation to ""https://site-0093.invalid/""
Call log:
  - navigating to ""https://site-0094.invalid/"", waiting until ""domcontentloaded""
",2.0,L1,20260311T031146Z,2026-03-11T03:12:25Z,,en-US,Chromium,Yes,No,None,,,,,,,,No,No,No,,,,,,,,,,No,,,,,,,,,,,,,,,,,CookiesConsentDataset/evidence_json/ACLDP_0094.json
ACLDP_0095,site-0095.invalid,https://site-0095.invalid,Failed,"Navigation error: Page.goto: Navigation to ""https://site-0095.invalid/"" is interrupted by another navigation to ""https://site-0094.invalid/""
Call log:
  - navigating to ""https://site-0095.invalid/"", waiting until ""domcontentloaded""
",2.0,L1,20260311T031146Z,2026-03-11T03:12:26Z,,en-US,Chromium,Yes,No,None,,,,,,,,No,No,No,,,,,,,,,,No,,,,,,,,,,,,,,,,,CookiesConsentDataset/evidence_json/ACLDP_0095.json
ACLDP_0096,site-0096.invalid,https://site-0096.invalid,Failed,"Navigation error: Page.goto: Navigation to ""https://site-0096.invalid/"" is interrupted by another navigation to ""https://marketingplatform.site-0001.invalid/about/analytics/""
Call log:
  - navigating to ""https://site-0096.invalid/"", waiting until ""domcontentloaded""
",2.0,L1,20260311T031146Z,2026-03-11T03:12:27Z,,en-US,Chromium,Yes,No,None,,,,,,,,No,No,No,,,,,,,,,,No,,,,,,,,,,,,,,,,,CookiesConsentDataset/evidence_json/ACLDP_0096.json
ACLDP_0097,site-0097.invalid,https://site-0097.invalid,Failed,"Navigation error: Page.goto: Navigation to ""https://site-0097.invalid/"" is interrupted by another navigation to ""https://www.site-0141.invalid/products/nginx""
Call log:
  - navigating to ""https://site-0097.invalid/"", waiting until ""domcontentloaded""",2.0,L1,20260311T031146Z,2026-03-11T03:12:30Z,,en-US,Chromium,Yes,No,None,,,,,,,,No,No,No,,,,,,,,,,No,,,,,,,,,,,,,,,,,CookiesConsentDataset/evidence_json/ACLDP_0097.json
ACLDP_0098,site-0098.invalid,https://site-0098.invalid,Failed,"Navigation error: Page.goto: net::ERR_NAME_NOT_RESOLVED at https://site-0098.invalid/
Call log:
  - navigating to ""https://site-0098.invalid/"", waiting until ""domcontentloaded""
",2.0,L1,20260311T031146Z,2026-03-11T03:12:31Z,,en-US,Chromium,Yes,No,None,,,,,,,,No,No,No,,,,,,,,,,No,,,,,,,,,,,,,,,,,CookiesConsentDataset/evidence_json/ACLDP_0098.json
ACLDP_0099,site-0099.invalid,https://site-0099.invalid,Failed,"Navigation error: Page.goto: Navigation to ""https://site-0099.invalid/"" is interrupted by another navigation to ""chrome-error://chromewebdata/""
Call log:
  - navigating to ""https://site-0099.invalid/"", waiting until ""domcontentloaded""
",2.0,L1,20260311T031146Z,2026-03-11T03:12:31Z,,en-US,Chromium,Yes,No,None,,,,,,,,No,No,No,,,,,,,,,,No,,,,,,,,,,,,,,,,,CookiesConsentDataset/evidence_json/ACLDP_0099.json
ACLDP_0100,site-0100.invalid,https://site-0100.invalid,Failed,"Navigation error: Page.goto: Navigation to ""https://site-0100.invalid/"" is interrupted by another navigation to ""https://www.site-0099.invalid/en-US/""
Call log:
  - navigating to ""https://site-0100.invalid/"", waiting until ""domcontentloaded""
",2.0,L1,20260311T031146Z,2026-03-11T03:12:33Z,,en-US,Chromium,Yes,No,None,,,,,,,,No,No,No,,,,,,,,,,No,,,,,,,,,,,,,,,,,CookiesConsentDataset/evidence_json/ACLDP_0100.json
ACLDP_0101,site-0101.invalid,https://site-0101.invalid,Failed,"Navigation error: Page.goto: Navigation to ""https://site-0101.invalid/"" is interrupted by another navigation to ""https://site-0100.invalid/""
Call log:
  - navigating to ""https://site-0101.invalid/"", waiting until ""domcontentloaded""
",2.0,L1,20260311T031146Z,2026-03-11T03:12:33Z,,en-US,Chromium,Yes,No,None,,,,,,,,No,No,No,,,,,,,,,,No,,,,,,,,,,,,,,,,,CookiesConsentDataset/evidence_json/ACLDP_0101.json
ACLDP_0102,site-0102.invalid,https://site-0102.invalid,Failed,"Navigation error: Page.goto: Navigation to ""https://site-0102.invalid/"" is interrupted by another navigation to ""https://site-0101.invalid/welcome/""
Call log:
  - navigating to ""https://site-0102.invalid/"", waiting until ""domcontentloaded""
",2.0,L1,20260311T031146Z,2026-03-11T03:12:34Z,,en-US,Chromium,Yes,No,None,,,,,,,,No,No,No,,,,,,,,,,No,,,,,,,,,,,,,,,,,CookiesConsentDataset/evidence_json/ACLDP_0102.json
ACLDP_0103,site-0103.invalid,https://site-0103.invalid,Failed,"Navigation error: Page.goto: net::ERR_NAME_NOT_RESOLVED at https://site-0103.invalid/
Call log:
  - navigating to ""https://site-0103.invalid/"", waiting until ""domcontentloaded""
",2.0,L1,20260311T031146Z,2026-03-11T03:12:37Z,,en-US,Chromium,Yes,No,None,,,,,,,,No,No,No,,,,,,,,,,No,,,,,,,,,,,,,,,,,CookiesConsentDataset/evidence_json/ACLDP_0103.json
ACLDP_0104,site-0104.invalid,https://site-0104.invalid,Failed,"Navigation error: Page.goto: net::ERR_NAME_NOT_RESOLVED at https://site-0104.invalid/
Call log:
  - navigating to ""https://site-0104.invalid/"", waiting until ""domcontentloaded""
",2.0,L1,20260311T031146Z,2026-03-11T03:12:37Z,,en-US,Chromium,Yes,No,None,,,,,,,,No,No,No,,,,,,,,,,No,,,,,,,,,,,,,,,,,CookiesConsentDataset/evidence_json/ACLDP_0104.json
ACLDP_0105,site-0105.invalid,https://site-0105.invalid,Failed,"Navigation error: Page.goto: net::ERR_NAME_NOT_RESOLVED at https://site-0105.invalid/
Call log:
  - navigating to ""https://site-0105.invalid/"", waiting until ""domcontentloaded""",2.0,L1,20260311T031146Z,2026-03-11T03:12:37Z,,en-US,Chromium,Yes,No,None,,,,,,,,No,No,No,,,,,,,,,,No,,,,,,,,,,,,,,,,,CookiesConsentDataset/evidence_json/ACLDP_0105.json
ACLDP_0106,site-0106.invalid,https://site-0106.invalid,Completed,,0.0,L1,20260311T011904Z,2026-03-11T01:19:05Z,,en-US,Chromium,Yes,No,None,,Unknown,,No,,,,No,No,No,,,,,,,,,,No,,,,,,,,,,,,,,,,,CookiesConsentDataset/evidence_json/ACLDP_0106.json
ACLDP_0107,site-0107.invalid,https://site-0107.invalid,Completed,,0.0,L1,20260311T011904Z,2026-03-11T01:19:09Z,,en-US,Chromium,Yes,No,None,,Unknown,,No,,,,No,No,No,,,,,,,,,,No,,,,,,,,,,,,,,,,,CookiesConsentDataset/evidence_json/ACLDP_0107.json
ACLDP_0108,site-0108.invalid,https://site-0108.invalid,Completed,,0.0,L1,20260311T011904Z,2026-03-11T01:19:12Z,,en-US,Chromium,Yes,No,None,,Unknown,,No,,,,No,No,No,,,,,,,,,,No,,,,,,,,,,,,,,,,,CookiesConsentDataset/evidence_json/ACLDP_0108.json
ACLDP_0109,site-0109.invalid,https://site-0109.invalid,Failed,"Navigation error: Page.goto: net::ERR_NAME_NOT_RESOLVED at https://site-0109.invalid/
Call log:
  - navigating to ""https://site-0109.invalid/"", waiting until ""domcontentloaded""
",2.0,L1,20260311T031146Z,2026-03-11T03:12:38Z,,en-US,Chromium,Yes,No,None,,,,,,,,No,No,No,,,,,,,,,,No,,,,,,,,,,,,,,,,,CookiesConsentDataset/evidence_json/ACLDP_0109.json
ACLDP_0110,site-0110.invalid,https://site-0110.invalid,Completed,,1.0,L1,20260311T031146Z,2026-03-11T03:12:38Z,,en-US,Chromium,Yes,No,None,,Unknown,,No,,,,No,No,No,,,,,,,,,,No,,,,,,,,,,,,,,,,,CookiesConsentDataset/evidence_json/ACLDP_0110.json
ACLDP_0111,site-0111.invalid,https://site-0111.invalid,Completed,,1.0,L1,20260311T031146Z,2026-03-11T03:12:42Z,,en-US,Chromium,Yes,No,None,,Unknown,,No,,,,No,No,No,,,,,,,,,,No,,,,,,,,,,,,,,,,,CookiesConsentDataset/evidence_json/ACLDP_0111.json
ACLDP_0112,site-0112.invalid,https://site-0112.invalid,Completed,,1.0,L1,20260311T031146Z,2026-03-11T03:12:45Z,,en-US,Chromium,Yes,No,None,,Unknown,,No,,,,No,No,No,,,,,,,,,,No,,,,,,,,,,,,,,,,,CookiesConsentDataset/evidence_json/ACLDP_0112.json
ACLDP_0113,site-0113.invalid,https://site-0113.invalid,Completed,,1.0,L1,20260311T031146Z,2026-03-11T03:12:48Z,,en-US,Chromium,Yes,No,None,,Unknown,,No,,,,No,No,No,,,,,,,,,,No,,,,,,,,,,,,,,,,,CookiesConsentDataset/evidence_json/ACLDP_0113.json
ACLDP_0114,site-0114.invalid,https://site-0114.invalid,Completed,,1.0,L1,20260311T031146Z,2026-03-11T03:12:53Z,,en-US,Chromium,Yes,No,None,,Unknown,,No,,,,No,No,No,,,,,,,,,,No,,,,,,,,,,,,,,,,,CookiesConsentDataset/evidence_json/ACLDP_0114.json
ACLDP_0115,site-0115.invalid,https://site-0115.invalid,Failed,"Navigation error: Page.goto: net::ERR_CONNECTION_RESET at https://site-0115.invalid/
Call log:
  - navigating to ""https://site-0115.invalid/"", waiting until ""domcontentloaded""
",2.0,L1,20260311T031146Z,2026-03-11T03:12:58Z,,en-US,Chromium,Yes,No,None,,,,,,,,No,No,No,,,,,,,,,,No,,,,,,,,,,,,,,,,,CookiesConsentDataset/evidence_json/ACLDP_0115.json
ACLDP_0116,site-0116.invalid,https://site-0116.invalid,Failed,"Navigation error: Page.goto: Navigation to ""https://site-0116.invalid/"" is interrupted by another navigation to ""chrome-error://chromewebdata/""
Call log:
  - navigating to ""https://site-0116.invalid/"", waiting until ""domcontentloaded""
",2.0,L1,20260311T031146Z,2026-03-11T03:12:58Z,,en-US,Chromium,Yes,No,None,,,,,,,,No,No,No,,,,,,,,,,No,,,,,,,,,,,,,,,,,CookiesConsentDataset/evidence_json/ACLDP_0116.json
ACLDP_0117,site-0117.invalid,https://site-0117.invalid,Failed,"Navigation error: Page.goto: Navigation to ""https://site-0117.invalid/"" is interrupted by another navigation to ""https://site-0268.invalid/""
Call log:
  - navigating to ""https://site-0117.invalid/"", waiting until ""domcontentloaded""
",2.0,L1,20260311T031146Z,2026-03-11T03:12:59Z,,en-US,Chromium,Yes,No,None,,,,,,,,No,No,No,,,,,,,,,,No,,,,,,,,,,,,,,,,,CookiesConsentDataset/evidence_json/ACLDP_0117.json
ACLDP_0118,site-0118.invalid,https://site-0118.invalid,Failed,"Navigation error: Page.goto: Navigation to ""https://site-0118.invalid/"" is interrupted by another navigation to ""https://www.site-0117.invalid/""
Call log:
  - navigating to ""https://site-0118.invalid/"", waiting until ""domcontentloaded""
",2.0,L1,20260311T031146Z,2026-03-11T03:12:59Z,,en-US,Chromium,Yes,No,None,,,,,,,,No,No,No,,,,,,,,,,No,,,,,,,,,,,,,,,,,CookiesConsentDataset/evidence_json/ACLDP_0118.json
ACLDP_0119,site-0119.invalid,https://site-0119.invalid,Failed,"Navigation error: Page.goto: net::ERR_NAME_NOT_RESOLVED at https://site-0119.invalid/
Call log:
  - navigating to ""https://site-0119.invalid/"", waiting until ""domcontentloaded""
",2.0,L1,20260311T031146Z,2026-03-11T03:13:00Z,,en-US,Chromium,Yes,No,None,,,,,,,,No,No,No,,,,,,,,,,No,,,,,,,,,,,,,,,,,CookiesConsentDataset/evidence_json/ACLDP_0119.json
ACLDP_0120,site-0120.invalid,https://site-0120.invalid,Failed,"Navigation error: Page.goto: Navigation to ""https://site-0120.invalid/"" is interrupted by another navigation to ""chrome-error://chromewebdata/""
Call log:
  - navigating to ""https://site-0120.invalid/"", waiting until ""domcontentloaded""
",2.0,L1,20260311T031146Z,2026-03-11T03:13:02Z,,en-US,Chromium,Yes,No,None,,,,,,,,No,No,No,,,,,,,,,,No,,,,,,,,,,,,,,,,,CookiesConsentDataset/evidence_json/ACLDP_0120.json
ACLDP_0121,site-0121.invalid,https://site-0121.invalid,Failed,"Navigation error: Page.goto: Navigation to ""https://site-0121.invalid/"" is interrupted by another navigation to ""https://pages.site-0029.invalid/""
Call log:
  - navigating to ""https://site-0121.invalid/"", waiting until ""domcontentloaded""
",2.0,L1,20260311T031146Z,2026-03-11T03:13:03Z,,en-US,Chromium,Yes,No,None,,,,,,,,No,No,No,,,,,,,,,,No,,,,,,,,,,,,,,,,,CookiesConsentDataset/evidence_json/ACLDP_0121.json
ACLDP_0122,site-0122.invalid,https://site-0122.invalid,Failed,"Navigation error: Page.goto: Navigation to ""https://site-0122.invalid/"" is interrupted by another navigation to ""https://site-0121.invalid/""
Call log:
  - navigating to ""https://site-0122.invalid/"", waiting until ""domcontentloaded""
",2.0,L1,20260311T031146Z,2026-03-11T03:13:03Z,,en-US,Chromium,Yes,No,None,,,,,,,,No,No,No,,,,,,,,,,No,,,,,,,,,,,,,,,,,CookiesConsentDataset/evidence_json/ACLDP_0122.json
ACLDP_0123,site-0123.invalid,https://site-0123.invalid,Failed,"Navigation error: Page.goto: Navigation to ""https://site-0123.invalid/"" is interrupted by another navigation to ""https://site-0148.invalid/""
Call log:
  - navigating to ""https://site-0123.invalid/"", waiting until ""domcontentloaded""
",2.0,L1,20260311T031146Z,2026-03-11T03:13:04Z,,en-US,Chromium,Yes,No,None,,,,,,,,No,No,No,,,,,,,,,,No,,,,,,,,,,,,,,,,,CookiesConsentDataset/evidence_json/ACLDP_0123.json
ACLDP_0124,site-0124.invalid,https://site-0124.invalid,Failed,"Navigation error: Page.goto: Navigation to ""https://site-0124.invalid/"" is interrupted by another navigation to ""https://www.site-0803.invalid/offers/nonprimehomepage/ref=dv_web_force_root""
Call log:
  - navigating to ""https://site-0124.invalid/"", waiting until ""domcontentloaded""
",2.0,L1,20260311T031146Z,2026-03-11T03:13:05Z,,en-US,Chromium,Yes,No,None,,,,,,,,No,No,No,,,,,,,,,,No,,,,,,,,,,,,,,,,,CookiesConsentDataset/evidence_json/ACLDP_0124.json
ACLDP_0125,site-0125.invalid,https://site-0125.invalid,Failed,"Navigation error: Page.goto: Navigation to ""https://site-0125.invalid/"" is interrupted by another navigation to ""https://www.site-0124.invalid/""
Call log:
  - navigating to ""https://site-0125.invalid/"", waiting until ""domcontentloaded""
",2.0,L1,20260311T031146Z,2026-03-11T03:13:06Z,,en-US,Chromium,Yes,No,None,,,,,,,,No,No,No,,,,,,,,,,No,,,,,,,,,,,,,,,,,CookiesConsentDataset/evidence_json/ACLDP_0125.json
ACLDP_0126,site-0126.invalid,https://site-0126.invalid,Failed,"Navigation error: Page.goto: net::ERR_NAME_NOT_RESOLVED at https://site-0126.invalid/
Call log:
  - navigating to ""https://site-0126.invalid/"", waiting until ""domcontentloaded""",2.0,L1,20260311T031146Z,2026-03-11T03:13:06Z,,en-US,Chromium,Yes,No,None,,,,,,,,No,No,No,,,,,,,,,,No,,,,,,,,,,,,,,,,,CookiesConsentDataset/evidence_json/ACLDP_0126.json
ACLDP_0127,site-0127.invalid,https://site-0127.invalid,Failed,"Navigation error: Page.goto: Navigation to ""https://site-0127.invalid/"" is interrupted by another navigation to ""chrome-error://chromewebdata/""
Call log:
  - navigating to ""https://site-0127.invalid/"", waiting until ""domcontentloaded""
",2.0,L1,20260311T031146Z,2026-03-11T03:13:06Z,,en-US,Chromium,Yes,No,None,,,,,,,,No,No,No,,,,,,,,,,No,,,,,,,,,,,,,,,,,CookiesConsentDataset/evidence_json/ACLDP_0127.json
ACLDP_0128,site-0128.invalid,https://site-0128.invalid,Failed,"Navigation error: Page.goto: Navigation to ""https://site-0128.invalid/"" is interrupted by another navigation to ""https://site-0127.invalid/""
Call log:
  - navigating to ""https://site-0128.invalid/"", waiting until ""domcontentloaded""
",2.0,L1,20260311T031146Z,2026-03-11T03:13:07Z,,en-US,Chromium,Yes,No,None,,,,,,,,No,No,No,,,,,,,,,,No,,,,,,,,,,,,,,,,,CookiesConsentDataset/evidence_json/ACLDP_0128.json
ACLDP_0129,site-0129.invalid,https://site-0129.invalid,Failed,"Navigation error: Page.goto: net::ERR_NAME_NOT_RESOLVED at https://site-0129.invalid/
Call log:
  - navigating to ""https://site-0129.invalid/"", waiting until ""domcontentloaded""
",2.0,L1,20260311T031146Z,2026-03-11T03:13:07Z,,en-US,Chromium,Yes,No,None,,,,,,,,No,No,No,,,,,,,,,,No,,,,,,,,,,,,,,,,,CookiesConsentDataset/evidence_json/ACLDP_0129.json
ACLDP_0130,site-0130.invalid,https://site-0130.invalid,Failed,"Navigation error: Page.goto: Navigation to ""https://site-0130.invalid/"" is interrupted by another navigation to ""chrome-error://chromewebdata/""
Call log:
  - navigating to ""https://site-0130.invalid/"", waiting until ""domcontentloaded""
",2.0,L1,20260311T031146Z,2026-03-11T03:13:07Z,,en-US,Chromium,Yes,No,None,,,,,,,,No,No,No,,,,,,,,,,No,,,,,,,,,,,,,,,,,CookiesConsentDataset/evidence_json/ACLDP_0130.json
ACLDP_0131,site-0131.invalid,https://site-0131.invalid,Failed,"Navigation error: Page.goto: Navigation to ""https://site-0131.invalid/"" is interrupted by another navigation to ""https://site-0130.invalid/""
Call log:
  - navigating to ""https://site-0131.invalid/"", waiting until ""domcontentloaded""
",2.0,L1,20260311T031146Z,2026-03-11T03:13:08Z,,en-US,Chromium,Yes,No,None,,,,,,,,No,No,No,,,,,,,,,,No,,,,,,,,,,,,,,,,,CookiesConsentDataset/evidence_json/ACLDP_0131.json
ACLDP_0132,site-0132.invalid,https://site-0132.invalid,Failed,"Navigation error: Page.goto: Navigation to ""https://site-0132.invalid/"" is interrupted by another navigation to ""https://www.dropbosite-0060.invalid/""
Call log:
  - navigating to ""https://site-0132.invalid/"", waiting until ""domcontentloaded""
",2.0,L1,20260311T031146Z,2026-03-11T03:13:09Z,,en-US,Chromium,Yes,No,None,,,,,,,,No,No,No,,,,,,,,,,No,,,,,,,,,,,,,,,,,CookiesConsentDataset/evidence_json/ACLDP_0132.json
ACLDP_0133,site-0133.invalid,https://site-0133.invalid,Failed,"Navigation error: Page.goto: Navigation to ""https://site-0133.invalid/"" is interrupted by another navigation to ""https://www.site-0132.invalid/""
Call log:
  - navigating to ""https://site-0133.invalid/"", waiting until ""domcontentloaded""
",2.0,L1,20260311T031146Z,2026-03-11T03:13:10Z,,en-US,Chromium,Yes,No,None,,,,,,,,No,No,No,,,,,,,,,,No,,,,,,,,,,,,,,,,,CookiesConsentDataset/evidence_json/ACLDP_0133.json
ACLDP_0134,site-0134.invalid,https://site-0134.invalid,Failed,"Navigation error: Page.goto: Navigation to ""https://site-0134.invalid/"" is interrupted by another navigation to ""https://site-0133.invalid/""
Call log:
  - navigating to ""https://site-0134.invalid/"", waiting until ""domcontentloaded""
",2.0,L1,20260311T031146Z,2026-03-11T03:13:11Z,,en-US,Chromium,Yes,No,None,,,,,,,,No,No,No,,,,,,,,,,No,,,,,,,,,,,,,,,,,CookiesConsentDataset/evidence_json/ACLDP_0134.json
ACLDP_0135,site-0135.invalid,https://site-0135.invalid,Failed,"Navigation error: Page.goto: net::ERR_NAME_NOT_RESOLVED at https://site-0135.invalid/
Call log:
  - navigating to ""https://site-0135.invalid/"", waiting until ""domcontentloaded""
",2.0,L1,20260311T031146Z,2026-03-11T03:13:13Z,,en-US,Chromium,Yes,No,None,,,,,,,,No,No,No,,,,,,,,,,No,,,,,,,,,,,,,,,,,CookiesConsentDataset/evidence_json/ACLDP_0135.json
ACLDP_0136,site-0136.invalid,https://site-0136.invalid,Failed,"Navigation error: Page.goto: net::ERR_NAME_NOT_RESOLVED at https://site-0136.invalid/
Call log:
  - navigating to ""https://site-0136.invalid/"", waiting until ""domcontentloaded""
",2.0,L1,20260311T031146Z,2026-03-11T03:13:13Z,,en-US,Chromium,Yes,No,None,,,,,,,,No,No,No,,,,,,,,,,No,,,,,,,,,,,,,,,,,CookiesConsentDataset/evidence_json/ACLDP_0136.json
ACLDP_0137,site-0137.invalid,https://site-0137.invalid,Failed,"Navigation error: Page.goto: net::ERR_NAME_NOT_RESOLVED at https://site-0137.invalid/
Call log:
  - navigating to ""https://site-0137.invalid/"", waiting until ""domcontentloaded""
",2.0,L1,20260311T031146Z,2026-03-11T03:13:13Z,,en-US,Chromium,Yes,No,None,,,,,,,,No,No,No,,,,,,,,,,No,,,,,,,,,,,,,,,,,CookiesConsentDataset/evidence_json/ACLDP_0137.json
ACLDP_0138,site-0138.invalid,https://site-0138.invalid,Failed,"Navigation error: Page.goto: net::ERR_NAME_NOT_RESOLVED at https://site-0138.invalid/
Call log:
  - navigating to ""https://site-0138.invalid/"", waiting until ""domcontentloaded""
",2.0,L1,20260311T031146Z,2026-03-11T03:13:13Z,,en-US,Chromium,Yes,No,None,,,,,,,,No,No,No,,,,,,,,,,No,,,,,,,,,,,,,,,,,CookiesConsentDataset/evidence_json/ACLDP_0138.json
ACLDP_0139,site-0139.invalid,https://site-0139.invalid,Failed,"Navigation error: Page.goto: net::ERR_CERT_COMMON_NAME_INVALID at https://site-0139.invalid/
Call log:
  - navigating to ""https://site-0139.invalid/"", waiting until ""domcontentloaded""
",2.0,L1,20260311T031146Z,2026-03-11T03:13:13Z,,en-US,Chromium,Yes,No,None,,,,,,,,No,No,No,,,,,,,,,,No,,,,,,,,,,,,,,,,,CookiesConsentDataset/evidence_json/ACLDP_0139.json
ACLDP_0140,site-0140.invalid,https://site-0140.invalid,Completed,,0.0,L1,20260311T011904Z,2026-03-11T01:19:32Z,,en-US,Chromium,Yes,No,None,,Unknown,,No,,,,No,No,No,,,,,,,,,,No,,,,,,,,,,,,,,,,,CookiesConsentDataset/evidence_json/ACLDP_0140.json
ACLDP_0141,site-0141.invalid,https://site-0141.invalid,Completed,,0.0,L1,20260311T011904Z,2026-03-11T01:19:39Z,,en-US,Chromium,Yes,No,None,,OneTrust,HTML match: /onetrust/,No,,,,No,No,No,,,,,,,,,,No,,,,,,,,,,,,,,,,,CookiesConsentDataset/evidence_json/ACLDP_0141.json
ACLDP_0142,site-0142.invalid,https://site-0142.invalid,Completed,,0.0,L1,20260311T011904Z,2026-03-11T01:19:43Z,,en-US,Chromium,Yes,No,None,,Unknown,,No,,,,No,No,No,,,,,,,,,,No,,,,,,,,,,,,,,,,,CookiesConsentDataset/evidence_json/ACLDP_0142.json
ACLDP_0143,site-0143.invalid,https://site-0143.invalid,Completed,,0.0,L1,20260311T011904Z,2026-03-11T01:19:47Z,,en-US,Chromium,Yes,Yes,Modal,1.0,Cookiebot,HTML match: /cookiebot/,No,,"Your privacy is important to us We use cookies to personalise content and ads, to provide social media features and to analyse our traffic. We also share information about your use of our site with our social media, advertising and analytics partners who may combine it with other information that you’ve provided to them or that they’ve collected from your use of their services. Show details Only n...",CookiesConsentDataset/screenshots/ACLDP_0143_L1.png,Yes,No,No,1.0,,,,,1.0,,,1.0,No,,,,,,,,,,1.0,Reload,,,,,,CookiesConsentDataset/evidence_json/ACLDP_0143.json
ACLDP_0144,site-0144.invalid,https://site-0144.invalid,Completed,,0.0,L1,20260311T011904Z,2026-03-11T01:19:56Z,,en-US,Chromium,Yes,No,None,,Unknown,,No,,,,No,No,No,,,,,,,,,,No,,,,,,,,,,,,,,,,,CookiesConsentDataset/evidence_json/ACLDP_0144.json
ACLDP_0145,site-0145.invalid,https://site-0145.invalid,Completed,,0.0,L1,20260311T011904Z,2026-03-11T01:20:01Z,,en-US,Chromium,Yes,No,None,,Unknown,,No,,,,No,No,No,,,,,,,,,,No,,,,,,,,,,,,,,,,,CookiesConsentDataset/evidence_json/ACLDP_0145.json
ACLDP_0146,site-0146.invalid,https://site-0146.invalid,Failed,"Navigation error: Page.goto: net::ERR_NAME_NOT_RESOLVED at https://site-0146.invalid/
Call log:
  - navigating to ""https://site-0146.invalid/"", waiting until ""domcontentloaded""
",2.0,L1,20260311T031146Z,2026-03-11T03:13:13Z,,en-US,Chromium,Yes,No,None,,,,,,,,No,No,No,,,,,,,,,,No,,,,,,,,,,,,,,,,,CookiesConsentDataset/evidence_json/ACLDP_0146.json
ACLDP_0147,site-0147.invalid,https://site-0147.invalid,Completed,,1.0,L1,20260311T031146Z,2026-03-11T03:13:13Z,,en-US,Chromium,Yes,No,None,,Unknown,,No,,,,No,No,No,,,,,,,,,,No,,,,,,,,,,,,,,,,,CookiesConsentDataset/evidence_json/ACLDP_0147.json
ACLDP_0148,site-0148.invalid,https://site-0148.invalid,Completed,,1.0,L1,20260311T031146Z,2026-03-11T03:13:17Z,,en-US,Chromium,Yes,No,None,,OneTrust,HTML match: /onetrust/,No,,,,No,No,No,,,,,,,,,,No,,,,,,,,,,,,,,,,,CookiesConsentDataset/evidence_json/ACLDP_0148.json
ACLDP_0149,site-0149.invalid,https://site-0149.invalid,Completed,,1.0,L2,20260311T031146Z,2026-03-11T03:13:21Z,,en-US,Chromium,Yes,Yes,Banner,2.0,OneTrust,HTML match: /onetrust/,No,,"By clicking “Accept All Cookies,” you agree to the storing of cookies on your device to enhance site navigation, analyze site usage, and assist in our marketing efforts. Cookie Settings Reject All Accept All Cookies",CookiesConsentDataset/screenshots/ACLDP_0149_L1.png,Yes,Yes,Yes,1.0,1.0,1.0,0.0,0.0,1.0,1.0,Equal,1.0,Yes,"Go to Axon to promote your business Sign in to monetize with AppLovin Investors We enable businesses to advertise profitably Our suite of marketing technologies empowers businesses to acquire customers, monetize them, and measure the performance of their advertising efforts. Founding principles Product first Never stop hustling Speed wins Always pursue excellence Lead by doing Challenge the status...",CookiesConsentDataset/screenshots/ACLDP_0149_L2.png,7.0,0.0,303.0,3.0,1.0,7.0,1.0,1.0,Reload,,,,,,CookiesConsentDataset/evidence_json/ACLDP_0149.json
ACLDP_0150,site-0150.invalid,https://site-0150.invalid,Completed,,1.0,L1,20260311T031146Z,2026-03-11T03:13:30Z,,en-US,Chromium,Yes,No,None,,Unknown,,Yes,HTML match: /__tcfapi/,,,No,No,No,,,,,,,,,,No,,,,,,,,,,,,,,,,,CookiesConsentDataset/evidence_json/ACLDP_0150.json
ACLDP_0151,site-0151.invalid,https://site-0151.invalid,Failed,"Navigation error: Page.goto: net::ERR_NAME_NOT_RESOLVED at https://site-0151.invalid/
Call log:
  - navigating to ""https://site-0151.invalid/"", waiting until ""domcontentloaded""
",2.0,L1,20260311T031146Z,2026-03-11T03:13:35Z,,en-US,Chromium,Yes,No,None,,,,,,,,No,No,No,,,,,,,,,,No,,,,,,,,,,,,,,,,,CookiesConsentDataset/evidence_json/ACLDP_0151.json
ACLDP_0152,site-0152.invalid,https://site-0152.invalid,Failed,"Navigation error: Page.goto: net::ERR_NAME_NOT_RESOLVED at https://site-0152.invalid/
Call log:
  - navigating to ""https://site-0152.invalid/"", waiting until ""domcontentloaded""
",2.0,L1,20260311T031146Z,2026-03-11T03:13:35Z,,en-US,Chromium,Yes,No,None,,,,,,,,No,No,No,,,,,,,,,,No,,,,,,,,,,,,,,,,,CookiesConsentDataset/evidence_json/ACLDP_0152.json
ACLDP_0153,site-0153.invalid,https://site-0153.invalid,Failed,"Navigation error: Page.goto: net::ERR_CONNECTION_REFUSED at https://site-0153.invalid/
Call log:
  - navigating to ""https://site-0153.invalid/"", waiting until ""domcontentloaded""
",2.0,L1,20260311T031146Z,2026-03-11T03:13:35Z,,en-US,Chromium,Yes,No,None,,,,,,,,No,No,No,,,,,,,,,,No,,,,,,,,,,,,,,,,,CookiesConsentDataset/evidence_json/ACLDP_0153.json
ACLDP_0154,site-0154.invalid,https://site-0154.invalid,Failed,"Navigation error: Page.goto: net::ERR_NAME_NOT_RESOLVED at https://site-0154.invalid/
Call log:
  - navigating to ""https://site-0154.invalid/"", waiting until ""domcontentloaded""
",2.0,L1,20260311T031146Z,2026-03-11T03:13:35Z,,en-US,Chromium,Yes,No,None,,,,,,,,No,No,No,,,,,,,,,,No,,,,,,,,,,,,,,,,,CookiesConsentDataset/evidence_json/ACLDP_0154.json
ACLDP_0155,site-0155.invalid,https://site-0155.invalid,Completed,,0.0,L1,20260311T011904Z,2026-03-11T01:20:12Z,,en-US,Chromium,Yes,No,None,,Unknown,,Yes,HTML match: /\btcf\b/,,,No,No,No,,,,,,,,,,No,,,,,,,,,,,,,,,,,CookiesConsentDataset/evidence_json/ACLDP_0155.json
ACLDP_0156,site-0156.invalid,https://site-0156.invalid,Failed,"Navigation error: Page.goto: net::ERR_NAME_NOT_RESOLVED at https://site-0156.invalid/
Call log:
  - navigating to ""https://site-0156.invalid/"", waiting until ""domcontentloaded""
",2.0,L1,20260311T031146Z,2026-03-11T03:13:37Z,,en-US,Chromium,Yes,No,None,,,,,,,,No,No,No,,,,,,,,,,No,,,,,,,,,,,,,,,,,CookiesConsentDataset/evidence_json/ACLDP_0156.json
ACLDP_0157,site-0157.invalid,https://site-0157.invalid,Failed,"Navigation error: Page.goto: net::ERR_NAME_NOT_RESOLVED at https://site-0157.invalid/
Call log:
  - navigating to ""https://site-0157.invalid/"", waiting until ""domcontentloaded""
",2.0,L1,20260311T031146Z,2026-03-11T03:13:37Z,,en-US,Chromium,Yes,No,None,,,,,,,,No,No,No,,,,,,,,,,No,,,,,,,,,,,,,,,,,CookiesConsentDataset/evidence_json/ACLDP_0157.json
ACLDP_0158,site-0158.invalid,https://site-0158.invalid,Completed,,0.0,L1,20260311T012018Z,2026-03-11T01:20:19Z,,en-US,Chromium,Yes,No,None,,Unknown,,Yes,HTML match: /tcstring/,,,No,No,No,,,,,,,,,,No,,,,,,,,,,,,,,,,,CookiesConsentDataset/evidence_json/ACLDP_0158.json
ACLDP_0159,site-0159.invalid,https://site-0159.invalid,Completed,,0.0,L1,20260311T012018Z,2026-03-11T01:20:26Z,,en-US,Chromium,Yes,Yes,Modal,1.0,Unknown,,No,,شعار PayPal شخصي تجاري الشركاء والمطوّرون تسجيل الدخول تسجيل الاشتراك أدر أموالك على أفضل نحو. سجّل الاشتراك مجاناً هل تمتلك عملاً تجارياً؟ افتح حساباً تجارياً إيقاف مؤقت English عرض جميع الدول السرعة والسهولة. يعتمد الملايين من العملاء حول العالم على خدمتنا لسبب واحد بسيط: سهولة الاستخدام. لا تحتاج أكثر من عنوان بريد إلكتروني وكلمة مرور لسداد مدفوعاتك في إيماءة أسرع من إخراج محفظتك من جيبك. ادفع ...,CookiesConsentDataset/screenshots/ACLDP_0159_L1.png,Yes,No,No,1.0,,,,,3.0,,,1.0,No,,,,,,,,,,1.0,Reload,,,,,,CookiesConsentDataset/evidence_json/ACLDP_0159.json
ACLDP_0160,site-0160.invalid,https://site-0160.invalid,Failed,"Navigation error: Page.goto: net::ERR_NAME_NOT_RESOLVED at https://site-0160.invalid/
Call log:
  - navigating to ""https://site-0160.invalid/"", waiting until ""domcontentloaded""",2.0,L1,20260311T031146Z,2026-03-11T03:13:37Z,,en-US,Chromium,Yes,No,None,,,,,,,,No,No,No,,,,,,,,,,No,,,,,,,,,,,,,,,,,CookiesConsentDataset/evidence_json/ACLDP_0160.json
ACLDP_0161,site-0161.invalid,https://site-0161.invalid,Completed,,1.0,L1,20260311T031146Z,2026-03-11T03:13:37Z,,en-US,Chromium,Yes,No,None,,Unknown,,No,,,,No,No,No,,,,,,,,,,No,,,,,,,,,,,,,,,,,CookiesConsentDataset/evidence_json/ACLDP_0161.json
ACLDP_0162,site-0162.invalid,https://site-0162.invalid,Completed,,1.0,L1,20260311T031146Z,2026-03-11T03:13:44Z,,en-US,Chromium,Yes,No,None,,Unknown,,No,,,,No,No,No,,,,,,,,,,No,,,,,,,,,,,,,,,,,CookiesConsentDataset/evidence_json/ACLDP_0162.json
ACLDP_0163,site-0163.invalid,https://site-0163.invalid,Completed,,1.0,L1,20260311T031146Z,2026-03-11T03:13:49Z,,en-US,Chromium,Yes,No,None,,Unknown,,No,,,,No,No,No,,,,,,,,,,No,,,,,,,,,,,,,,,,,CookiesConsentDataset/evidence_json/ACLDP_0163.json
ACLDP_0164,site-0164.invalid,https://site-0164.invalid,Failed,"Navigation error: Page.goto: net::ERR_NAME_NOT_RESOLVED at https://site-0164.invalid/
Call log:
  - navigating to ""https://site-0164.invalid/"", waiting until ""domcontentloaded""
",2.0,L1,20260311T031146Z,2026-03-11T03:13:52Z,,en-US,Chromium,Yes,No,None,,,,,,,,No,No,No,,,,,,,,,,No,,,,,,,,,,,,,,,,,CookiesConsentDataset/evidence_json/ACLDP_0164.json
ACLDP_0165,site-0165.invalid,https://site-0165.invalid,Failed,"Navigation error: Page.goto: net::ERR_NAME_NOT_RESOLVED at https://site-0165.invalid/
Call log:
  - navigating to ""https://site-0165.invalid/"", waiting until ""domcontentloaded""
",2.0,L1,20260311T031146Z,2026-03-11T03:13:53Z,,en-US,Chromium,Yes,No,None,,,,,,,,No,No,No,,,,,,,,,,No,,,,,,,,,,,,,,,,,CookiesConsentDataset/evidence_json/ACLDP_0165.json
ACLDP_0166,site-0166.invalid,https://site-0166.invalid,Failed,"Navigation error: Page.goto: net::ERR_NAME_NOT_RESOLVED at https://site-0166.invalid/
Call log:
  - navigating to ""https://site-0166.invalid/"", waiting until ""domcontentloaded""
",2.0,L1,20260311T031146Z,2026-03-11T03:13:53Z,,en-US,Chromium,Yes,No,None,,,,,,,,No,No,No,,,,,,,,,,No,,,,,,,,,,,,,,,,,CookiesConsentDataset/evidence_json/ACLDP_0166.json
ACLDP_0167,site-0167.invalid,https://site-0167.invalid,Failed,"Navigation error: Page.goto: net::ERR_NAME_NOT_RESOLVED at https://site-0167.invalid/
Call log:
  - navigating to ""https://site-0167.invalid/"", waiting until ""domcontentloaded""
",2.0,L1,20260311T031146Z,2026-03-11T03:13:53Z,,en-US,Chromium,Yes,No,None,,,,,,,,No,No,No,,,,,,,,,,No,,,,,,,,,,,,,,,,,CookiesConsentDataset/evidence_json/ACLDP_0167.json
ACLDP_0168,site-0168.invalid,https://site-0168.invalid,Failed,"Navigation error: Page.goto: net::ERR_CONNECTION_RESET at https://site-0168.invalid/
Call log:
  - navigating to ""https://site-0168.invalid/"", waiting until ""domcontentloaded""
",2.0,L1,20260311T031146Z,2026-03-11T03:13:53Z,,en-US,Chromium,Yes,No,None,,,,,,,,No,No,No,,,,,,,,,,No,,,,,,,,,,,,,,,,,CookiesConsentDataset/evidence_json/ACLDP_0168.json
ACLDP_0169,site-0169.invalid,https://site-0169.invalid,Completed,,0.0,L1,20260311T012018Z,2026-03-11T01:20:57Z,,en-US,Chromium,Yes,No,None,,Unknown,,No,,,,No,No,No,,,,,,,,,,No,,,,,,,,,,,,,,,,,CookiesConsentDataset/evidence_json/ACLDP_0169.json
ACLDP_0170,site-0170.invalid,https://site-0170.invalid,Failed,Navigation timeout,2.0,L1,20260311T031146Z,2026-03-11T03:13:54Z,,en-US,Chromium,Yes,No,None,,,,,,,,No,No,No,,,,,,,,,,No,,,,,,,,,,,,,,,,,CookiesConsentDataset/evidence_json/ACLDP_0170.json
ACLDP_0171,site-0171.invalid,https://site-0171.invalid,Completed,,0.0,L1,20260311T012018Z,2026-03-11T01:21:46Z,,en-US,Chromium,Yes,No,None,,Unknown,,No,,,,No,No,No,,,,,,,,,,No,,,,,,,,,,,,,,,,,CookiesConsentDataset/evidence_json/ACLDP_0171.json
ACLDP_0172,site-0172.invalid,https://site-0172.invalid,Completed,,0.0,L1,20260311T012018Z,2026-03-11T01:21:50Z,,en-US,Chromium,Yes,No,None,,Unknown,,No,,,,No,No,No,,,,,,,,,,No,,,,,,,,,,,,,,,,,CookiesConsentDataset/evidence_json/ACLDP_0172.json
ACLDP_0173,site-0173.invalid,https://site-0173.invalid,Completed,,0.0,L1,20260311T012018Z,2026-03-11T01:21:54Z,,en-US,Chromium,Yes,No,None,,OneTrust,HTML match: /onetrust/,No,,,,No,No,No,,,,,,,,,,No,,,,,,,,,,,,,,,,,CookiesConsentDataset/evidence_json/ACLDP_0173.json
ACLDP_0174,site-0174.invalid,https://site-0174.invalid,Failed,"Navigation error: Page.goto: net::ERR_NAME_NOT_RESOLVED at https://site-0174.invalid/
Call log:
  - navigating to ""https://site-0174.invalid/"", waiting until ""domcontentloaded""
",2.0,L1,20260311T031146Z,2026-03-11T03:14:39Z,,en-US,Chromium,Yes,No,None,,,,,,,,No,No,No,,,,,,,,,,No,,,,,,,,,,,,,,,,,CookiesConsentDataset/evidence_json/ACLDP_0174.json
ACLDP_0175,site-0175.invalid,https://site-0175.invalid,Completed,,1.0,L1,20260311T031146Z,2026-03-11T03:14:39Z,,en-US,Chromium,Yes,No,None,,Unknown,,No,,,,No,No,No,,,,,,,,,,No,,,,,,,,,,,,,,,,,CookiesConsentDataset/evidence_json/ACLDP_0175.json
ACLDP_0176,site-0176.invalid,https://site-0176.invalid,Completed,,1.0,L1,20260311T031146Z,2026-03-11T03:14:45Z,,en-US,Chromium,Yes,No,None,,Unknown,,No,,,,No,No,No,,,,,,,,,,No,,,,,,,,,,,,,,,,,CookiesConsentDataset/evidence_json/ACLDP_0176.json
ACLDP_0177,site-0177.invalid,https://site-0177.invalid,Completed,,1.0,L2,20260311T031146Z,2026-03-11T03:14:48Z,,en-US,Chromium,Yes,Yes,Banner,2.0,Unknown,,Yes,HTML match: /__tcfapi/,"YOUR CHOICES REGARDING COOKIES ON THIS SITE Please choose whether this site may use cookies or related technologies such as web beacons, pixel tags, and Flash objects (""Cookies"") as described below. You can learn more about how this site uses cookies and related technologies by reading our privacy policy linked to below. Your choices on this site will be applied globally. This means that your sett...",CookiesConsentDataset/screenshots/ACLDP_0177_L1.png,Yes,Yes,Yes,1.0,1.0,1.0,0.0,0.0,1.0,1.0,Equal,1.0,Yes,"Upgrade everything you do with Flickr Pro Unlock unlimited storage, ad-free browsing, advanced stats, exclusive discounts, and more. Upgrade everything you do with Flickr Pro Unlock unlimited storage, ad-free browsing, advanced stats, exclusive discounts, and more. Upgrade everything you do with Flickr Pro Unlock unlimited storage, ad-free browsing, advanced stats, exclusive discounts, and more. U...",CookiesConsentDataset/screenshots/ACLDP_0177_L2.png,2.0,0.0,644.0,3.0,2.0,2.0,1.0,1.0,Reload,,,,,,CookiesConsentDataset/evidence_json/ACLDP_0177.json
ACLDP_0178,site-0178.invalid,https://site-0178.invalid,Failed,"Navigation error: Page.goto: net::ERR_NAME_NOT_RESOLVED at https://site-0178.invalid/
Call log:
  - navigating to ""https://site-0178.invalid/"", waiting until ""domcontentloaded""
",2.0,L1,20260311T031146Z,2026-03-11T03:14:58Z,,en-US,Chromium,Yes,No,None,,,,,,,,No,No,No,,,,,,,,,,No,,,,,,,,,,,,,,,,,CookiesConsentDataset/evidence_json/ACLDP_0178.json
ACLDP_0179,site-0179.invalid,https://site-0179.invalid,Failed,"Navigation error: Page.goto: net::ERR_NAME_NOT_RESOLVED at https://site-0179.invalid/
Call log:
  - navigating to ""https://site-0179.invalid/"", waiting until ""domcontentloaded""
",2.0,L1,20260311T031146Z,2026-03-11T03:14:59Z,,en-US,Chromium,Yes,No,None,,,,,,,,No,No,No,,,,,,,,,,No,,,,,,,,,,,,,,,,,CookiesConsentDataset/evidence_json/ACLDP_0179.json
ACLDP_0180,site-0180.invalid,https://site-0180.invalid,Failed,"Navigation error: Page.goto: net::ERR_CONNECTION_RESET at https://site-0180.invalid/
Call log:
  - navigating to ""https://site-0180.invalid/"", waiting until ""domcontentloaded""
",2.0,L1,20260311T031146Z,2026-03-11T03:14:59Z,,en-US,Chromium,Yes,No,None,,,,,,,,No,No,No,,,,,,,,,,No,,,,,,,,,,,,,,,,,CookiesConsentDataset/evidence_json/ACLDP_0180.json
ACLDP_0181,site-0181.invalid,https://site-0181.invalid,Completed,,0.0,L2,20260311T012018Z,2026-03-11T01:22:02Z,,en-US,Chromium,Yes,Yes,Banner,2.0,OneTrust,HTML match: /onetrust/,Yes,HTML match: /__tcfapi/,"Cookies & Tracking When clicking on “I accept”, you agree that we and our 977 partners may store and/or access information on your device, such as unique IDs in cookies to process personal data. You may accept or manage your choices by clicking below, including your right to object where legitimate interest is used. You can withdraw your consent or manage your choices at any time in your settings ...",CookiesConsentDataset/screenshots/ACLDP_0181_L1.png,Yes,Yes,Yes,1.0,1.0,1.0,0.0,0.0,2.0,2.0,Equal,1.0,Yes,"SoundCloud Home Feed Library Search Sign in Create account Upload Settings and more Now available: Get heard by up to 100 listeners on your next upload with Artist or Artist Pro. Learn More Discover. Get Discovered. Discover your next obsession, or become someone else’s. SoundCloud is the only community where fans and artists come together to discover and connect through music. Get Started DC the ...",CookiesConsentDataset/screenshots/ACLDP_0181_L2.png,56.0,0.0,765.0,4.0,3.0,56.0,0.0,1.0,Reload,,,,,,CookiesConsentDataset/evidence_json/ACLDP_0181.json
ACLDP_0182,site-0182.invalid,https://site-0182.invalid,Completed,,0.0,L1,20260311T012018Z,2026-03-11T01:22:12Z,,en-US,Chromium,Yes,Yes,Modal,1.0,OneTrust,HTML match: /onetrust/,Yes,HTML match: /__tcfapi/,"Ad Feedback US World Politics Business Health Entertainment Style Travel More Watch Listen Sign in US midterms Inside Epstein’s inner circle Alexander brothers convicted NASA spacecraft’s return Drooling at night Escapist fashion Conversations with AI CNN ON THE GROUND With jets overhead, CNN’s crew forced to seek safety in Tehran Iran begins laying mines in Strait of Hormuz, sources say Why emerg...",CookiesConsentDataset/screenshots/ACLDP_0182_L1.png,Yes,No,No,1.0,,,,,1.0,,,1.0,No,,,,,,,,,,1.0,Reload,,,,,,CookiesConsentDataset/evidence_json/ACLDP_0182.json
ACLDP_0183,site-0183.invalid,https://site-0183.invalid,Completed,,0.0,L2,20260311T012018Z,2026-03-11T01:22:22Z,,en-US,Chromium,Yes,Yes,Banner,2.0,OneTrust,HTML match: /onetrust/,No,,"By clicking “Accept All Cookies”, you agree to the storing of cookies on your device to enhance site navigation, analyze site usage, and assist in our marketing efforts. Website Cookie Platform Policy Website Privacy Policy Accept All Cookies Reject All Cookies Settings",CookiesConsentDataset/screenshots/ACLDP_0183_L1.png,Yes,Yes,Yes,1.0,1.0,1.0,0.0,0.0,3.0,3.0,Equal,1.0,Yes,"Search Login DV+ Streaming SpringServe Language English French German Italian Japanese Portuguese Spanish Sellers Buyers Insights Blog Day in the Life: Ron Petty, Senior Director, Independent Demand Facilitation Day in the Life: Ron Petty, Senior Director, Independent Demand Facilitation Rethinking Local: Why Political Advertisers Should Build Campaigns From the Ground Up Rethinking Local: Why Pol...",CookiesConsentDataset/screenshots/ACLDP_0183_L2.png,9.0,1.0,888.0,3.0,3.0,10.0,0.0,1.0,Reload,,,,,,CookiesConsentDataset/evidence_json/ACLDP_0183.json
ACLDP_0184,site-0184.invalid,https://site-0184.invalid,Failed,"Navigation error: Page.goto: net::ERR_NAME_NOT_RESOLVED at https://site-0184.invalid/
Call log:
  - navigating to ""https://site-0184.invalid/"", waiting until ""domcontentloaded""
",2.0,L1,20260311T031146Z,2026-03-11T03:15:00Z,,en-US,Chromium,Yes,No,None,,,,,,,,No,No,No,,,,,,,,,,No,,,,,,,,,,,,,,,,,CookiesConsentDataset/evidence_json/ACLDP_0184.json
ACLDP_0185,site-0185.invalid,https://site-0185.invalid,Completed,,1.0,L1,20260311T031146Z,2026-03-11T03:15:00Z,,en-US,Chromium,Yes,No,None,,Unknown,,No,,,,No,No,No,,,,,,,,,,No,,,,,,,,,,,,,,,,,CookiesConsentDataset/evidence_json/ACLDP_0185.json
ACLDP_0186,site-0186.invalid,https://site-0186.invalid,Completed,,1.0,L1,20260311T031146Z,2026-03-11T03:15:03Z,,en-US,Chromium,Yes,No,None,,Unknown,,No,,,,No,No,No,,,,,,,,,,No,,,,,,,,,,,,,,,,,CookiesConsentDataset/evidence_json/ACLDP_0186.json
ACLDP_0187,site-0187.invalid,https://site-0187.invalid,Completed,,1.0,L1,20260311T031146Z,2026-03-11T03:15:06Z,,en-US,Chromium,Yes,Yes,Banner,1.0,Unknown,,Yes,HTML match: /tcstring/,احصل على مضاد فيروسات مجاني يأتي مع أدوات الخصوصية والأمان المتقدمة,CookiesConsentDataset/screenshots/ACLDP_0187_L1.png,No,No,No,,,,,,,,,0.0,No,,,,,,,,,,1.0,Reload,,,,,,CookiesConsentDataset/evidence_json/ACLDP_0187.json
ACLDP_0188,site-0188.invalid,https://site-0188.invalid,Completed,,1.0,L1,20260311T031146Z,2026-03-11T03:15:15Z,,en-US,Chromium,Yes,Yes,Modal,1.0,Unknown,,Yes,HTML match: /\btcf\b/,"This site uses cookies We use cookies to improve your experience on our site and offer you the most relevant information. Please accept cookies for an optimal experience. To learn more about how we use cookies, see our Cookie Policy. Accept Deny Solutions Products Resources Mobile Heroes Log In Get started Grow your mobile business Performance marketing, monetization, and creative solutions powere...",CookiesConsentDataset/screenshots/ACLDP_0188_L1.png,Yes,Yes,No,1.0,1.0,,0.0,0.0,1.0,1.0,Equal,1.0,No,,,,,,,,,,1.0,Reload,,,,,,CookiesConsentDataset/evidence_json/ACLDP_0188.json
ACLDP_0189,site-0189.invalid,https://site-0189.invalid,Failed,"Navigation error: Page.goto: net::ERR_NAME_NOT_RESOLVED at https://site-0189.invalid/
Call log:
  - navigating to ""https://site-0189.invalid/"", waiting until ""domcontentloaded""",2.0,L1,20260311T031146Z,2026-03-11T03:15:27Z,,en-US,Chromium,Yes,No,None,,,,,,,,No,No,No,,,,,,,,,,No,,,,,,,,,,,,,,,,,CookiesConsentDataset/evidence_json/ACLDP_0189.json
ACLDP_0190,site-0190.invalid,https://site-0190.invalid,Failed,"Navigation error: Page.goto: Navigation to ""https://site-0190.invalid/"" is interrupted by another navigation to ""chrome-error://chromewebdata/""
Call log:
  - navigating to ""https://site-0190.invalid/"", waiting until ""domcontentloaded""
",2.0,L1,20260311T031146Z,2026-03-11T03:15:27Z,,en-US,Chromium,Yes,No,None,,,,,,,,No,No,No,,,,,,,,,,No,,,,,,,,,,,,,,,,,CookiesConsentDataset/evidence_json/ACLDP_0190.json
ACLDP_0191,site-0191.invalid,https://site-0191.invalid,Failed,"Navigation error: Page.goto: Navigation to ""https://site-0191.invalid/"" is interrupted by another navigation to ""https://www.site-0190.invalid/""
Call log:
  - navigating to ""https://site-0191.invalid/"", waiting until ""domcontentloaded""
",2.0,L1,20260311T031146Z,2026-03-11T03:15:28Z,,en-US,Chromium,Yes,No,None,,,,,,,,No,No,No,,,,,,,,,,No,,,,,,,,,,,,,,,,,CookiesConsentDataset/evidence_json/ACLDP_0191.json
ACLDP_0192,site-0192.invalid,https://site-0192.invalid,Failed,"Navigation error: Page.goto: net::ERR_NAME_NOT_RESOLVED at https://site-0192.invalid/
Call log:
  - navigating to ""https://site-0192.invalid/"", waiting until ""domcontentloaded""
",2.0,L1,20260311T031146Z,2026-03-11T03:15:29Z,,en-US,Chromium,Yes,No,None,,,,,,,,No,No,No,,,,,,,,,,No,,,,,,,,,,,,,,,,,CookiesConsentDataset/evidence_json/ACLDP_0192.json
ACLDP_0193,site-0193.invalid,https://site-0193.invalid,Failed,"Navigation error: Page.goto: Navigation to ""https://site-0193.invalid/"" is interrupted by another navigation to ""chrome-error://chromewebdata/""
Call log:
  - navigating to ""https://site-0193.invalid/"", waiting until ""domcontentloaded""",2.0,L1,20260311T031146Z,2026-03-11T03:15:29Z,,en-US,Chromium,Yes,No,None,,,,,,,,No,No,No,,,,,,,,,,No,,,,,,,,,,,,,,,,,CookiesConsentDataset/evidence_json/ACLDP_0193.json
ACLDP_0194,site-0194.invalid,https://site-0194.invalid,Failed,"Navigation error: Page.goto: net::ERR_NAME_NOT_RESOLVED at https://site-0194.invalid/
Call log:
  - navigating to ""https://site-0194.invalid/"", waiting until ""domcontentloaded""
",2.0,L1,20260311T031146Z,2026-03-11T03:15:30Z,,en-US,Chromium,Yes,No,None,,,,,,,,No,No,No,,,,,,,,,,No,,,,,,,,,,,,,,,,,CookiesConsentDataset/evidence_json/ACLDP_0194.json
ACLDP_0195,site-0195.invalid,https://site-0195.invalid,Completed,,0.0,L1,20260311T012018Z,2026-03-11T01:22:39Z,,en-US,Chromium,Yes,No,None,,Unknown,,No,,,,No,No,No,,,,,,,,,,No,,,,,,,,,,,,,,,,,CookiesConsentDataset/evidence_json/ACLDP_0195.json
ACLDP_0196,site-0196.invalid,https://site-0196.invalid,Failed,Navigation timeout,2.0,L1,20260311T031146Z,2026-03-11T03:15:30Z,,en-US,Chromium,Yes,No,None,,,,,,,,No,No,No,,,,,,,,,,No,,,,,,,,,,,,,,,,,CookiesConsentDataset/evidence_json/ACLDP_0196.json
ACLDP_0197,site-0197.invalid,https://site-0197.invalid,Completed,,0.0,L1,20260311T012018Z,2026-03-11T01:23:30Z,,en-US,Chromium,Yes,Yes,Modal,1.0,Unknown,,No,,"Cookies and similar technologies We use cookies and similar technologies on our website to save, read out and process information on your device. In doing so, we enhance your experience, analyze site traffic, and show you content and ads that interest you. User profiles are created across websites and devices for this purpose. Our partners use these technologies as well. By selecting “Only Require...",CookiesConsentDataset/screenshots/ACLDP_0197_L1.png,Yes,No,Yes,1.0,2.0,1.0,1.0,1.0,1.0,,,1.0,No,,,,,,,,,,1.0,Reload,,,,,,CookiesConsentDataset/evidence_json/ACLDP_0197.json
ACLDP_0198,site-0198.invalid,https://site-0198.invalid,Failed,Navigation timeout,2.0,L1,20260311T031146Z,2026-03-11T03:16:15Z,,en-US,Chromium,Yes,No,None,,,,,,,,No,No,No,,,,,,,,,,No,,,,,,,,,,,,,,,,,CookiesConsentDataset/evidence_json/ACLDP_0198.json
ACLDP_0199,site-0199.invalid,https://site-0199.invalid,Failed,"Navigation error: Page.goto: net::ERR_NAME_NOT_RESOLVED at https://site-0199.invalid/
Call log:
  - navigating to ""https://site-0199.invalid/"", waiting until ""domcontentloaded""
",2.0,L1,20260311T031146Z,2026-03-11T03:17:00Z,,en-US,Chromium,Yes,No,None,,,,,,,,No,No,No,,,,,,,,,,No,,,,,,,,,,,,,,,,,CookiesConsentDataset/evidence_json/ACLDP_0199.json
ACLDP_0200,site-0200.invalid,https://site-0200.invalid,Completed,,1.0,L1,20260311T031146Z,2026-03-11T03:17:00Z,,en-US,Chromium,Yes,No,None,,Unknown,,No,,,,No,No,No,,,,,,,,,,No,,,,,,,,,,,,,,,,,CookiesConsentDataset/evidence_json/ACLDP_0200.json
ACLDP_0201,site-0201.invalid,https://site-0201.invalid,Completed,,1.0,L1,20260311T031146Z,2026-03-11T03:17:03Z,,en-US,Chromium,Yes,No,None,,Unknown,,No,,,,No,No,No,,,,,,,,,,No,,,,,,,,,,,,,,,,,CookiesConsentDataset/evidence_json/ACLDP_0201.json
ACLDP_0202,site-0202.invalid,https://site-0202.invalid,Completed,,1.0,L1,20260311T031146Z,2026-03-11T03:17:09Z,,en-US,Chromium,Yes,No,None,,Unknown,,Yes,HTML match: /__tcfapi/,,,No,No,No,,,,,,,,,,No,,,,,,,,,,,,,,,,,CookiesConsentDataset/evidence_json/ACLDP_0202.json
ACLDP_0203,site-0203.invalid,https://site-0203.invalid,Completed,,1.0,L1,20260311T031146Z,2026-03-11T03:17:15Z,,en-US,Chromium,Yes,No,None,,Unknown,,No,,,,No,No,No,,,,,,,,,,No,,,,,,,,,,,,,,,,,CookiesConsentDataset/evidence_json/ACLDP_0203.json
ACLDP_0204,site-0204.invalid,https://site-0204.invalid,Completed,,1.0,L1,20260311T031146Z,2026-03-11T03:17:19Z,,en-US,Chromium,Yes,No,None,,Unknown,,No,,,,No,No,No,,,,,,,,,,No,,,,,,,,,,,,,,,,,CookiesConsentDataset/evidence_json/ACLDP_0204.json
ACLDP_0205,site-0205.invalid,https://site-0205.invalid,Completed,,1.0,L1,20260311T031146Z,2026-03-11T03:17:22Z,,en-US,Chromium,Yes,No,None,,Unknown,,No,,,,No,No,No,,,,,,,,,,No,,,,,,,,,,,,,,,,,CookiesConsentDataset/evidence_json/ACLDP_0205.json
ACLDP_0206,site-0206.invalid,https://site-0206.invalid,Failed,Navigation timeout,2.0,L1,20260311T031146Z,2026-03-11T03:17:26Z,,en-US,Chromium,Yes,No,None,,,,,,,,No,No,No,,,,,,,,,,No,,,,,,,,,,,,,,,,,CookiesConsentDataset/evidence_json/ACLDP_0206.json
ACLDP_0207,site-0207.invalid,https://site-0207.invalid,Completed,,0.0,L1,20260311T012437Z,2026-03-11T01:25:23Z,,en-US,Chromium,Yes,No,None,,OneTrust,HTML match: /cookiepro/,Yes,HTML match: /__tcfapi/,,,No,No,No,,,,,,,,,,No,,,,,,,,,,,,,,,,,CookiesConsentDataset/evidence_json/ACLDP_0207.json
ACLDP_0208,site-0208.invalid,https://site-0208.invalid,Completed,,0.0,L1,20260311T012437Z,2026-03-11T01:25:28Z,,en-US,Chromium,Yes,No,None,,Unknown,,No,,,,No,No,No,,,,,,,,,,No,,,,,,,,,,,,,,,,,CookiesConsentDataset/evidence_json/ACLDP_0208.json
ACLDP_0209,site-0209.invalid,https://site-0209.invalid,Completed,,0.0,L1,20260311T012437Z,2026-03-11T01:25:33Z,,en-US,Chromium,Yes,No,None,,Unknown,,No,,,,No,No,No,,,,,,,,,,No,,,,,,,,,,,,,,,,,CookiesConsentDataset/evidence_json/ACLDP_0209.json
ACLDP_0210,site-0210.invalid,https://site-0210.invalid,Completed,,0.0,L1,20260311T012437Z,2026-03-11T01:25:37Z,,en-US,Chromium,Yes,Yes,Banner,1.0,Unknown,,Yes,HTML match: /tcstring/,Мы собираем файлы cookie и применяем рекомендательные технологии ПОДРОБНЕЕ ПРИНЯТЬ,CookiesConsentDataset/screenshots/ACLDP_0210_L1.png,Yes,No,No,1.0,,,,,1.0,,,1.0,No,,,,,,,,,,1.0,Reload,,,,,,CookiesConsentDataset/evidence_json/ACLDP_0210.json
ACLDP_0211,site-0211.invalid,https://site-0211.invalid,Completed,,0.0,L1,20260311T012437Z,2026-03-11T01:25:48Z,,en-US,Chromium,Yes,No,None,,Unknown,,No,,,,No,No,No,,,,,,,,,,No,,,,,,,,,,,,,,,,,CookiesConsentDataset/evidence_json/ACLDP_0211.json
ACLDP_0212,site-0212.invalid,https://site-0212.invalid,Failed,"Navigation error: Page.goto: net::ERR_NAME_NOT_RESOLVED at https://site-0212.invalid/
Call log:
  - navigating to ""https://site-0212.invalid/"", waiting until ""domcontentloaded""
",2.0,L1,20260311T031146Z,2026-03-11T03:18:11Z,,en-US,Chromium,Yes,No,None,,,,,,,,No,No,No,,,,,,,,,,No,,,,,,,,,,,,,,,,,CookiesConsentDataset/evidence_json/ACLDP_0212.json
ACLDP_0213,site-0213.invalid,https://site-0213.invalid,Failed,"Navigation error: Page.goto: Navigation to ""https://site-0213.invalid/"" is interrupted by another navigation to ""chrome-error://chromewebdata/""
Call log:
  - navigating to ""https://site-0213.invalid/"", waiting until ""domcontentloaded""
",2.0,L1,20260311T031146Z,2026-03-11T03:18:11Z,,en-US,Chromium,Yes,No,None,,,,,,,,No,No,No,,,,,,,,,,No,,,,,,,,,,,,,,,,,CookiesConsentDataset/evidence_json/ACLDP_0213.json
ACLDP_0214,site-0214.invalid,https://site-0214.invalid,Failed,"Navigation error: Page.goto: Navigation to ""https://site-0214.invalid/"" is interrupted by another navigation to ""https://www.site-0213.invalid/""
Call log:
  - navigating to ""https://site-0214.invalid/"", waiting until ""domcontentloaded""
",2.0,L1,20260311T031146Z,2026-03-11T03:18:12Z,,en-US,Chromium,Yes,No,None,,,,,,,,No,No,No,,,,,,,,,,No,,,,,,,,,,,,,,,,,CookiesConsentDataset/evidence_json/ACLDP_0214.json
ACLDP_0215,site-0215.invalid,https://site-0215.invalid,Failed,"Navigation error: Page.goto: Navigation to ""https://site-0215.invalid/"" is interrupted by another navigation to ""https://site-0214.invalid/?Goto=Redirected""
Call log:
  - navigating to ""https://site-0215.invalid/"", waiting until ""domcontentloaded""
",2.0,L1,20260311T031146Z,2026-03-11T03:18:13Z,,en-US,Chromium,Yes,No,None,,,,,,,,No,No,No,,,,,,,,,,No,,,,,,,,,,,,,,,,,CookiesConsentDataset/evidence_json/ACLDP_0215.json
ACLDP_0216,site-0216.invalid,https://site-0216.invalid,Failed,"Navigation error: Page.goto: Navigation to ""https://site-0216.invalid/"" is interrupted by another navigation to ""https://www.site-0215.invalid/""
Call log:
  - navigating to ""https://site-0216.invalid/"", waiting until ""domcontentloaded""
",2.0,L1,20260311T031146Z,2026-03-11T03:18:14Z,,en-US,Chromium,Yes,No,None,,,,,,,,No,No,No,,,,,,,,,,No,,,,,,,,,,,,,,,,,CookiesConsentDataset/evidence_json/ACLDP_0216.json
ACLDP_0217,site-0217.invalid,https://site-0217.invalid,Failed,"Navigation error: Page.goto: Navigation to ""https://site-0217.invalid/"" is interrupted by another navigation to ""https://www.site-0216.invalid/""
Call log:
  - navigating to ""https://site-0217.invalid/"", waiting until ""domcontentloaded""
",2.0,L1,20260311T031146Z,2026-03-11T03:18:14Z,,en-US,Chromium,Yes,No,None,,,,,,,,No,No,No,,,,,,,,,,No,,,,,,,,,,,,,,,,,CookiesConsentDataset/evidence_json/ACLDP_0217.json
ACLDP_0218,site-0218.invalid,https://site-0218.invalid,Failed,"Navigation error: Page.goto: Navigation to ""https://site-0218.invalid/"" is interrupted by another navigation to ""https://site-0217.invalid/""
Call log:
  - navigating to ""https://site-0218.invalid/"", waiting until ""domcontentloaded""
",2.0,L1,20260311T031146Z,2026-03-11T03:18:15Z,,en-US,Chromium,Yes,No,None,,,,,,,,No,No,No,,,,,,,,,,No,,,,,,,,,,,,,,,,,CookiesConsentDataset/evidence_json/ACLDP_0218.json
ACLDP_0219,site-0219.invalid,https://site-0219.invalid,Failed,"Navigation error: Page.goto: Navigation to ""https://site-0219.invalid/"" is interrupted by another navigation to ""https://site-0218.invalid/""
Call log:
  - navigating to ""https://site-0219.invalid/"", waiting until ""domcontentloaded""
",2.0,L1,20260311T031146Z,2026-03-11T03:18:15Z,,en-US,Chromium,Yes,No,None,,,,,,,,No,No,No,,,,,,,,,,No,,,,,,,,,,,,,,,,,CookiesConsentDataset/evidence_json/ACLDP_0219.json
ACLDP_0220,site-0220.invalid,https://site-0220.invalid,Failed,"Navigation error: Page.goto: Navigation to ""https://site-0220.invalid/"" is interrupted by another navigation to ""https://www.site-0219.invalid/""
Call log:
  - navigating to ""https://site-0220.invalid/"", waiting until ""domcontentloaded""
",2.0,L1,20260311T031146Z,2026-03-11T03:18:17Z,,en-US,Chromium,Yes,No,None,,,,,,,,No,No,No,,,,,,,,,,No,,,,,,,,,,,,,,,,,CookiesConsentDataset/evidence_json/ACLDP_0220.json
ACLDP_0221,site-0221.invalid,https://site-0221.invalid,Failed,"Navigation error: Page.goto: Navigation to ""https://site-0221.invalid/"" is interrupted by another navigation to ""https://sciencedirecsite-0211.invalidm/""
Call log:
  - navigating to ""https://site-0221.invalid/"", waiting until ""domcontentloaded""
",2.0,L1,20260311T031146Z,2026-03-11T03:18:18Z,,en-US,Chromium,Yes,No,None,,,,,,,,No,No,No,,,,,,,,,,No,,,,,,,,,,,,,,,,,CookiesConsentDataset/evidence_json/ACLDP_0221.json
ACLDP_0222,site-0222.invalid,https://site-0222.invalid,Failed,"Navigation error: Page.goto: Navigation to ""https://site-0222.invalid/"" is interrupted by another navigation to ""https://meraki.site-0245.invalid/""
Call log:
  - navigating to ""https://site-0222.invalid/"", waiting until ""domcontentloaded""
",2.0,L1,20260311T031146Z,2026-03-11T03:18:19Z,,en-US,Chromium,Yes,No,None,,,,,,,,No,No,No,,,,,,,,,,No,,,,,,,,,,,,,,,,,CookiesConsentDataset/evidence_json/ACLDP_0222.json
ACLDP_0223,site-0223.invalid,https://site-0223.invalid,Failed,"Navigation error: Page.goto: Navigation to ""https://site-0223.invalid/"" is interrupted by another navigation to ""https://site-0222.invalid/""
Call log:
  - navigating to ""https://site-0223.invalid/"", waiting until ""domcontentloaded""
",2.0,L1,20260311T031146Z,2026-03-11T03:18:20Z,,en-US,Chromium,Yes,No,None,,,,,,,,No,No,No,,,,,,,,,,No,,,,,,,,,,,,,,,,,CookiesConsentDataset/evidence_json/ACLDP_0223.json
ACLDP_0224,site-0224.invalid,https://site-0224.invalid,Failed,"Navigation error: Page.goto: Navigation to ""https://site-0224.invalid/"" is interrupted by another navigation to ""https://www.site-0223.invalid/""
Call log:
  - navigating to ""https://site-0224.invalid/"", waiting until ""domcontentloaded""
",2.0,L1,20260311T031146Z,2026-03-11T03:18:20Z,,en-US,Chromium,Yes,No,None,,,,,,,,No,No,No,,,,,,,,,,No,,,,,,,,,,,,,,,,,CookiesConsentDataset/evidence_json/ACLDP_0224.json
ACLDP_0225,site-0225.invalid,https://site-0225.invalid,Failed,"Navigation error: Page.goto: net::ERR_NAME_NOT_RESOLVED at https://site-0225.invalid/
Call log:
  - navigating to ""https://site-0225.invalid/"", waiting until ""domcontentloaded""
",2.0,L1,20260311T031146Z,2026-03-11T03:18:22Z,,en-US,Chromium,Yes,No,None,,,,,,,,No,No,No,,,,,,,,,,No,,,,,,,,,,,,,,,,,CookiesConsentDataset/evidence_json/ACLDP_0225.json
ACLDP_0226,site-0226.invalid,https://site-0226.invalid,Failed,"Navigation error: Page.goto: Navigation to ""https://site-0226.invalid/"" is interrupted by another navigation to ""chrome-error://chromewebdata/""
Call log:
  - navigating to ""https://site-0226.invalid/"", waiting until ""domcontentloaded""
",2.0,L1,20260311T031146Z,2026-03-11T03:18:22Z,,en-US,Chromium,Yes,No,None,,,,,,,,No,No,No,,,,,,,,,,No,,,,,,,,,,,,,,,,,CookiesConsentDataset/evidence_json/ACLDP_0226.json
ACLDP_0227,site-0227.invalid,https://site-0227.invalid,Failed,"Navigation error: Page.goto: Navigation to ""https://site-0227.invalid/"" is interrupted by another navigation to ""https://www.site-0008.invalid/""
Call log:
  - navigating to ""https://site-0227.invalid/"", waiting until ""domcontentloaded""
",2.0,L1,20260311T031146Z,2026-03-11T03:18:23Z,,en-US,Chromium,Yes,No,None,,,,,,,,No,No,No,,,,,,,,,,No,,,,,,,,,,,,,,,,,CookiesConsentDataset/evidence_json/ACLDP_0227.json
ACLDP_0228,site-0228.invalid,https://site-0228.invalid,Failed,"Navigation error: Page.goto: net::ERR_NAME_NOT_RESOLVED at https://site-0228.invalid/
Call log:
  - navigating to ""https://site-0228.invalid/"", waiting until ""domcontentloaded""
",2.0,L1,20260311T031146Z,2026-03-11T03:18:24Z,,en-US,Chromium,Yes,No,None,,,,,,,,No,No,No,,,,,,,,,,No,,,,,,,,,,,,,,,,,CookiesConsentDataset/evidence_json/ACLDP_0228.json
ACLDP_0229,site-0229.invalid,https://site-0229.invalid,Failed,"Navigation error: Page.goto: net::ERR_NAME_NOT_RESOLVED at https://site-0229.invalid/
Call log:
  - navigating to ""https://site-0229.invalid/"", waiting until ""domcontentloaded""
",2.0,L1,20260311T031146Z,2026-03-11T03:18:24Z,,en-US,Chromium,Yes,No,None,,,,,,,,No,No,No,,,,,,,,,,No,,,,,,,,,,,,,,,,,CookiesConsentDataset/evidence_json/ACLDP_0229.json
ACLDP_0230,site-0230.invalid,https://site-0230.invalid,Completed,,0.0,L1,20260311T012437Z,2026-03-11T01:26:05Z,,en-US,Chromium,Yes,No,None,,Unknown,,No,,,,No,No,No,,,,,,,,,,No,,,,,,,,,,,,,,,,,CookiesConsentDataset/evidence_json/ACLDP_0230.json
ACLDP_0231,site-0231.invalid,https://site-0231.invalid,Completed,,0.0,L1,20260311T012437Z,2026-03-11T01:26:09Z,,en-US,Chromium,Yes,No,None,,Unknown,,No,,,,No,No,No,,,,,,,,,,No,,,,,,,,,,,,,,,,,CookiesConsentDataset/evidence_json/ACLDP_0231.json
ACLDP_0232,site-0232.invalid,https://site-0232.invalid,Failed,"Navigation error: Page.goto: net::ERR_NAME_NOT_RESOLVED at https://site-0232.invalid/
Call log:
  - navigating to ""https://site-0232.invalid/"", waiting until ""domcontentloaded""
",2.0,L1,20260311T031146Z,2026-03-11T03:18:24Z,,en-US,Chromium,Yes,No,None,,,,,,,,No,No,No,,,,,,,,,,No,,,,,,,,,,,,,,,,,CookiesConsentDataset/evidence_json/ACLDP_0232.json
ACLDP_0233,site-0233.invalid,https://site-0233.invalid,Completed,,1.0,L1,20260311T031146Z,2026-03-11T03:18:24Z,,en-US,Chromium,Yes,No,None,,Unknown,,No,,,,No,No,No,,,,,,,,,,No,,,,,,,,,,,,,,,,,CookiesConsentDataset/evidence_json/ACLDP_0233.json
ACLDP_0234,site-0234.invalid,https://site-0234.invalid,Failed,"Navigation error: Page.goto: net::ERR_CERT_COMMON_NAME_INVALID at https://site-0234.invalid/
Call log:
  - navigating to ""https://site-0234.invalid/"", waiting until ""domcontentloaded""
",2.0,L1,20260311T031146Z,2026-03-11T03:18:28Z,,en-US,Chromium,Yes,No,None,,,,,,,,No,No,No,,,,,,,,,,No,,,,,,,,,,,,,,,,,CookiesConsentDataset/evidence_json/ACLDP_0234.json
ACLDP_0235,site-0235.invalid,https://site-0235.invalid,Failed,"Navigation error: Page.goto: Navigation to ""https://site-0235.invalid/"" is interrupted by another navigation to ""chrome-error://chromewebdata/""
Call log:
  - navigating to ""https://site-0235.invalid/"", waiting until ""domcontentloaded""
",2.0,L1,20260311T031146Z,2026-03-11T03:18:28Z,,en-US,Chromium,Yes,No,None,,,,,,,,No,No,No,,,,,,,,,,No,,,,,,,,,,,,,,,,,CookiesConsentDataset/evidence_json/ACLDP_0235.json
ACLDP_0236,site-0236.invalid,https://site-0236.invalid,Failed,"Navigation error: Page.goto: Navigation to ""https://site-0236.invalid/"" is interrupted by another navigation to ""https://www.site-0235.invalid/intl?next=/&source=www.site-0235.invalid""
Call log:
  - navigating to ""https://site-0236.invalid/"", waiting until ""domcontentloaded""
",2.0,L1,20260311T031146Z,2026-03-11T03:18:29Z,,en-US,Chromium,Yes,No,None,,,,,,,,No,No,No,,,,,,,,,,No,,,,,,,,,,,,,,,,,CookiesConsentDataset/evidence_json/ACLDP_0236.json
ACLDP_0237,site-0237.invalid,https://site-0237.invalid,Failed,"Navigation error: Page.goto: Navigation to ""https://site-0237.invalid/"" is interrupted by another navigation to ""https://www.site-0236.invalid/""
Call log:
  - navigating to ""https://site-0237.invalid/"", waiting until ""domcontentloaded""
",2.0,L1,20260311T031146Z,2026-03-11T03:18:30Z,,en-US,Chromium,Yes,No,None,,,,,,,,No,No,No,,,,,,,,,,No,,,,,,,,,,,,,,,,,CookiesConsentDataset/evidence_json/ACLDP_0237.json
ACLDP_0238,site-0238.invalid,https://site-0238.invalid,Failed,"Navigation error: Page.goto: Navigation to ""https://site-0238.invalid/"" is interrupted by another navigation to ""https://home.misite-0100.invalid/""
Call log:
  - navigating to ""https://site-0238.invalid/"", waiting until ""domcontentloaded""
",2.0,L1,20260311T031146Z,2026-03-11T03:18:34Z,,en-US,Chromium,Yes,No,None,,,,,,,,No,No,No,,,,,,,,,,No,,,,,,,,,,,,,,,,,CookiesConsentDataset/evidence_json/ACLDP_0238.json
ACLDP_0239,site-0239.invalid,https://site-0239.invalid,Failed,"Navigation error: Page.goto: Navigation to ""https://site-0239.invalid/"" is interrupted by another navigation to ""https://www.site-0238.invalid/""
Call log:
  - navigating to ""https://site-0239.invalid/"", waiting until ""domcontentloaded""
",2.0,L1,20260311T031146Z,2026-03-11T03:18:35Z,,en-US,Chromium,Yes,No,None,,,,,,,,No,No,No,,,,,,,,,,No,,,,,,,,,,,,,,,,,CookiesConsentDataset/evidence_json/ACLDP_0239.json
ACLDP_0240,site-0240.invalid,https://site-0240.invalid,Failed,"Navigation error: Page.goto: net::ERR_NAME_NOT_RESOLVED at https://site-0240.invalid/
Call log:
  - navigating to ""https://site-0240.invalid/"", waiting until ""domcontentloaded""
",2.0,L1,20260311T031146Z,2026-03-11T03:18:36Z,,en-US,Chromium,Yes,No,None,,,,,,,,No,No,No,,,,,,,,,,No,,,,,,,,,,,,,,,,,CookiesConsentDataset/evidence_json/ACLDP_0240.json
ACLDP_0241,site-0241.invalid,https://site-0241.invalid,Failed,"Navigation error: Page.goto: net::ERR_NAME_NOT_RESOLVED at https://site-0241.invalid/
Call log:
  - navigating to ""https://site-0241.invalid/"", waiting until ""domcontentloaded""
",2.0,L1,20260311T031146Z,2026-03-11T03:18:36Z,,en-US,Chromium,Yes,No,None,,,,,,,,No,No,No,,,,,,,,,,No,,,,,,,,,,,,,,,,,CookiesConsentDataset/evidence_json/ACLDP_0241.json
ACLDP_0242,site-0242.invalid,https://site-0242.invalid,Failed,"Navigation error: Page.goto: net::ERR_CONNECTION_REFUSED at https://site-0242.invalid/
Call log:
  - navigating to ""https://site-0242.invalid/"", waiting until ""domcontentloaded""
",2.0,L1,20260311T031146Z,2026-03-11T03:18:36Z,,en-US,Chromium,Yes,No,None,,,,,,,,No,No,No,,,,,,,,,,No,,,,,,,,,,,,,,,,,CookiesConsentDataset/evidence_json/ACLDP_0242.json
ACLDP_0243,site-0243.invalid,https://site-0243.invalid,Completed,,0.0,L1,20260311T012437Z,2026-03-11T01:26:26Z,,en-US,Chromium,Yes,No,None,,OneTrust,HTML match: /onetrust/,No,,,,No,No,No,,,,,,,,,,No,,,,,,,,,,,,,,,,,CookiesConsentDataset/evidence_json/ACLDP_0243.json
ACLDP_0244,site-0244.invalid,https://site-0244.invalid,Completed,,0.0,L1,20260311T012437Z,2026-03-11T01:26:34Z,,en-US,Chromium,Yes,Yes,Banner,1.0,OneTrust,HTML match: /onetrust/,No,,"By clicking “Accept All Cookies”, you agree to the storing of cookies on your device to enhance site navigation, analyze site usage, and assist in our marketing efforts. Visit our privacy policy or our cookie notice to learn more. Accept cookies Reject all Your privacy choices",CookiesConsentDataset/screenshots/ACLDP_0244_L1.png,Yes,Yes,No,1.0,1.0,,0.0,0.0,3.0,3.0,Equal,1.0,No,,,,,,,,,,1.0,Reload,,,,,,CookiesConsentDataset/evidence_json/ACLDP_0244.json
ACLDP_0245,site-0245.invalid,https://site-0245.invalid,Completed,,0.0,L1,20260311T012437Z,2026-03-11T01:26:42Z,,en-US,Chromium,Yes,Yes,Banner,1.0,OneTrust,HTML match: /onetrust/,No,,"By continuing to use our website, you acknowledge the use of cookies. Privacy Statement Change Settings",CookiesConsentDataset/screenshots/ACLDP_0245_L1.png,No,No,No,,,,,,,,,0.0,No,,,,,,,,,,1.0,Reload,,,,,,CookiesConsentDataset/evidence_json/ACLDP_0245.json
ACLDP_0246,site-0246.invalid,https://site-0246.invalid,Failed,"Navigation error: Page.goto: net::ERR_CERT_COMMON_NAME_INVALID at https://site-0246.invalid/
Call log:
  - navigating to ""https://site-0246.invalid/"", waiting until ""domcontentloaded""
",2.0,L1,20260311T031146Z,2026-03-11T03:18:36Z,,en-US,Chromium,Yes,No,None,,,,,,,,No,No,No,,,,,,,,,,No,,,,,,,,,,,,,,,,,CookiesConsentDataset/evidence_json/ACLDP_0246.json
ACLDP_0247,site-0247.invalid,https://site-0247.invalid,Failed,"Navigation error: Page.goto: net::ERR_NAME_NOT_RESOLVED at https://site-0247.invalid/
Call log:
  - navigating to ""https://site-0247.invalid/"", waiting until ""domcontentloaded""
",2.0,L1,20260311T031146Z,2026-03-11T03:18:37Z,,en-US,Chromium,Yes,No,None,,,,,,,,No,No,No,,,,,,,,,,No,,,,,,,,,,,,,,,,,CookiesConsentDataset/evidence_json/ACLDP_0247.json
ACLDP_0248,site-0248.invalid,https://site-0248.invalid,Completed,,0.0,L1,20260311T012437Z,2026-03-11T01:26:50Z,,en-US,Chromium,Yes,No,None,,OneTrust,HTML match: /onetrust/,Yes,HTML match: /tcstring/,,,No,No,No,,,,,,,,,,No,,,,,,,,,,,,,,,,,CookiesConsentDataset/evidence_json/ACLDP_0248.json
ACLDP_0249,site-0249.invalid,https://site-0249.invalid,Completed,,0.0,L1,20260311T012437Z,2026-03-11T01:26:55Z,,en-US,Chromium,Yes,No,None,,Unknown,,No,,,,No,No,No,,,,,,,,,,No,,,,,,,,,,,,,,,,,CookiesConsentDataset/evidence_json/ACLDP_0249.json
ACLDP_0250,site-0250.invalid,https://site-0250.invalid,Failed,Navigation timeout,2.0,L1,20260311T031146Z,2026-03-11T03:18:37Z,,en-US,Chromium,Yes,No,None,,,,,,,,No,No,No,,,,,,,,,,No,,,,,,,,,,,,,,,,,CookiesConsentDataset/evidence_json/ACLDP_0250.json
ACLDP_0251,site-0251.invalid,https://site-0251.invalid,Failed,Navigation timeout,2.0,L1,20260311T031146Z,2026-03-11T03:19:22Z,,en-US,Chromium,Yes,No,None,,,,,,,,No,No,No,,,,,,,,,,No,,,,,,,,,,,,,,,,,CookiesConsentDataset/evidence_json/ACLDP_0251.json
ACLDP_0252,site-0252.invalid,https://site-0252.invalid,Failed,"Navigation error: Page.goto: net::ERR_NAME_NOT_RESOLVED at https://site-0252.invalid/
Call log:
  - navigating to ""https://site-0252.invalid/"", waiting until ""domcontentloaded""
",2.0,L1,20260311T031146Z,2026-03-11T03:20:07Z,,en-US,Chromium,Yes,No,None,,,,,,,,No,No,No,,,,,,,,,,No,,,,,,,,,,,,,,,,,CookiesConsentDataset/evidence_json/ACLDP_0252.json
ACLDP_0253,site-0253.invalid,https://site-0253.invalid,Completed,,1.0,L2,20260311T031146Z,2026-03-11T03:20:07Z,,en-US,Chromium,Yes,Yes,Banner,2.0,Unknown,,No,,"× close We use cookies to improve HubSpot’s site. Some cookies are necessary for our website and services to function properly. Other cookies are optional and help personalize your experience, including advertising and analytics. You can consent to all cookies, decline all optional cookies, or manage optional cookies. Without a selection, our default cookie settings will apply. You can change your...",CookiesConsentDataset/screenshots/ACLDP_0253_L1.png,Yes,Yes,Yes,1.0,1.0,1.0,0.0,0.0,1.0,1.0,Equal,1.0,Yes,"× close We use cookies to improve HubSpot’s site. Some cookies are necessary for our website and services to function properly. Other cookies are optional and help personalize your experience, including advertising and analytics. You can consent to all cookies, decline all optional cookies, or manage optional cookies. Without a selection, our default cookie settings will apply. You can change your...",CookiesConsentDataset/screenshots/ACLDP_0253_L2.png,5.0,0.0,1503.0,3.0,3.0,5.0,0.0,1.0,Reload,,,,,,CookiesConsentDataset/evidence_json/ACLDP_0253.json
ACLDP_0254,site-0254.invalid,https://site-0254.invalid,Completed,,0.0,L1,20260311T012437Z,2026-03-11T01:28:31Z,,en-US,Chromium,Yes,No,None,,Unknown,,No,,,,No,No,No,,,,,,,,,,No,,,,,,,,,,,,,,,,,CookiesConsentDataset/evidence_json/ACLDP_0254.json
ACLDP_0255,site-0255.invalid,https://site-0255.invalid,Completed,,0.0,L1,20260311T012437Z,2026-03-11T01:28:35Z,,en-US,Chromium,Yes,No,None,,Unknown,,Yes,HTML match: /tcstring/,,,No,No,No,,,,,,,,,,No,,,,,,,,,,,,,,,,,CookiesConsentDataset/evidence_json/ACLDP_0255.json
ACLDP_0256,site-0256.invalid,https://site-0256.invalid,Failed,"Navigation error: Page.goto: net::ERR_NAME_NOT_RESOLVED at https://site-0256.invalid/
Call log:
  - navigating to ""https://site-0256.invalid/"", waiting until ""domcontentloaded""
",2.0,L1,20260311T031146Z,2026-03-11T03:20:19Z,,en-US,Chromium,Yes,No,None,,,,,,,,No,No,No,,,,,,,,,,No,,,,,,,,,,,,,,,,,CookiesConsentDataset/evidence_json/ACLDP_0256.json
ACLDP_0257,site-0257.invalid,https://site-0257.invalid,Failed,"Navigation error: Page.goto: Navigation to ""https://site-0257.invalid/"" is interrupted by another navigation to ""chrome-error://chromewebdata/""
Call log:
  - navigating to ""https://site-0257.invalid/"", waiting until ""domcontentloaded""
",2.0,L1,20260311T031146Z,2026-03-11T03:20:20Z,,en-US,Chromium,Yes,No,None,,,,,,,,No,No,No,,,,,,,,,,No,,,,,,,,,,,,,,,,,CookiesConsentDataset/evidence_json/ACLDP_0257.json
ACLDP_0258,site-0258.invalid,https://site-0258.invalid,Failed,"Navigation error: Page.goto: net::ERR_NAME_NOT_RESOLVED at https://site-0258.invalid/
Call log:
  - navigating to ""https://site-0258.invalid/"", waiting until ""domcontentloaded""
",2.0,L1,20260311T031146Z,2026-03-11T03:20:20Z,,en-US,Chromium,Yes,No,None,,,,,,,,No,No,No,,,,,,,,,,No,,,,,,,,,,,,,,,,,CookiesConsentDataset/evidence_json/ACLDP_0258.json
ACLDP_0259,site-0259.invalid,https://site-0259.invalid,Failed,"Navigation error: Page.goto: Navigation to ""https://site-0259.invalid/"" is interrupted by another navigation to ""chrome-error://chromewebdata/""
Call log:
  - navigating to ""https://site-0259.invalid/"", waiting until ""domcontentloaded""
",2.0,L1,20260311T031146Z,2026-03-11T03:20:20Z,,en-US,Chromium,Yes,No,None,,,,,,,,No,No,No,,,,,,,,,,No,,,,,,,,,,,,,,,,,CookiesConsentDataset/evidence_json/ACLDP_0259.json
ACLDP_0260,site-0260.invalid,https://site-0260.invalid,Failed,"Navigation error: Page.goto: Navigation to ""https://site-0260.invalid/"" is interrupted by another navigation to ""https://www.site-0259.invalid/""
Call log:
  - navigating to ""https://site-0260.invalid/"", waiting until ""domcontentloaded""
",2.0,L1,20260311T031146Z,2026-03-11T03:20:21Z,,en-US,Chromium,Yes,No,None,,,,,,,,No,No,No,,,,,,,,,,No,,,,,,,,,,,,,,,,,CookiesConsentDataset/evidence_json/ACLDP_0260.json
ACLDP_0261,site-0261.invalid,https://site-0261.invalid,Failed,"Navigation error: Page.goto: net::ERR_NAME_NOT_RESOLVED at https://site-0261.invalid/
Call log:
  - navigating to ""https://site-0261.invalid/"", waiting until ""domcontentloaded""
",2.0,L1,20260311T031146Z,2026-03-11T03:20:24Z,,en-US,Chromium,Yes,No,None,,,,,,,,No,No,No,,,,,,,,,,No,,,,,,,,,,,,,,,,,CookiesConsentDataset/evidence_json/ACLDP_0261.json
ACLDP_0262,site-0262.invalid,https://site-0262.invalid,Failed,"Navigation error: Page.goto: Navigation to ""https://site-0262.invalid/"" is interrupted by another navigation to ""chrome-error://chromewebdata/""
Call log:
  - navigating to ""https://site-0262.invalid/"", waiting until ""domcontentloaded""
",2.0,L1,20260311T031146Z,2026-03-11T03:20:24Z,,en-US,Chromium,Yes,No,None,,,,,,,,No,No,No,,,,,,,,,,No,,,,,,,,,,,,,,,,,CookiesConsentDataset/evidence_json/ACLDP_0262.json
ACLDP_0263,site-0263.invalid,https://site-0263.invalid,Failed,"Navigation error: Page.goto: net::ERR_NAME_NOT_RESOLVED at https://site-0263.invalid/
Call log:
  - navigating to ""https://site-0263.invalid/"", waiting until ""domcontentloaded""
",2.0,L1,20260311T031146Z,2026-03-11T03:20:24Z,,en-US,Chromium,Yes,No,None,,,,,,,,No,No,No,,,,,,,,,,No,,,,,,,,,,,,,,,,,CookiesConsentDataset/evidence_json/ACLDP_0263.json
ACLDP_0264,site-0264.invalid,https://site-0264.invalid,Failed,"Navigation error: Page.goto: Navigation to ""https://site-0264.invalid/"" is interrupted by another navigation to ""chrome-error://chromewebdata/""
Call log:
  - navigating to ""https://site-0264.invalid/"", waiting until ""domcontentloaded""
",2.0,L1,20260311T031146Z,2026-03-11T03:20:24Z,,en-US,Chromium,Yes,No,None,,,,,,,,No,No,No,,,,,,,,,,No,,,,,,,,,,,,,,,,,CookiesConsentDataset/evidence_json/ACLDP_0264.json
ACLDP_0265,site-0265.invalid,https://site-0265.invalid,Failed,"Navigation error: Page.goto: net::ERR_NAME_NOT_RESOLVED at https://site-0265.invalid/
Call log:
  - navigating to ""https://site-0265.invalid/"", waiting until ""domcontentloaded""
",2.0,L1,20260311T031146Z,2026-03-11T03:20:25Z,,en-US,Chromium,Yes,No,None,,,,,,,,No,No,No,,,,,,,,,,No,,,,,,,,,,,,,,,,,CookiesConsentDataset/evidence_json/ACLDP_0265.json
ACLDP_0266,site-0266.invalid,https://site-0266.invalid,Failed,"Navigation error: Page.goto: Navigation to ""https://site-0266.invalid/"" is interrupted by another navigation to ""chrome-error://chromewebdata/""
Call log:
  - navigating to ""https://site-0266.invalid/"", waiting until ""domcontentloaded""
",2.0,L1,20260311T031146Z,2026-03-11T03:20:25Z,,en-US,Chromium,Yes,No,None,,,,,,,,No,No,No,,,,,,,,,,No,,,,,,,,,,,,,,,,,CookiesConsentDataset/evidence_json/ACLDP_0266.json
ACLDP_0267,site-0267.invalid,https://site-0267.invalid,Failed,"Navigation error: Page.goto: Navigation to ""https://site-0267.invalid/"" is interrupted by another navigation to ""https://www.site-0266.invalid/""
Call log:
  - navigating to ""https://site-0267.invalid/"", waiting until ""domcontentloaded""
",2.0,L1,20260311T031146Z,2026-03-11T03:20:27Z,,en-US,Chromium,Yes,No,None,,,,,,,,No,No,No,,,,,,,,,,No,,,,,,,,,,,,,,,,,CookiesConsentDataset/evidence_json/ACLDP_0267.json
ACLDP_0268,site-0268.invalid,https://site-0268.invalid,Failed,"Navigation error: Page.goto: Navigation to ""https://site-0268.invalid/"" is interrupted by another navigation to ""https://www.firefosite-0060.invalid/en-US/""
Call log:
  - navigating to ""https://site-0268.invalid/"", waiting until ""domcontentloaded""
",2.0,L1,20260311T031146Z,2026-03-11T03:20:29Z,,en-US,Chromium,Yes,No,None,,,,,,,,No,No,No,,,,,,,,,,No,,,,,,,,,,,,,,,,,CookiesConsentDataset/evidence_json/ACLDP_0268.json
ACLDP_0269,site-0269.invalid,https://site-0269.invalid,Failed,"Navigation error: Page.goto: Navigation to ""https://site-0269.invalid/"" is interrupted by another navigation to ""https://site-0268.invalid/""
Call log:
  - navigating to ""https://site-0269.invalid/"", waiting until ""domcontentloaded""
",2.0,L1,20260311T031146Z,2026-03-11T03:20:30Z,,en-US,Chromium,Yes,No,None,,,,,,,,No,No,No,,,,,,,,,,No,,,,,,,,,,,,,,,,,CookiesConsentDataset/evidence_json/ACLDP_0269.json
ACLDP_0270,site-0270.invalid,https://site-0270.invalid,Failed,"Navigation error: Page.goto: Navigation to ""https://site-0270.invalid/"" is interrupted by another navigation to ""https://site-0269.invalid/""
Call log:
  - navigating to ""https://site-0270.invalid/"", waiting until ""domcontentloaded""
",2.0,L1,20260311T031146Z,2026-03-11T03:20:30Z,,en-US,Chromium,Yes,No,None,,,,,,,,No,No,No,,,,,,,,,,No,,,,,,,,,,,,,,,,,CookiesConsentDataset/evidence_json/ACLDP_0270.json
ACLDP_0271,site-0271.invalid,https://site-0271.invalid,Failed,"Navigation error: Page.goto: net::ERR_NAME_NOT_RESOLVED at https://site-0271.invalid/
Call log:
  - navigating to ""https://site-0271.invalid/"", waiting until ""domcontentloaded""
",2.0,L1,20260311T031146Z,2026-03-11T03:20:31Z,,en-US,Chromium,Yes,No,None,,,,,,,,No,No,No,,,,,,,,,,No,,,,,,,,,,,,,,,,,CookiesConsentDataset/evidence_json/ACLDP_0271.json
ACLDP_0272,site-0272.invalid,https://site-0272.invalid,Failed,"Navigation error: Page.goto: net::ERR_NAME_NOT_RESOLVED at https://site-0272.invalid/
Call log:
  - navigating to ""https://site-0272.invalid/"", waiting until ""domcontentloaded""
",2.0,L1,20260311T031146Z,2026-03-11T03:20:33Z,,en-US,Chromium,Yes,No,None,,,,,,,,No,No,No,,,,,,,,,,No,,,,,,,,,,,,,,,,,CookiesConsentDataset/evidence_json/ACLDP_0272.json
ACLDP_0273,site-0273.invalid,https://site-0273.invalid,Failed,"Navigation error: Page.goto: net::ERR_NAME_NOT_RESOLVED at https://site-0273.invalid/
Call log:
  - navigating to ""https://site-0273.invalid/"", waiting until ""domcontentloaded""
",2.0,L1,20260311T031146Z,2026-03-11T03:20:33Z,,en-US,Chromium,Yes,No,None,,,,,,,,No,No,No,,,,,,,,,,No,,,,,,,,,,,,,,,,,CookiesConsentDataset/evidence_json/ACLDP_0273.json
ACLDP_0274,site-0274.invalid,https://site-0274.invalid,Completed,,0.0,L1,20260311T012839Z,2026-03-11T01:28:50Z,,en-US,Chromium,Yes,No,None,,Unknown,,No,,,,No,No,No,,,,,,,,,,No,,,,,,,,,,,,,,,,,CookiesConsentDataset/evidence_json/ACLDP_0274.json
ACLDP_0275,site-0275.invalid,https://site-0275.invalid,Completed,,0.0,L1,20260311T012839Z,2026-03-11T01:28:54Z,,en-US,Chromium,Yes,No,None,,Unknown,,No,,,,No,No,No,,,,,,,,,,No,,,,,,,,,,,,,,,,,CookiesConsentDataset/evidence_json/ACLDP_0275.json
ACLDP_0276,site-0276.invalid,https://site-0276.invalid,Completed,,0.0,L1,20260311T012839Z,2026-03-11T01:28:57Z,,en-US,Chromium,Yes,Yes,Banner,1.0,Unknown,,No,,"Cookie Consent We use cookies to enhance your experience, analyze site traffic, and improve our services. To learn more, read our Cookie Policy. Allow Only Necessary Allow All Cookies",CookiesConsentDataset/screenshots/ACLDP_0276_L1.png,Yes,No,No,1.0,,,,,1.0,,,1.0,No,,,,,,,,,,1.0,Reload,,,,,,CookiesConsentDataset/evidence_json/ACLDP_0276.json
ACLDP_0277,site-0277.invalid,https://site-0277.invalid,Failed,"Navigation error: Page.goto: net::ERR_NAME_NOT_RESOLVED at https://site-0277.invalid/
Call log:
  - navigating to ""https://site-0277.invalid/"", waiting until ""domcontentloaded""
",2.0,L1,20260311T031146Z,2026-03-11T03:20:33Z,,en-US,Chromium,Yes,No,None,,,,,,,,No,No,No,,,,,,,,,,No,,,,,,,,,,,,,,,,,CookiesConsentDataset/evidence_json/ACLDP_0277.json
ACLDP_0278,site-0278.invalid,https://site-0278.invalid,Completed,,1.0,L1,20260311T031146Z,2026-03-11T03:20:34Z,,en-US,Chromium,Yes,No,None,,OneTrust,HTML match: /onetrust/,No,,,,No,No,No,,,,,,,,,,No,,,,,,,,,,,,,,,,,CookiesConsentDataset/evidence_json/ACLDP_0278.json
ACLDP_0279,site-0279.invalid,https://site-0279.invalid,Completed,,1.0,L1,20260311T031146Z,2026-03-11T03:20:39Z,,en-US,Chromium,Yes,No,None,,Unknown,,No,,,,No,No,No,,,,,,,,,,No,,,,,,,,,,,,,,,,,CookiesConsentDataset/evidence_json/ACLDP_0279.json
ACLDP_0280,site-0280.invalid,https://site-0280.invalid,Completed,,1.0,L2,20260311T031146Z,2026-03-11T03:20:44Z,,en-US,Chromium,Yes,Yes,Modal,2.0,Unknown,,Yes,HTML match: /\btcf\b/,"Your privacy, your choice We use essential cookies to make sure the site can function. We also use optional cookies for advertising, personalisation of content, usage analysis, and social media, as well as to allow video information to be shared for both marketing, analytics and editorial purposes. By accepting optional cookies, you consent to the processing of your personal data - including trans...",CookiesConsentDataset/screenshots/ACLDP_0280_L1.png,Yes,Yes,Yes,1.0,1.0,1.0,0.0,0.0,2.0,2.0,Equal,1.0,Yes,"Your privacy, your choice We use essential cookies to make sure the site can function. We also use optional cookies for advertising, personalisation of content, usage analysis, and social media, as well as to allow video information to be shared for both marketing, analytics and editorial purposes. By accepting optional cookies, you consent to the processing of your personal data - including trans...",CookiesConsentDataset/screenshots/ACLDP_0280_L2.png,15.0,0.0,1517.0,3.0,4.0,15.0,0.0,1.0,Reload,,,,,,CookiesConsentDataset/evidence_json/ACLDP_0280.json
ACLDP_0281,site-0281.invalid,https://site-0281.invalid,Completed,,1.0,L1,20260311T031146Z,2026-03-11T03:20:54Z,,en-US,Chromium,Yes,No,None,,Unknown,,No,,,,No,No,No,,,,,,,,,,No,,,,,,,,,,,,,,,,,CookiesConsentDataset/evidence_json/ACLDP_0281.json
ACLDP_0282,site-0282.invalid,https://site-0282.invalid,Completed,,1.0,L1,20260311T031146Z,2026-03-11T03:20:59Z,,en-US,Chromium,Yes,No,None,,Unknown,,No,,,,No,No,No,,,,,,,,,,No,,,,,,,,,,,,,,,,,CookiesConsentDataset/evidence_json/ACLDP_0282.json
ACLDP_0283,site-0283.invalid,https://site-0283.invalid,Completed,,1.0,L1,20260311T031146Z,2026-03-11T03:21:03Z,,en-US,Chromium,Yes,Yes,Banner,1.0,Unknown,,Yes,HTML match: /tcstring/,"We use third-party cookies to measure website performance, analytics, personalize content and ads for you. Read our cookie policy for more details. DECLINE CUSTOMIZE ACCEPT ALL",CookiesConsentDataset/screenshots/ACLDP_0283_L1.png,Yes,Yes,No,1.0,1.0,,0.0,0.0,1.0,1.0,Larger,1.0,No,,,,,,,,,,1.0,Reload,,,,,,CookiesConsentDataset/evidence_json/ACLDP_0283.json
ACLDP_0284,site-0284.invalid,https://site-0284.invalid,Failed,"Navigation error: Page.goto: net::ERR_NAME_NOT_RESOLVED at https://site-0284.invalid/
Call log:
  - navigating to ""https://site-0284.invalid/"", waiting until ""domcontentloaded""
",2.0,L1,20260311T031146Z,2026-03-11T03:21:11Z,,en-US,Chromium,Yes,No,None,,,,,,,,No,No,No,,,,,,,,,,No,,,,,,,,,,,,,,,,,CookiesConsentDataset/evidence_json/ACLDP_0284.json
ACLDP_0285,site-0285.invalid,https://site-0285.invalid,Failed,"Navigation error: Page.goto: Navigation to ""https://site-0285.invalid/"" is interrupted by another navigation to ""chrome-error://chromewebdata/""
Call log:
  - navigating to ""https://site-0285.invalid/"", waiting until ""domcontentloaded""
",2.0,L1,20260311T031146Z,2026-03-11T03:21:11Z,,en-US,Chromium,Yes,No,None,,,,,,,,No,No,No,,,,,,,,,,No,,,,,,,,,,,,,,,,,CookiesConsentDataset/evidence_json/ACLDP_0285.json
ACLDP_0286,site-0286.invalid,https://site-0286.invalid,Failed,"Navigation error: Page.goto: net::ERR_NAME_NOT_RESOLVED at https://site-0286.invalid/
Call log:
  - navigating to ""https://site-0286.invalid/"", waiting until ""domcontentloaded""
",2.0,L1,20260311T031146Z,2026-03-11T03:21:12Z,,en-US,Chromium,Yes,No,None,,,,,,,,No,No,No,,,,,,,,,,No,,,,,,,,,,,,,,,,,CookiesConsentDataset/evidence_json/ACLDP_0286.json
ACLDP_0287,site-0287.invalid,https://site-0287.invalid,Completed,,0.0,L1,20260311T012839Z,2026-03-11T01:29:14Z,,en-US,Chromium,Yes,Yes,Banner,1.0,Cookiebot,HTML match: /cookiebot/,Yes,HTML match: /tcstring/,"This website uses cookies. We use cookies to personalise content and ads, to provide social media features and to analyse our traffic. We also share information about your use of our site with our social media, advertising and analytics partners who may combine it with other information that you’ve provided to them or that they’ve collected from your use of their services. For more information abo...",CookiesConsentDataset/screenshots/ACLDP_0287_L1.png,Yes,Yes,No,1.0,1.0,,0.0,0.0,2.0,2.0,Equal,1.0,No,,,,,,,,,,0.0,,,,,,,CookiesConsentDataset/evidence_json/ACLDP_0287.json
ACLDP_0288,site-0288.invalid,https://site-0288.invalid,Failed,"Navigation error: Page.goto: net::ERR_NAME_NOT_RESOLVED at https://site-0288.invalid/
Call log:
  - navigating to ""https://site-0288.invalid/"", waiting until ""domcontentloaded""
",2.0,L1,20260311T031146Z,2026-03-11T03:21:12Z,,en-US,Chromium,Yes,No,None,,,,,,,,No,No,No,,,,,,,,,,No,,,,,,,,,,,,,,,,,CookiesConsentDataset/evidence_json/ACLDP_0288.json
ACLDP_0289,site-0289.invalid,https://site-0289.invalid,Completed,,1.0,L1,20260311T031146Z,2026-03-11T03:21:12Z,,en-US,Chromium,Yes,No,None,,Unknown,,No,,,,No,No,No,,,,,,,,,,No,,,,,,,,,,,,,,,,,CookiesConsentDataset/evidence_json/ACLDP_0289.json
ACLDP_0290,site-0290.invalid,https://site-0290.invalid,Completed,,1.0,L1,20260311T031146Z,2026-03-11T03:21:15Z,,en-US,Chromium,Yes,No,None,,Unknown,,No,,,,No,No,No,,,,,,,,,,No,,,,,,,,,,,,,,,,,CookiesConsentDataset/evidence_json/ACLDP_0290.json
ACLDP_0291,site-0291.invalid,https://site-0291.invalid,Failed,"Navigation error: Page.goto: net::ERR_CERT_COMMON_NAME_INVALID at https://site-0291.invalid/
Call log:
  - navigating to ""https://site-0291.invalid/"", waiting until ""domcontentloaded""
",2.0,L1,20260311T031146Z,2026-03-11T03:21:18Z,,en-US,Chromium,Yes,No,None,,,,,,,,No,No,No,,,,,,,,,,No,,,,,,,,,,,,,,,,,CookiesConsentDataset/evidence_json/ACLDP_0291.json
ACLDP_0292,site-0292.invalid,https://site-0292.invalid,Failed,"Navigation error: Page.goto: Navigation to ""https://site-0292.invalid/"" is interrupted by another navigation to ""chrome-error://chromewebdata/""
Call log:
  - navigating to ""https://site-0292.invalid/"", waiting until ""domcontentloaded""
",2.0,L1,20260311T031146Z,2026-03-11T03:21:18Z,,en-US,Chromium,Yes,No,None,,,,,,,,No,No,No,,,,,,,,,,No,,,,,,,,,,,,,,,,,CookiesConsentDataset/evidence_json/ACLDP_0292.json
ACLDP_0293,site-0293.invalid,https://site-0293.invalid,Failed,"Navigation error: Page.goto: Navigation to ""https://site-0293.invalid/"" is interrupted by another navigation to ""https://www.site-0292.invalid/""
Call log:
  - navigating to ""https://site-0293.invalid/"", waiting until ""domcontentloaded""
",2.0,L1,20260311T031146Z,2026-03-11T03:21:19Z,,en-US,Chromium,Yes,No,None,,,,,,,,No,No,No,,,,,,,,,,No,,,,,,,,,,,,,,,,,CookiesConsentDataset/evidence_json/ACLDP_0293.json
ACLDP_0294,site-0294.invalid,https://site-0294.invalid,Completed,,0.0,L1,20260311T012839Z,2026-03-11T01:29:27Z,,en-US,Chromium,Yes,No,None,,Unknown,,Yes,HTML match: /tcstring/,,,No,No,No,,,,,,,,,,No,,,,,,,,,,,,,,,,,CookiesConsentDataset/evidence_json/ACLDP_0294.json
ACLDP_0295,site-0295.invalid,https://site-0295.invalid,Completed,,0.0,L1,20260311T012839Z,2026-03-11T01:29:31Z,,en-US,Chromium,Yes,Yes,Modal,1.0,Unknown,,No,,"Cookies on GOV.UK We use some essential cookies to make this website work. We’d like to set additional cookies to understand how you use GOV.UK, remember your settings and improve government services. We also use cookies set by other sites to help us deliver content from their services. Accept additional cookies Reject additional cookies View cookies",CookiesConsentDataset/screenshots/ACLDP_0295_L1.png,Yes,Yes,No,1.0,1.0,,0.0,0.0,2.0,2.0,Equal,1.0,No,,,,,,,,,,1.0,Reload,,,,,,CookiesConsentDataset/evidence_json/ACLDP_0295.json
ACLDP_0296,site-0296.invalid,https://site-0296.invalid,Failed,"Navigation error: Page.goto: net::ERR_NAME_NOT_RESOLVED at https://site-0296.invalid/
Call log:
  - navigating to ""https://site-0296.invalid/"", waiting until ""domcontentloaded""
",2.0,L1,20260311T031146Z,2026-03-11T03:21:20Z,,en-US,Chromium,Yes,No,None,,,,,,,,No,No,No,,,,,,,,,,No,,,,,,,,,,,,,,,,,CookiesConsentDataset/evidence_json/ACLDP_0296.json
ACLDP_0297,site-0297.invalid,https://site-0297.invalid,Failed,"Navigation error: Page.goto: Navigation to ""https://site-0297.invalid/"" is interrupted by another navigation to ""chrome-error://chromewebdata/""
Call log:
  - navigating to ""https://site-0297.invalid/"", waiting until ""domcontentloaded""
",2.0,L1,20260311T031146Z,2026-03-11T03:21:20Z,,en-US,Chromium,Yes,No,None,,,,,,,,No,No,No,,,,,,,,,,No,,,,,,,,,,,,,,,,,CookiesConsentDataset/evidence_json/ACLDP_0297.json
ACLDP_0298,site-0298.invalid,https://site-0298.invalid,Failed,"Navigation error: Page.goto: Navigation to ""https://site-0298.invalid/"" is interrupted by another navigation to ""https://store.site-0297.invalid/""
Call log:
  - navigating to ""https://site-0298.invalid/"", waiting until ""domcontentloaded""
",2.0,L1,20260311T031146Z,2026-03-11T03:21:21Z,,en-US,Chromium,Yes,No,None,,,,,,,,No,No,No,,,,,,,,,,No,,,,,,,,,,,,,,,,,CookiesConsentDataset/evidence_json/ACLDP_0298.json
ACLDP_0299,site-0299.invalid,https://site-0299.invalid,Failed,"Navigation error: Page.goto: Navigation to ""https://site-0299.invalid/"" is interrupted by another navigation to ""https://www.site-0298.invalid/us-en""
Call log:
  - navigating to ""https://site-0299.invalid/"", waiting until ""domcontentloaded""
",2.0,L1,20260311T031146Z,2026-03-11T03:21:23Z,,en-US,Chromium,Yes,No,None,,,,,,,,No,No,No,,,,,,,,,,No,,,,,,,,,,,,,,,,,CookiesConsentDataset/evidence_json/ACLDP_0299.json
ACLDP_0300,site-0300.invalid,https://site-0300.invalid,Failed,"Navigation error: Page.goto: Navigation to ""https://site-0300.invalid/"" is interrupted by another navigation to ""https://www.site-0299.invalid/""
Call log:
  - navigating to ""https://site-0300.invalid/"", waiting until ""domcontentloaded""
",2.0,L1,20260311T031146Z,2026-03-11T03:21:24Z,,en-US,Chromium,Yes,No,None,,,,,,,,No,No,No,,,,,,,,,,No,,,,,,,,,,,,,,,,,CookiesConsentDataset/evidence_json/ACLDP_0300.json
ACLDP_0301,site-0301.invalid,https://site-0301.invalid,Failed,"Navigation error: Page.goto: Navigation to ""https://site-0301.invalid/"" is interrupted by another navigation to ""https://blog.google/""
Call log:
  - navigating to ""https://site-0301.invalid/"", waiting until ""domcontentloaded""
",2.0,L1,20260311T031146Z,2026-03-11T03:21:26Z,,en-US,Chromium,Yes,No,None,,,,,,,,No,No,No,,,,,,,,,,No,,,,,,,,,,,,,,,,,CookiesConsentDataset/evidence_json/ACLDP_0301.json
ACLDP_0302,site-0302.invalid,https://site-0302.invalid,Failed,"Navigation error: Page.goto: net::ERR_SSL_PROTOCOL_ERROR at https://site-0302.invalid/
Call log:
  - navigating to ""https://site-0302.invalid/"", waiting until ""domcontentloaded""
",2.0,L1,20260311T031146Z,2026-03-11T03:21:27Z,,en-US,Chromium,Yes,No,None,,,,,,,,No,No,No,,,,,,,,,,No,,,,,,,,,,,,,,,,,CookiesConsentDataset/evidence_json/ACLDP_0302.json
ACLDP_0303,site-0303.invalid,https://site-0303.invalid,Failed,"Navigation error: Page.goto: Navigation to ""https://site-0303.invalid/"" is interrupted by another navigation to ""chrome-error://chromewebdata/""
Call log:
  - navigating to ""https://site-0303.invalid/"", waiting until ""domcontentloaded""
",2.0,L1,20260311T031146Z,2026-03-11T03:21:27Z,,en-US,Chromium,Yes,No,None,,,,,,,,No,No,No,,,,,,,,,,No,,,,,,,,,,,,,,,,,CookiesConsentDataset/evidence_json/ACLDP_0303.json
ACLDP_0304,site-0304.invalid,https://site-0304.invalid,Failed,"Navigation error: Page.goto: net::ERR_NAME_NOT_RESOLVED at https://site-0304.invalid/
Call log:
  - navigating to ""https://site-0304.invalid/"", waiting until ""domcontentloaded""
",2.0,L1,20260311T031146Z,2026-03-11T03:21:29Z,,en-US,Chromium,Yes,No,None,,,,,,,,No,No,No,,,,,,,,,,No,,,,,,,,,,,,,,,,,CookiesConsentDataset/evidence_json/ACLDP_0304.json
ACLDP_0305,site-0305.invalid,https://site-0305.invalid,Failed,"Navigation error: Page.goto: net::ERR_HTTP2_PROTOCOL_ERROR at https://site-0305.invalid/
Call log:
  - navigating to ""https://site-0305.invalid/"", waiting until ""domcontentloaded""",2.0,L1,20260311T031146Z,2026-03-11T03:21:29Z,,en-US,Chromium,Yes,No,None,,,,,,,,No,No,No,,,,,,,,,,No,,,,,,,,,,,,,,,,,CookiesConsentDataset/evidence_json/ACLDP_0305.json
ACLDP_0306,site-0306.invalid,https://site-0306.invalid,Completed,,0.0,L1,20260311T012948Z,2026-03-11T01:29:49Z,,en-US,Chromium,Yes,Yes,Banner,1.0,Unknown,,No,,This website uses cookies to ensure you get the best experience on our website. Learn more Got it!,CookiesConsentDataset/screenshots/ACLDP_0306_L1.png,Yes,No,No,1.0,,,,,2.0,,,1.0,No,,,,,,,,,,1.0,Reload,,,,,,CookiesConsentDataset/evidence_json/ACLDP_0306.json
ACLDP_0307,site-0307.invalid,https://site-0307.invalid,Failed,Navigation timeout,2.0,L1,20260311T031146Z,2026-03-11T03:21:30Z,,en-US,Chromium,Yes,No,None,,,,,,,,No,No,No,,,,,,,,,,No,,,,,,,,,,,,,,,,,CookiesConsentDataset/evidence_json/ACLDP_0307.json
ACLDP_0308,site-0308.invalid,https://site-0308.invalid,Completed,,0.0,L1,20260311T012948Z,2026-03-11T01:30:43Z,,en-US,Chromium,Yes,No,None,,Unknown,,No,,,,No,No,No,,,,,,,,,,No,,,,,,,,,,,,,,,,,CookiesConsentDataset/evidence_json/ACLDP_0308.json
ACLDP_0309,site-0309.invalid,https://site-0309.invalid,Completed,,0.0,L1,20260311T012948Z,2026-03-11T01:30:49Z,,en-US,Chromium,Yes,No,None,,Unknown,,No,,,,No,No,No,,,,,,,,,,No,,,,,,,,,,,,,,,,,CookiesConsentDataset/evidence_json/ACLDP_0309.json
ACLDP_0310,site-0310.invalid,https://site-0310.invalid,Completed,,0.0,L1,20260311T012948Z,2026-03-11T01:30:53Z,,en-US,Chromium,Yes,No,None,,Unknown,,No,,,,No,No,No,,,,,,,,,,No,,,,,,,,,,,,,,,,,CookiesConsentDataset/evidence_json/ACLDP_0310.json
ACLDP_0311,site-0311.invalid,https://site-0311.invalid,Completed,,0.0,L1,20260311T012948Z,2026-03-11T01:30:57Z,,en-US,Chromium,Yes,No,None,,Sourcepoint,HTML match: /sourcepoint/,Yes,HTML match: /__tcfapi/,,,No,No,No,,,,,,,,,,No,,,,,,,,,,,,,,,,,CookiesConsentDataset/evidence_json/ACLDP_0311.json
ACLDP_0312,site-0312.invalid,https://site-0312.invalid,Completed,,0.0,L1,20260311T012948Z,2026-03-11T01:31:02Z,,en-US,Chromium,Yes,No,None,,Unknown,,Yes,HTML match: /__tcfapi/,,,No,No,No,,,,,,,,,,No,,,,,,,,,,,,,,,,,CookiesConsentDataset/evidence_json/ACLDP_0312.json
ACLDP_0313,site-0313.invalid,https://site-0313.invalid,Completed,,0.0,L1,20260311T012948Z,2026-03-11T01:31:08Z,,en-US,Chromium,Yes,No,None,,Unknown,,No,,,,No,No,No,,,,,,,,,,No,,,,,,,,,,,,,,,,,CookiesConsentDataset/evidence_json/ACLDP_0313.json
ACLDP_0314,site-0314.invalid,https://site-0314.invalid,Completed,,0.0,L2,20260311T012948Z,2026-03-11T01:31:12Z,,en-US,Chromium,Yes,Yes,Modal,2.0,Unknown,,Yes,HTML match: /\btcf\b/,"Your privacy, your choice We use essential cookies to make sure the site can function. We also use optional cookies for advertising, personalisation of content, usage analysis, and social media, as well as to allow video information to be shared for both marketing, analytics and editorial purposes. By accepting optional cookies, you consent to the processing of your personal data - including trans...",CookiesConsentDataset/screenshots/ACLDP_0314_L1.png,Yes,Yes,Yes,1.0,1.0,1.0,0.0,0.0,2.0,2.0,Equal,1.0,Yes,"Your privacy, your choice We use essential cookies to make sure the site can function. We also use optional cookies for advertising, personalisation of content, usage analysis, and social media, as well as to allow video information to be shared for both marketing, analytics and editorial purposes. By accepting optional cookies, you consent to the processing of your personal data - including trans...",CookiesConsentDataset/screenshots/ACLDP_0314_L2.png,16.0,0.0,1843.0,4.0,3.0,16.0,0.0,1.0,Reload,,,,,,CookiesConsentDataset/evidence_json/ACLDP_0314.json
ACLDP_0315,site-0315.invalid,https://site-0315.invalid,Completed,,0.0,L1,20260311T012948Z,2026-03-11T01:31:24Z,,en-US,Chromium,Yes,No,None,,Unknown,,No,,,,No,No,No,,,,,,,,,,No,,,,,,,,,,,,,,,,,CookiesConsentDataset/evidence_json/ACLDP_0315.json
ACLDP_0316,site-0316.invalid,https://site-0316.invalid,Completed,,0.0,L1,20260311T012948Z,2026-03-11T01:31:28Z,,en-US,Chromium,Yes,No,None,,OneTrust,HTML match: /onetrust/,No,,,,No,No,No,,,,,,,,,,No,,,,,,,,,,,,,,,,,CookiesConsentDataset/evidence_json/ACLDP_0316.json
ACLDP_0317,site-0317.invalid,https://site-0317.invalid,Completed,,0.0,L1,20260311T012948Z,2026-03-11T01:31:33Z,,en-US,Chromium,Yes,No,None,,OneTrust,HTML match: /onetrust/,No,,,,No,No,No,,,,,,,,,,No,,,,,,,,,,,,,,,,,CookiesConsentDataset/evidence_json/ACLDP_0317.json
ACLDP_0318,site-0318.invalid,https://site-0318.invalid,Completed,,0.0,L1,20260311T012948Z,2026-03-11T01:31:38Z,,en-US,Chromium,Yes,No,None,,Unknown,,No,,,,No,No,No,,,,,,,,,,No,,,,,,,,,,,,,,,,,CookiesConsentDataset/evidence_json/ACLDP_0318.json
ACLDP_0319,site-0319.invalid,https://site-0319.invalid,Completed,,0.0,L1,20260311T012948Z,2026-03-11T01:31:43Z,,en-US,Chromium,Yes,No,None,,Unknown,,No,,,,No,No,No,,,,,,,,,,No,,,,,,,,,,,,,,,,,CookiesConsentDataset/evidence_json/ACLDP_0319.json
ACLDP_0320,site-0320.invalid,https://site-0320.invalid,Completed,,0.0,L1,20260311T012948Z,2026-03-11T01:31:47Z,,en-US,Chromium,Yes,No,None,,OneTrust,HTML match: /onetrust/,No,,,,No,No,No,,,,,,,,,,No,,,,,,,,,,,,,,,,,CookiesConsentDataset/evidence_json/ACLDP_0320.json
ACLDP_0321,site-0321.invalid,https://site-0321.invalid,Completed,,0.0,L1,20260311T012948Z,2026-03-11T01:31:51Z,,en-US,Chromium,Yes,No,None,,Unknown,,No,,,,No,No,No,,,,,,,,,,No,,,,,,,,,,,,,,,,,CookiesConsentDataset/evidence_json/ACLDP_0321.json
ACLDP_0322,site-0322.invalid,https://site-0322.invalid,Completed,,0.0,L1,20260311T012948Z,2026-03-11T01:31:56Z,,en-US,Chromium,Yes,No,None,,Unknown,,No,,,,No,No,No,,,,,,,,,,No,,,,,,,,,,,,,,,,,CookiesConsentDataset/evidence_json/ACLDP_0322.json
ACLDP_0323,site-0323.invalid,https://site-0323.invalid,Completed,,0.0,L1,20260311T012948Z,2026-03-11T01:32:00Z,,en-US,Chromium,Yes,No,None,,Unknown,,No,,,,No,No,No,,,,,,,,,,No,,,,,,,,,,,,,,,,,CookiesConsentDataset/evidence_json/ACLDP_0323.json
ACLDP_0324,site-0324.invalid,https://site-0324.invalid,Completed,,0.0,L1,20260311T012948Z,2026-03-11T01:32:04Z,,en-US,Chromium,Yes,Yes,Modal,1.0,OneTrust,HTML match: /cookiepro/,Yes,HTML match: /__tcfapi/,"We and our 77 partners process your personal data, e.g. your IP-number, using technology such as cookies to store and access information on your device in order to serve personalized ads and content, ad and content measurement, audience research and services development. You have a choice in who uses your data and for what purposes. Your privacy choices are only applicable on this digital property...",CookiesConsentDataset/screenshots/ACLDP_0324_L1.png,No,No,No,,,,,,,,,0.0,No,,,,,,,,,,1.0,Reload,,,,,,CookiesConsentDataset/evidence_json/ACLDP_0324.json
ACLDP_0325,site-0325.invalid,https://site-0325.invalid,Completed,,0.0,L1,20260311T012948Z,2026-03-11T01:32:12Z,,en-US,Chromium,Yes,No,None,,Unknown,,No,,,,No,No,No,,,,,,,,,,No,,,,,,,,,,,,,,,,,CookiesConsentDataset/evidence_json/ACLDP_0325.json
ACLDP_0326,site-0326.invalid,https://site-0326.invalid,Failed,Navigation timeout,2.0,L1,20260311T031146Z,2026-03-11T03:22:15Z,,en-US,Chromium,Yes,No,None,,,,,,,,No,No,No,,,,,,,,,,No,,,,,,,,,,,,,,,,,CookiesConsentDataset/evidence_json/ACLDP_0326.json
ACLDP_0327,site-0327.invalid,https://site-0327.invalid,Completed,,0.0,L1,20260311T012948Z,2026-03-11T01:33:00Z,,en-US,Chromium,Yes,No,None,,Unknown,,Yes,HTML match: /tcstring/,,,No,No,No,,,,,,,,,,No,,,,,,,,,,,,,,,,,CookiesConsentDataset/evidence_json/ACLDP_0327.json
ACLDP_0328,site-0328.invalid,https://site-0328.invalid,Failed,"Navigation error: Page.goto: net::ERR_CONNECTION_RESET at https://site-0328.invalid/
Call log:
  - navigating to ""https://site-0328.invalid/"", waiting until ""domcontentloaded""
",2.0,L1,20260311T031146Z,2026-03-11T03:23:00Z,,en-US,Chromium,Yes,No,None,,,,,,,,No,No,No,,,,,,,,,,No,,,,,,,,,,,,,,,,,CookiesConsentDataset/evidence_json/ACLDP_0328.json
ACLDP_0329,site-0329.invalid,https://site-0329.invalid,Failed,"Navigation error: Page.goto: net::ERR_NAME_NOT_RESOLVED at https://site-0329.invalid/
Call log:
  - navigating to ""https://site-0329.invalid/"", waiting until ""domcontentloaded""
",2.0,L1,20260311T031146Z,2026-03-11T03:23:00Z,,en-US,Chromium,Yes,No,None,,,,,,,,No,No,No,,,,,,,,,,No,,,,,,,,,,,,,,,,,CookiesConsentDataset/evidence_json/ACLDP_0329.json
ACLDP_0330,site-0330.invalid,https://site-0330.invalid,Completed,,0.0,L1,20260311T012948Z,2026-03-11T01:33:10Z,,en-US,Chromium,Yes,No,None,,Unknown,,No,,,,No,No,No,,,,,,,,,,No,,,,,,,,,,,,,,,,,CookiesConsentDataset/evidence_json/ACLDP_0330.json
ACLDP_0331,site-0331.invalid,https://site-0331.invalid,Completed,,0.0,L1,20260311T012948Z,2026-03-11T01:33:13Z,,en-US,Chromium,Yes,Yes,Banner,1.0,Unknown,,No,,"🍪 Мы используем cookies для улучшения вашего опыта. Продолжая, вы соглашаетесь с нашей политикой Cookies и политикой конфиденциальности Принять",CookiesConsentDataset/screenshots/ACLDP_0331_L1.png,Yes,No,No,1.0,,,,,2.0,,,1.0,No,,,,,,,,,,1.0,Reload,,,,,,CookiesConsentDataset/evidence_json/ACLDP_0331.json
ACLDP_0332,site-0332.invalid,https://site-0332.invalid,Failed,Navigation timeout,2.0,L1,20260311T031146Z,2026-03-11T03:23:00Z,,en-US,Chromium,Yes,No,None,,,,,,,,No,No,No,,,,,,,,,,No,,,,,,,,,,,,,,,,,CookiesConsentDataset/evidence_json/ACLDP_0332.json
ACLDP_0333,site-0333.invalid,https://site-0333.invalid,Completed,,0.0,L1,20260311T012948Z,2026-03-11T01:34:05Z,,en-US,Chromium,Yes,No,None,,OneTrust,HTML match: /onetrust/,No,,,,No,No,No,,,,,,,,,,No,,,,,,,,,,,,,,,,,CookiesConsentDataset/evidence_json/ACLDP_0333.json
ACLDP_0334,site-0334.invalid,https://site-0334.invalid,Completed,,0.0,L1,20260311T012948Z,2026-03-11T01:34:11Z,,en-US,Chromium,Yes,No,None,,Unknown,,No,,,,No,No,No,,,,,,,,,,No,,,,,,,,,,,,,,,,,CookiesConsentDataset/evidence_json/ACLDP_0334.json
ACLDP_0335,site-0335.invalid,https://site-0335.invalid,Failed,"Navigation error: Page.goto: net::ERR_NAME_NOT_RESOLVED at https://site-0335.invalid/
Call log:
  - navigating to ""https://site-0335.invalid/"", waiting until ""domcontentloaded""
",2.0,L1,20260311T031146Z,2026-03-11T03:23:45Z,,en-US,Chromium,Yes,No,None,,,,,,,,No,No,No,,,,,,,,,,No,,,,,,,,,,,,,,,,,CookiesConsentDataset/evidence_json/ACLDP_0335.json
ACLDP_0336,site-0336.invalid,https://site-0336.invalid,Failed,"Navigation error: Page.goto: net::ERR_CONNECTION_REFUSED at https://site-0336.invalid/
Call log:
  - navigating to ""https://site-0336.invalid/"", waiting until ""domcontentloaded""
",2.0,L1,20260311T032346Z,2026-03-11T03:23:46Z,,en-US,Chromium,Yes,No,None,,,,,,,,No,No,No,,,,,,,,,,No,,,,,,,,,,,,,,,,,CookiesConsentDataset/evidence_json/ACLDP_0336.json
ACLDP_0337,site-0337.invalid,https://site-0337.invalid,Completed,,0.0,L1,20260311T012948Z,2026-03-11T01:34:17Z,,en-US,Chromium,Yes,No,None,,Didomi,HTML match: /didomi/,No,,,,No,No,No,,,,,,,,,,No,,,,,,,,,,,,,,,,,CookiesConsentDataset/evidence_json/ACLDP_0337.json
ACLDP_0338,site-0338.invalid,https://site-0338.invalid,Failed,"Navigation error: Page.goto: net::ERR_NAME_NOT_RESOLVED at https://site-0338.invalid/
Call log:
  - navigating to ""https://site-0338.invalid/"", waiting until ""domcontentloaded""
",2.0,L1,20260311T032346Z,2026-03-11T03:23:46Z,,en-US,Chromium,Yes,No,None,,,,,,,,No,No,No,,,,,,,,,,No,,,,,,,,,,,,,,,,,CookiesConsentDataset/evidence_json/ACLDP_0338.json
ACLDP_0339,site-0339.invalid,https://site-0339.invalid,Completed,,1.0,L1,20260311T032346Z,2026-03-11T03:23:46Z,,en-US,Chromium,Yes,No,None,,Unknown,,No,,,,No,No,No,,,,,,,,,,No,,,,,,,,,,,,,,,,,CookiesConsentDataset/evidence_json/ACLDP_0339.json
ACLDP_0340,site-0340.invalid,https://site-0340.invalid,Completed,,1.0,L1,20260311T032346Z,2026-03-11T03:23:51Z,,en-US,Chromium,Yes,No,None,,Unknown,,No,,,,No,No,No,,,,,,,,,,No,,,,,,,,,,,,,,,,,CookiesConsentDataset/evidence_json/ACLDP_0340.json
ACLDP_0341,site-0341.invalid,https://site-0341.invalid,Completed,,1.0,L1,20260311T032346Z,2026-03-11T03:24:01Z,,en-US,Chromium,Yes,No,None,,Unknown,,No,,,,No,No,No,,,,,,,,,,No,,,,,,,,,,,,,,,,,CookiesConsentDataset/evidence_json/ACLDP_0341.json
ACLDP_0342,site-0342.invalid,https://site-0342.invalid,Failed,"Navigation error: Page.goto: net::ERR_NAME_NOT_RESOLVED at https://site-0342.invalid/
Call log:
  - navigating to ""https://site-0342.invalid/"", waiting until ""domcontentloaded""
",2.0,L1,20260311T032346Z,2026-03-11T03:24:07Z,,en-US,Chromium,Yes,No,None,,,,,,,,No,No,No,,,,,,,,,,No,,,,,,,,,,,,,,,,,CookiesConsentDataset/evidence_json/ACLDP_0342.json
ACLDP_0343,site-0343.invalid,https://site-0343.invalid,Failed,"Navigation error: Page.goto: net::ERR_TIMED_OUT at https://site-0343.invalid/
Call log:
  - navigating to ""https://site-0343.invalid/"", waiting until ""domcontentloaded""
",2.0,L1,20260311T032346Z,2026-03-11T03:24:07Z,,en-US,Chromium,Yes,No,None,,,,,,,,No,No,No,,,,,,,,,,No,,,,,,,,,,,,,,,,,CookiesConsentDataset/evidence_json/ACLDP_0343.json
ACLDP_0344,site-0344.invalid,https://site-0344.invalid,Failed,Navigation timeout,2.0,L1,20260311T032346Z,2026-03-11T03:24:42Z,,en-US,Chromium,Yes,No,None,,,,,,,,No,No,No,,,,,,,,,,No,,,,,,,,,,,,,,,,,CookiesConsentDataset/evidence_json/ACLDP_0344.json
ACLDP_0345,site-0345.invalid,https://site-0345.invalid,Completed,,0.0,L1,20260311T012948Z,2026-03-11T01:35:26Z,,en-US,Chromium,Yes,No,None,,Unknown,,No,,,,No,No,No,,,,,,,,,,No,,,,,,,,,,,,,,,,,CookiesConsentDataset/evidence_json/ACLDP_0345.json
ACLDP_0346,site-0346.invalid,https://site-0346.invalid,Failed,"Navigation error: Page.goto: net::ERR_HTTP2_PROTOCOL_ERROR at https://site-0346.invalid/
Call log:
  - navigating to ""https://site-0346.invalid/"", waiting until ""domcontentloaded""",2.0,L1,20260311T032346Z,2026-03-11T03:25:27Z,,en-US,Chromium,Yes,No,None,,,,,,,,No,No,No,,,,,,,,,,No,,,,,,,,,,,,,,,,,CookiesConsentDataset/evidence_json/ACLDP_0346.json
ACLDP_0347,site-0347.invalid,https://site-0347.invalid,Completed,,1.0,L1,20260311T032346Z,2026-03-11T03:25:28Z,,en-US,Chromium,Yes,No,None,,Unknown,,No,,,,No,No,No,,,,,,,,,,No,,,,,,,,,,,,,,,,,CookiesConsentDataset/evidence_json/ACLDP_0347.json
ACLDP_0348,site-0348.invalid,https://site-0348.invalid,Failed,Navigation timeout,2.0,L1,20260311T032346Z,2026-03-11T03:25:33Z,,en-US,Chromium,Yes,No,None,,,,,,,,No,No,No,,,,,,,,,,No,,,,,,,,,,,,,,,,,CookiesConsentDataset/evidence_json/ACLDP_0348.json
ACLDP_0349,site-0349.invalid,https://site-0349.invalid,Failed,"Navigation error: Page.goto: net::ERR_NAME_NOT_RESOLVED at https://site-0349.invalid/
Call log:
  - navigating to ""https://site-0349.invalid/"", waiting until ""domcontentloaded""
",2.0,L1,20260311T032346Z,2026-03-11T03:26:18Z,,en-US,Chromium,Yes,No,None,,,,,,,,No,No,No,,,,,,,,,,No,,,,,,,,,,,,,,,,,CookiesConsentDataset/evidence_json/ACLDP_0349.json
ACLDP_0350,site-0350.invalid,https://site-0350.invalid,Failed,"Navigation error: Page.goto: Navigation to ""https://site-0350.invalid/"" is interrupted by another navigation to ""chrome-error://chromewebdata/""
Call log:
  - navigating to ""https://site-0350.invalid/"", waiting until ""domcontentloaded""
",2.0,L1,20260311T032346Z,2026-03-11T03:26:18Z,,en-US,Chromium,Yes,No,None,,,,,,,,No,No,No,,,,,,,,,,No,,,,,,,,,,,,,,,,,CookiesConsentDataset/evidence_json/ACLDP_0350.json
ACLDP_0351,site-0351.invalid,https://site-0351.invalid,Failed,"Navigation error: Page.goto: Navigation to ""https://site-0351.invalid/"" is interrupted by another navigation to ""https://www.site-0350.invalid/""
Call log:
  - navigating to ""https://site-0351.invalid/"", waiting until ""domcontentloaded""
",2.0,L1,20260311T032346Z,2026-03-11T03:26:19Z,,en-US,Chromium,Yes,No,None,,,,,,,,No,No,No,,,,,,,,,,No,,,,,,,,,,,,,,,,,CookiesConsentDataset/evidence_json/ACLDP_0351.json
ACLDP_0352,site-0352.invalid,https://site-0352.invalid,Failed,"Navigation error: Page.goto: Navigation to ""https://site-0352.invalid/"" is interrupted by another navigation to ""https://www.ezviz.com/""
Call log:
  - navigating to ""https://site-0352.invalid/"", waiting until ""domcontentloaded""
",2.0,L1,20260311T032346Z,2026-03-11T03:26:21Z,,en-US,Chromium,Yes,No,None,,,,,,,,No,No,No,,,,,,,,,,No,,,,,,,,,,,,,,,,,CookiesConsentDataset/evidence_json/ACLDP_0352.json
ACLDP_0353,site-0353.invalid,https://site-0353.invalid,Failed,"Navigation error: Page.goto: Navigation to ""https://site-0353.invalid/"" is interrupted by another navigation to ""https://www.site-0352.invalid/""
Call log:
  - navigating to ""https://site-0353.invalid/"", waiting until ""domcontentloaded""
",2.0,L1,20260311T032346Z,2026-03-11T03:26:21Z,,en-US,Chromium,Yes,No,None,,,,,,,,No,No,No,,,,,,,,,,No,,,,,,,,,,,,,,,,,CookiesConsentDataset/evidence_json/ACLDP_0353.json
ACLDP_0354,site-0354.invalid,https://site-0354.invalid,Failed,"Navigation error: Page.goto: net::ERR_NAME_NOT_RESOLVED at https://site-0354.invalid/
Call log:
  - navigating to ""https://site-0354.invalid/"", waiting until ""domcontentloaded""
",2.0,L1,20260311T032346Z,2026-03-11T03:26:22Z,,en-US,Chromium,Yes,No,None,,,,,,,,No,No,No,,,,,,,,,,No,,,,,,,,,,,,,,,,,CookiesConsentDataset/evidence_json/ACLDP_0354.json
ACLDP_0355,site-0355.invalid,https://site-0355.invalid,Failed,"Navigation error: Page.goto: Navigation to ""https://site-0355.invalid/"" is interrupted by another navigation to ""chrome-error://chromewebdata/""
Call log:
  - navigating to ""https://site-0355.invalid/"", waiting until ""domcontentloaded""
",2.0,L1,20260311T032346Z,2026-03-11T03:26:22Z,,en-US,Chromium,Yes,No,None,,,,,,,,No,No,No,,,,,,,,,,No,,,,,,,,,,,,,,,,,CookiesConsentDataset/evidence_json/ACLDP_0355.json
ACLDP_0356,site-0356.invalid,https://site-0356.invalid,Completed,,0.0,L1,20260311T013628Z,2026-03-11T01:36:28Z,,en-US,Chromium,Yes,Yes,Modal,1.0,OneTrust,HTML match: /onetrust/,Yes,HTML match: /tcstring/,"OneTrust expands AI Governance to meet the demands of scalable, real‑time AI Learn more Solutions Platform Resources Company Request demo Contact Sales EN Cookie Consent Simplify cookie compliance and consent management Regulatory and societal trends emphasize the importance of personal data consent. More than 750,000 websites trust our Cookie Consent software to meet today’s data privacy demands....",CookiesConsentDataset/screenshots/ACLDP_0356_L1.png,Yes,No,Yes,1.0,2.0,1.0,1.0,1.0,3.0,,,1.0,No,,,,,,,,,,1.0,Reload,,,,,,CookiesConsentDataset/evidence_json/ACLDP_0356.json
ACLDP_0357,site-0357.invalid,https://site-0357.invalid,Completed,,0.0,L1,20260311T013628Z,2026-03-11T01:36:45Z,,en-US,Chromium,Yes,No,None,,Unknown,,Yes,HTML match: /__tcfapi/,,,No,No,No,,,,,,,,,,No,,,,,,,,,,,,,,,,,CookiesConsentDataset/evidence_json/ACLDP_0357.json
ACLDP_0358,site-0358.invalid,https://site-0358.invalid,Failed,"Navigation error: Page.goto: net::ERR_NAME_NOT_RESOLVED at https://site-0358.invalid/
Call log:
  - navigating to ""https://site-0358.invalid/"", waiting until ""domcontentloaded""
",2.0,L1,20260311T032346Z,2026-03-11T03:26:24Z,,en-US,Chromium,Yes,No,None,,,,,,,,No,No,No,,,,,,,,,,No,,,,,,,,,,,,,,,,,CookiesConsentDataset/evidence_json/ACLDP_0358.json
ACLDP_0359,site-0359.invalid,https://site-0359.invalid,Failed,Navigation timeout,2.0,L1,20260311T032346Z,2026-03-11T03:26:24Z,,en-US,Chromium,Yes,No,None,,,,,,,,No,No,No,,,,,,,,,,No,,,,,,,,,,,,,,,,,CookiesConsentDataset/evidence_json/ACLDP_0359.json
ACLDP_0360,site-0360.invalid,https://site-0360.invalid,Completed,,0.0,L1,20260311T013628Z,2026-03-11T01:37:36Z,,en-US,Chromium,Yes,No,None,,Unknown,,No,,,,No,No,No,,,,,,,,,,No,,,,,,,,,,,,,,,,,CookiesConsentDataset/evidence_json/ACLDP_0360.json
ACLDP_0361,site-0361.invalid,https://site-0361.invalid,Failed,"Navigation error: Page.goto: net::ERR_NAME_NOT_RESOLVED at https://site-0361.invalid/
Call log:
  - navigating to ""https://site-0361.invalid/"", waiting until ""domcontentloaded""
",2.0,L1,20260311T032346Z,2026-03-11T03:27:09Z,,en-US,Chromium,Yes,No,None,,,,,,,,No,No,No,,,,,,,,,,No,,,,,,,,,,,,,,,,,CookiesConsentDataset/evidence_json/ACLDP_0361.json
ACLDP_0362,site-0362.invalid,https://site-0362.invalid,Failed,"Navigation error: Page.goto: net::ERR_NAME_NOT_RESOLVED at https://site-0362.invalid/
Call log:
  - navigating to ""https://site-0362.invalid/"", waiting until ""domcontentloaded""
",2.0,L1,20260311T032346Z,2026-03-11T03:27:10Z,,en-US,Chromium,Yes,No,None,,,,,,,,No,No,No,,,,,,,,,,No,,,,,,,,,,,,,,,,,CookiesConsentDataset/evidence_json/ACLDP_0362.json
ACLDP_0363,site-0363.invalid,https://site-0363.invalid,Completed,,0.0,L1,20260311T013628Z,2026-03-11T01:37:40Z,,en-US,Chromium,Yes,No,None,,Unknown,,No,,,,No,No,No,,,,,,,,,,No,,,,,,,,,,,,,,,,,CookiesConsentDataset/evidence_json/ACLDP_0363.json
ACLDP_0364,site-0364.invalid,https://site-0364.invalid,Completed,,0.0,L1,20260311T013628Z,2026-03-11T01:37:44Z,,en-US,Chromium,Yes,No,None,,Unknown,,No,,,,No,No,No,,,,,,,,,,No,,,,,,,,,,,,,,,,,CookiesConsentDataset/evidence_json/ACLDP_0364.json
ACLDP_0365,site-0365.invalid,https://site-0365.invalid,Failed,"Navigation error: Page.goto: net::ERR_CERT_COMMON_NAME_INVALID at https://site-0365.invalid/
Call log:
  - navigating to ""https://site-0365.invalid/"", waiting until ""domcontentloaded""
",2.0,L1,20260311T032346Z,2026-03-11T03:27:10Z,,en-US,Chromium,Yes,No,None,,,,,,,,No,No,No,,,,,,,,,,No,,,,,,,,,,,,,,,,,CookiesConsentDataset/evidence_json/ACLDP_0365.json
ACLDP_0366,site-0366.invalid,https://site-0366.invalid,Completed,,1.0,L1,20260311T032346Z,2026-03-11T03:27:10Z,,en-US,Chromium,Yes,No,None,,Sourcepoint,HTML match: /sourcepoint/,Yes,HTML match: /__tcfapi/,,,No,No,No,,,,,,,,,,No,,,,,,,,,,,,,,,,,CookiesConsentDataset/evidence_json/ACLDP_0366.json
ACLDP_0367,site-0367.invalid,https://site-0367.invalid,Completed,,1.0,L1,20260311T032346Z,2026-03-11T03:27:20Z,,en-US,Chromium,Yes,No,None,,Unknown,,No,,,,No,No,No,,,,,,,,,,No,,,,,,,,,,,,,,,,,CookiesConsentDataset/evidence_json/ACLDP_0367.json
ACLDP_0368,site-0368.invalid,https://site-0368.invalid,Completed,,1.0,L1,20260311T032346Z,2026-03-11T03:27:23Z,,en-US,Chromium,Yes,No,None,,Unknown,,No,,,,No,No,No,,,,,,,,,,No,,,,,,,,,,,,,,,,,CookiesConsentDataset/evidence_json/ACLDP_0368.json
ACLDP_0369,site-0369.invalid,https://site-0369.invalid,Failed,"Navigation error: Page.goto: net::ERR_NAME_NOT_RESOLVED at https://site-0369.invalid/
Call log:
  - navigating to ""https://site-0369.invalid/"", waiting until ""domcontentloaded""
",2.0,L1,20260311T032346Z,2026-03-11T03:27:28Z,,en-US,Chromium,Yes,No,None,,,,,,,,No,No,No,,,,,,,,,,No,,,,,,,,,,,,,,,,,CookiesConsentDataset/evidence_json/ACLDP_0369.json
ACLDP_0370,site-0370.invalid,https://site-0370.invalid,Failed,"Navigation error: Page.goto: Navigation to ""https://site-0370.invalid/"" is interrupted by another navigation to ""chrome-error://chromewebdata/""
Call log:
  - navigating to ""https://site-0370.invalid/"", waiting until ""domcontentloaded""
",2.0,L1,20260311T032346Z,2026-03-11T03:27:28Z,,en-US,Chromium,Yes,No,None,,,,,,,,No,No,No,,,,,,,,,,No,,,,,,,,,,,,,,,,,CookiesConsentDataset/evidence_json/ACLDP_0370.json
ACLDP_0371,site-0371.invalid,https://site-0371.invalid,Failed,Navigation timeout,2.0,L1,20260311T032346Z,2026-03-11T03:27:29Z,,en-US,Chromium,Yes,No,None,,,,,,,,No,No,No,,,,,,,,,,No,,,,,,,,,,,,,,,,,CookiesConsentDataset/evidence_json/ACLDP_0371.json
ACLDP_0372,site-0372.invalid,https://site-0372.invalid,Failed,"Navigation error: Page.goto: net::ERR_NAME_NOT_RESOLVED at https://site-0372.invalid/
Call log:
  - navigating to ""https://site-0372.invalid/"", waiting until ""domcontentloaded""
",2.0,L1,20260311T032346Z,2026-03-11T03:28:14Z,,en-US,Chromium,Yes,No,None,,,,,,,,No,No,No,,,,,,,,,,No,,,,,,,,,,,,,,,,,CookiesConsentDataset/evidence_json/ACLDP_0372.json
ACLDP_0373,site-0373.invalid,https://site-0373.invalid,Failed,"Navigation error: Page.goto: Navigation to ""https://site-0373.invalid/"" is interrupted by another navigation to ""chrome-error://chromewebdata/""
Call log:
  - navigating to ""https://site-0373.invalid/"", waiting until ""domcontentloaded""
",2.0,L1,20260311T032346Z,2026-03-11T03:28:14Z,,en-US,Chromium,Yes,No,None,,,,,,,,No,No,No,,,,,,,,,,No,,,,,,,,,,,,,,,,,CookiesConsentDataset/evidence_json/ACLDP_0373.json
ACLDP_0374,site-0374.invalid,https://site-0374.invalid,Failed,"Navigation error: Page.goto: net::ERR_NAME_NOT_RESOLVED at https://site-0374.invalid/
Call log:
  - navigating to ""https://site-0374.invalid/"", waiting until ""domcontentloaded""
",2.0,L1,20260311T032346Z,2026-03-11T03:28:15Z,,en-US,Chromium,Yes,No,None,,,,,,,,No,No,No,,,,,,,,,,No,,,,,,,,,,,,,,,,,CookiesConsentDataset/evidence_json/ACLDP_0374.json
ACLDP_0375,site-0375.invalid,https://site-0375.invalid,Failed,"Navigation error: Page.goto: Navigation to ""https://site-0375.invalid/"" is interrupted by another navigation to ""chrome-error://chromewebdata/""
Call log:
  - navigating to ""https://site-0375.invalid/"", waiting until ""domcontentloaded""
",2.0,L1,20260311T032346Z,2026-03-11T03:28:15Z,,en-US,Chromium,Yes,No,None,,,,,,,,No,No,No,,,,,,,,,,No,,,,,,,,,,,,,,,,,CookiesConsentDataset/evidence_json/ACLDP_0375.json
ACLDP_0376,site-0376.invalid,https://site-0376.invalid,Failed,"Navigation error: Page.goto: Navigation to ""https://site-0376.invalid/"" is interrupted by another navigation to ""https://www.site-0375.invalid/""
Call log:
  - navigating to ""https://site-0376.invalid/"", waiting until ""domcontentloaded""
",2.0,L1,20260311T032346Z,2026-03-11T03:28:17Z,,en-US,Chromium,Yes,No,None,,,,,,,,No,No,No,,,,,,,,,,No,,,,,,,,,,,,,,,,,CookiesConsentDataset/evidence_json/ACLDP_0376.json
ACLDP_0377,site-0377.invalid,https://site-0377.invalid,Failed,"Navigation error: Page.goto: net::ERR_NAME_NOT_RESOLVED at https://site-0377.invalid/
Call log:
  - navigating to ""https://site-0377.invalid/"", waiting until ""domcontentloaded""
",2.0,L1,20260311T032346Z,2026-03-11T03:28:18Z,,en-US,Chromium,Yes,No,None,,,,,,,,No,No,No,,,,,,,,,,No,,,,,,,,,,,,,,,,,CookiesConsentDataset/evidence_json/ACLDP_0377.json
ACLDP_0378,site-0378.invalid,https://site-0378.invalid,Failed,"Navigation error: Page.goto: net::ERR_NAME_NOT_RESOLVED at https://site-0378.invalid/
Call log:
  - navigating to ""https://site-0378.invalid/"", waiting until ""domcontentloaded""
",2.0,L1,20260311T032346Z,2026-03-11T03:28:18Z,,en-US,Chromium,Yes,No,None,,,,,,,,No,No,No,,,,,,,,,,No,,,,,,,,,,,,,,,,,CookiesConsentDataset/evidence_json/ACLDP_0378.json
ACLDP_0379,site-0379.invalid,https://site-0379.invalid,Failed,"Navigation error: Page.goto: net::ERR_NAME_NOT_RESOLVED at https://site-0379.invalid/
Call log:
  - navigating to ""https://site-0379.invalid/"", waiting until ""domcontentloaded""
",2.0,L1,20260311T032346Z,2026-03-11T03:28:18Z,,en-US,Chromium,Yes,No,None,,,,,,,,No,No,No,,,,,,,,,,No,,,,,,,,,,,,,,,,,CookiesConsentDataset/evidence_json/ACLDP_0379.json
ACLDP_0380,site-0380.invalid,https://site-0380.invalid,Completed,,0.0,L1,20260311T013628Z,2026-03-11T01:38:48Z,,en-US,Chromium,Yes,No,None,,Unknown,,No,,,,No,No,No,,,,,,,,,,No,,,,,,,,,,,,,,,,,CookiesConsentDataset/evidence_json/ACLDP_0380.json
ACLDP_0381,site-0381.invalid,https://site-0381.invalid,Completed,,0.0,L1,20260311T013628Z,2026-03-11T01:38:53Z,,en-US,Chromium,Yes,No,None,,Cookiebot,HTML match: /cookiebot/,Yes,HTML match: /__tcfapi/,,,No,No,No,,,,,,,,,,No,,,,,,,,,,,,,,,,,CookiesConsentDataset/evidence_json/ACLDP_0381.json
ACLDP_0382,site-0382.invalid,https://site-0382.invalid,Completed,,0.0,L1,20260311T013628Z,2026-03-11T01:38:58Z,,en-US,Chromium,Yes,No,None,,Unknown,,No,,,,No,No,No,,,,,,,,,,No,,,,,,,,,,,,,,,,,CookiesConsentDataset/evidence_json/ACLDP_0382.json
ACLDP_0383,site-0383.invalid,https://site-0383.invalid,Failed,"Navigation error: Page.goto: net::ERR_NAME_NOT_RESOLVED at https://site-0383.invalid/
Call log:
  - navigating to ""https://site-0383.invalid/"", waiting until ""domcontentloaded""
",2.0,L1,20260311T032346Z,2026-03-11T03:28:18Z,,en-US,Chromium,Yes,No,None,,,,,,,,No,No,No,,,,,,,,,,No,,,,,,,,,,,,,,,,,CookiesConsentDataset/evidence_json/ACLDP_0383.json
ACLDP_0384,site-0384.invalid,https://site-0384.invalid,Completed,,1.0,L1,20260311T032346Z,2026-03-11T03:28:18Z,,en-US,Chromium,Yes,No,None,,Unknown,,No,,,,No,No,No,,,,,,,,,,No,,,,,,,,,,,,,,,,,CookiesConsentDataset/evidence_json/ACLDP_0384.json
ACLDP_0385,site-0385.invalid,https://site-0385.invalid,Completed,,1.0,L1,20260311T032346Z,2026-03-11T03:28:22Z,,en-US,Chromium,Yes,Yes,Banner,1.0,Unknown,,Yes,HTML match: /tcstring/,"Nós usamos cookies e outras tecnologias semelhantes para melhorar a sua experiência em nossos serviços, personalizar publicidade e recomendar conteúdo de seu interesse. Ao utilizar nossos serviços, você está ciente dessa funcionalidade. Informamos ainda que atualizamos nosso Aviso de Privacidade. Conheça nosso Portal da Privacidade e veja o nosso novo Aviso. Prosseguir",CookiesConsentDataset/screenshots/ACLDP_0385_L1.png,Yes,No,No,1.0,,,,,1.0,,,1.0,No,,,,,,,,,,0.0,,,,,,,CookiesConsentDataset/evidence_json/ACLDP_0385.json
ACLDP_0386,site-0386.invalid,https://site-0386.invalid,Completed,,1.0,L1,20260311T032346Z,2026-03-11T03:28:43Z,,en-US,Chromium,Yes,No,None,,Unknown,,No,,,,No,No,No,,,,,,,,,,No,,,,,,,,,,,,,,,,,CookiesConsentDataset/evidence_json/ACLDP_0386.json
ACLDP_0387,site-0387.invalid,https://site-0387.invalid,Completed,,1.0,L1,20260311T032346Z,2026-03-11T03:28:46Z,,en-US,Chromium,Yes,No,None,,Unknown,,Yes,HTML match: /tcstring/,,,No,No,No,,,,,,,,,,No,,,,,,,,,,,,,,,,,CookiesConsentDataset/evidence_json/ACLDP_0387.json
ACLDP_0388,site-0388.invalid,https://site-0388.invalid,Failed,"Navigation error: Page.goto: net::ERR_NAME_NOT_RESOLVED at https://site-0388.invalid/
Call log:
  - navigating to ""https://site-0388.invalid/"", waiting until ""domcontentloaded""
",2.0,L1,20260311T032346Z,2026-03-11T03:28:53Z,,en-US,Chromium,Yes,No,None,,,,,,,,No,No,No,,,,,,,,,,No,,,,,,,,,,,,,,,,,CookiesConsentDataset/evidence_json/ACLDP_0388.json
ACLDP_0389,site-0389.invalid,https://site-0389.invalid,Failed,"Navigation error: Page.goto: Navigation to ""https://site-0389.invalid/"" is interrupted by another navigation to ""chrome-error://chromewebdata/""
Call log:
  - navigating to ""https://site-0389.invalid/"", waiting until ""domcontentloaded""",2.0,L1,20260311T032346Z,2026-03-11T03:28:53Z,,en-US,Chromium,Yes,No,None,,,,,,,,No,No,No,,,,,,,,,,No,,,,,,,,,,,,,,,,,CookiesConsentDataset/evidence_json/ACLDP_0389.json
ACLDP_0390,site-0390.invalid,https://site-0390.invalid,Failed,"Navigation error: Page.goto: Navigation to ""https://site-0390.invalid/"" is interrupted by another navigation to ""https://3lifsite-0211.invalidm/""
Call log:
  - navigating to ""https://site-0390.invalid/"", waiting until ""domcontentloaded""",2.0,L1,20260311T032346Z,2026-03-11T03:28:54Z,,en-US,Chromium,Yes,No,None,,,,,,,,No,No,No,,,,,,,,,,No,,,,,,,,,,,,,,,,,CookiesConsentDataset/evidence_json/ACLDP_0390.json
ACLDP_0391,site-0391.invalid,https://site-0391.invalid,Failed,"Navigation error: Page.goto: Navigation to ""https://site-0391.invalid/"" is interrupted by another navigation to ""https://ar.site-0390.invalid/?gatewayAdapt=glo2ara""
Call log:
  - navigating to ""https://site-0391.invalid/"", waiting until ""domcontentloaded""",2.0,L1,20260311T032346Z,2026-03-11T03:28:55Z,,en-US,Chromium,Yes,No,None,,,,,,,,No,No,No,,,,,,,,,,No,,,,,,,,,,,,,,,,,CookiesConsentDataset/evidence_json/ACLDP_0391.json
ACLDP_0392,site-0392.invalid,https://site-0392.invalid,Failed,"Navigation error: Page.goto: net::ERR_NAME_NOT_RESOLVED at https://site-0392.invalid/
Call log:
  - navigating to ""https://site-0392.invalid/"", waiting until ""domcontentloaded""
",2.0,L1,20260311T032346Z,2026-03-11T03:28:56Z,,en-US,Chromium,Yes,No,None,,,,,,,,No,No,No,,,,,,,,,,No,,,,,,,,,,,,,,,,,CookiesConsentDataset/evidence_json/ACLDP_0392.json
ACLDP_0393,site-0393.invalid,https://site-0393.invalid,Failed,"Navigation error: Page.goto: net::ERR_NAME_NOT_RESOLVED at https://site-0393.invalid/
Call log:
  - navigating to ""https://site-0393.invalid/"", waiting until ""domcontentloaded""
",2.0,L1,20260311T032346Z,2026-03-11T03:28:56Z,,en-US,Chromium,Yes,No,None,,,,,,,,No,No,No,,,,,,,,,,No,,,,,,,,,,,,,,,,,CookiesConsentDataset/evidence_json/ACLDP_0393.json
ACLDP_0394,site-0394.invalid,https://site-0394.invalid,Completed,,0.0,L1,20260311T013628Z,2026-03-11T01:39:15Z,,en-US,Chromium,Yes,No,None,,OneTrust,HTML match: /onetrust/,No,,,,No,No,No,,,,,,,,,,No,,,,,,,,,,,,,,,,,CookiesConsentDataset/evidence_json/ACLDP_0394.json
ACLDP_0395,site-0395.invalid,https://site-0395.invalid,Completed,,0.0,L1,20260311T013628Z,2026-03-11T01:39:19Z,,en-US,Chromium,Yes,No,None,,OneTrust,HTML match: /onetrust/,No,,,,No,No,No,,,,,,,,,,No,,,,,,,,,,,,,,,,,CookiesConsentDataset/evidence_json/ACLDP_0395.json
ACLDP_0396,site-0396.invalid,https://site-0396.invalid,Completed,,0.0,L1,20260311T013628Z,2026-03-11T01:39:25Z,,en-US,Chromium,Yes,No,None,,Unknown,,No,,,,No,No,No,,,,,,,,,,No,,,,,,,,,,,,,,,,,CookiesConsentDataset/evidence_json/ACLDP_0396.json
ACLDP_0397,site-0397.invalid,https://site-0397.invalid,Completed,,0.0,L1,20260311T013628Z,2026-03-11T01:39:28Z,,en-US,Chromium,Yes,Yes,Banner,1.0,OneTrust,HTML match: /onetrust/,Yes,HTML match: /tcstring/,"We use cookies We use cookies to personalize content and ads, to provide social media features, and to analyze our traffic. We also share information about your use of our site with our partners in social media, advertising, and analytics. By continuing to use our website, you accept the use of all cookies. You can always access and change your cookie preferences in the footer of this website. Coo...",CookiesConsentDataset/screenshots/ACLDP_0397_L1.png,Yes,No,Yes,1.0,2.0,1.0,1.0,1.0,3.0,,,1.0,No,,,,,,,,,,1.0,Reload,,,,,,CookiesConsentDataset/evidence_json/ACLDP_0397.json
ACLDP_0398,site-0398.invalid,https://site-0398.invalid,Completed,,0.0,L1,20260311T013628Z,2026-03-11T01:39:43Z,,en-US,Chromium,Yes,Yes,Banner,1.0,Unknown,,Yes,HTML match: /__tcfapi/,"Cookies and Advertising Choices If you agree, we may use your personal information from any of these Amazon services to personalize the ads we show you on other services and on third-party sites. For example, we may use your Prime Video Watch history to personalize the ads we show you on our Stores or on Fire TV. We may also use personal information we receive from third parties. In addition, if y...",CookiesConsentDataset/screenshots/ACLDP_0398_L1.png,Yes,Yes,No,1.0,1.0,,0.0,0.0,1.0,1.0,Equal,1.0,No,,,,,,,,,,1.0,Reload,,,,,,CookiesConsentDataset/evidence_json/ACLDP_0398.json
ACLDP_0399,site-0399.invalid,https://site-0399.invalid,Failed,"Navigation error: Page.goto: net::ERR_CERT_DATE_INVALID at https://site-0399.invalid/
Call log:
  - navigating to ""https://site-0399.invalid/"", waiting until ""domcontentloaded""
",2.0,L1,20260311T032346Z,2026-03-11T03:28:56Z,,en-US,Chromium,Yes,No,None,,,,,,,,No,No,No,,,,,,,,,,No,,,,,,,,,,,,,,,,,CookiesConsentDataset/evidence_json/ACLDP_0399.json
ACLDP_0400,site-0400.invalid,https://site-0400.invalid,Failed,"Navigation error: Page.goto: net::ERR_NAME_NOT_RESOLVED at https://site-0400.invalid/
Call log:
  - navigating to ""https://site-0400.invalid/"", waiting until ""domcontentloaded""
",2.0,L1,20260311T032346Z,2026-03-11T03:28:57Z,,en-US,Chromium,Yes,No,None,,,,,,,,No,No,No,,,,,,,,,,No,,,,,,,,,,,,,,,,,CookiesConsentDataset/evidence_json/ACLDP_0400.json
ACLDP_0401,site-0401.invalid,https://site-0401.invalid,Completed,,0.0,L1,20260311T013628Z,2026-03-11T01:39:52Z,,en-US,Chromium,Yes,No,None,,Unknown,,Yes,HTML match: /tcstring/,,,No,No,No,,,,,,,,,,No,,,,,,,,,,,,,,,,,CookiesConsentDataset/evidence_json/ACLDP_0401.json
ACLDP_0402,site-0402.invalid,https://site-0402.invalid,Completed,,0.0,L2,20260311T013628Z,2026-03-11T01:39:56Z,,en-US,Chromium,Yes,Yes,Modal,2.0,Unknown,,Yes,HTML match: /\btcf\b/,"Manage Consent To provide the best experiences, we use technologies like cookies to store and/or access device information. Consenting to these technologies will allow us to process data such as browsing behavior or unique IDs on this site. Not consenting or withdrawing consent, may adversely affect certain features and functions. Manage services Accept Deny View preferences Cookie policy Privacy ...",CookiesConsentDataset/screenshots/ACLDP_0402_L1.png,Yes,Yes,Yes,1.0,1.0,1.0,0.0,0.0,1.0,1.0,Equal,1.0,Yes,"Manage Consent To provide the best experiences, we use technologies like cookies to store and/or access device information. Consenting to these technologies will allow us to process data such as browsing behavior or unique IDs on this site. Not consenting or withdrawing consent, may adversely affect certain features and functions. Functional Always active Preferences Preferences Marketing Marketin...",CookiesConsentDataset/screenshots/ACLDP_0402_L2.png,8.0,0.0,583.0,3.0,3.0,8.0,0.0,1.0,Reload,,,,,,CookiesConsentDataset/evidence_json/ACLDP_0402.json
ACLDP_0403,site-0403.invalid,https://site-0403.invalid,Failed,"Navigation error: Page.goto: net::ERR_NAME_NOT_RESOLVED at https://site-0403.invalid/
Call log:
  - navigating to ""https://site-0403.invalid/"", waiting until ""domcontentloaded""
",2.0,L1,20260311T032346Z,2026-03-11T03:28:57Z,,en-US,Chromium,Yes,No,None,,,,,,,,No,No,No,,,,,,,,,,No,,,,,,,,,,,,,,,,,CookiesConsentDataset/evidence_json/ACLDP_0403.json
ACLDP_0404,site-0404.invalid,https://site-0404.invalid,Failed,"Navigation error: Page.goto: net::ERR_NAME_NOT_RESOLVED at https://site-0404.invalid/
Call log:
  - navigating to ""https://site-0404.invalid/"", waiting until ""domcontentloaded""
",2.0,L1,20260311T032346Z,2026-03-11T03:28:57Z,,en-US,Chromium,Yes,No,None,,,,,,,,No,No,No,,,,,,,,,,No,,,,,,,,,,,,,,,,,CookiesConsentDataset/evidence_json/ACLDP_0404.json
ACLDP_0405,site-0405.invalid,https://site-0405.invalid,Completed,,0.0,L1,20260311T013628Z,2026-03-11T01:40:07Z,,en-US,Chromium,Yes,Yes,Banner,1.0,Unknown,,No,,"We value your privacy! We use cookies to enhance your browsing experience, and analyze our traffic. By clicking ""Accept All"", you consent to our use of cookies. Cookie Policy. Accept All Customize",CookiesConsentDataset/screenshots/ACLDP_0405_L1.png,Yes,No,No,1.0,,,,,1.0,,,1.0,No,,,,,,,,,,1.0,Reload,,,,,,CookiesConsentDataset/evidence_json/ACLDP_0405.json
ACLDP_0406,site-0406.invalid,https://site-0406.invalid,Completed,,0.0,L1,20260311T014014Z,2026-03-11T01:40:14Z,,en-US,Chromium,Yes,No,None,,Unknown,,No,,,,No,No,No,,,,,,,,,,No,,,,,,,,,,,,,,,,,CookiesConsentDataset/evidence_json/ACLDP_0406.json
ACLDP_0407,site-0407.invalid,https://site-0407.invalid,Completed,,0.0,L1,20260311T014014Z,2026-03-11T01:40:18Z,,en-US,Chromium,Yes,No,None,,OneTrust,HTML match: /onetrust/,No,,,,No,No,No,,,,,,,,,,No,,,,,,,,,,,,,,,,,CookiesConsentDataset/evidence_json/ACLDP_0407.json
ACLDP_0408,site-0408.invalid,https://site-0408.invalid,Completed,,0.0,L1,20260311T014014Z,2026-03-11T01:40:21Z,,en-US,Chromium,Yes,No,None,,Unknown,,No,,,,No,No,No,,,,,,,,,,No,,,,,,,,,,,,,,,,,CookiesConsentDataset/evidence_json/ACLDP_0408.json
ACLDP_0409,site-0409.invalid,https://site-0409.invalid,Completed,,0.0,L1,20260311T014014Z,2026-03-11T01:40:24Z,,en-US,Chromium,Yes,No,None,,Unknown,,No,,,,No,No,No,,,,,,,,,,No,,,,,,,,,,,,,,,,,CookiesConsentDataset/evidence_json/ACLDP_0409.json
ACLDP_0410,site-0410.invalid,https://site-0410.invalid,Completed,,0.0,L1,20260311T014014Z,2026-03-11T01:40:28Z,,en-US,Chromium,Yes,No,None,,OneTrust,HTML match: /onetrust/,No,,,,No,No,No,,,,,,,,,,No,,,,,,,,,,,,,,,,,CookiesConsentDataset/evidence_json/ACLDP_0410.json
ACLDP_0411,site-0411.invalid,https://site-0411.invalid,Failed,"Navigation error: Page.goto: net::ERR_NAME_NOT_RESOLVED at https://site-0411.invalid/
Call log:
  - navigating to ""https://site-0411.invalid/"", waiting until ""domcontentloaded""
",2.0,L1,20260311T032346Z,2026-03-11T03:28:57Z,,en-US,Chromium,Yes,No,None,,,,,,,,No,No,No,,,,,,,,,,No,,,,,,,,,,,,,,,,,CookiesConsentDataset/evidence_json/ACLDP_0411.json
ACLDP_0412,site-0412.invalid,https://site-0412.invalid,Completed,,1.0,L1,20260311T032346Z,2026-03-11T03:28:57Z,,en-US,Chromium,Yes,No,None,,Unknown,,No,,,,No,No,No,,,,,,,,,,No,,,,,,,,,,,,,,,,,CookiesConsentDataset/evidence_json/ACLDP_0412.json
ACLDP_0413,site-0413.invalid,https://site-0413.invalid,Failed,"Navigation error: Page.goto: net::ERR_NAME_NOT_RESOLVED at https://site-0413.invalid/
Call log:
  - navigating to ""https://site-0413.invalid/"", waiting until ""domcontentloaded""
",2.0,L1,20260311T032346Z,2026-03-11T03:29:02Z,,en-US,Chromium,Yes,No,None,,,,,,,,No,No,No,,,,,,,,,,No,,,,,,,,,,,,,,,,,CookiesConsentDataset/evidence_json/ACLDP_0413.json
ACLDP_0414,site-0414.invalid,https://site-0414.invalid,Failed,"Navigation error: Page.goto: Navigation to ""https://site-0414.invalid/"" is interrupted by another navigation to ""chrome-error://chromewebdata/""
Call log:
  - navigating to ""https://site-0414.invalid/"", waiting until ""domcontentloaded""
",2.0,L1,20260311T032346Z,2026-03-11T03:29:02Z,,en-US,Chromium,Yes,No,None,,,,,,,,No,No,No,,,,,,,,,,No,,,,,,,,,,,,,,,,,CookiesConsentDataset/evidence_json/ACLDP_0414.json
ACLDP_0415,site-0415.invalid,https://site-0415.invalid,Failed,"Navigation error: Page.goto: Navigation to ""https://site-0415.invalid/"" is interrupted by another navigation to ""https://www.site-0414.invalid/""
Call log:
  - navigating to ""https://site-0415.invalid/"", waiting until ""domcontentloaded""
",2.0,L1,20260311T032346Z,2026-03-11T03:29:03Z,,en-US,Chromium,Yes,No,None,,,,,,,,No,No,No,,,,,,,,,,No,,,,,,,,,,,,,,,,,CookiesConsentDataset/evidence_json/ACLDP_0415.json
ACLDP_0416,site-0416.invalid,https://site-0416.invalid,Failed,Navigation timeout,2.0,L1,20260311T032346Z,2026-03-11T03:29:04Z,,en-US,Chromium,Yes,No,None,,,,,,,,No,No,No,,,,,,,,,,No,,,,,,,,,,,,,,,,,CookiesConsentDataset/evidence_json/ACLDP_0416.json
ACLDP_0417,site-0417.invalid,https://site-0417.invalid,Completed,,0.0,L1,20260311T014014Z,2026-03-11T01:41:22Z,,en-US,Chromium,Yes,No,None,,Unknown,,Yes,HTML match: /tcstring/,,,No,No,No,,,,,,,,,,No,,,,,,,,,,,,,,,,,CookiesConsentDataset/evidence_json/ACLDP_0417.json
ACLDP_0418,site-0418.invalid,https://site-0418.invalid,Failed,"Navigation error: Page.goto: net::ERR_NAME_NOT_RESOLVED at https://site-0418.invalid/
Call log:
  - navigating to ""https://site-0418.invalid/"", waiting until ""domcontentloaded""
",2.0,L1,20260311T032346Z,2026-03-11T03:29:49Z,,en-US,Chromium,Yes,No,None,,,,,,,,No,No,No,,,,,,,,,,No,,,,,,,,,,,,,,,,,CookiesConsentDataset/evidence_json/ACLDP_0418.json
ACLDP_0419,site-0419.invalid,https://site-0419.invalid,Failed,"Navigation error: Page.goto: net::ERR_CERT_COMMON_NAME_INVALID at https://site-0419.invalid/
Call log:
  - navigating to ""https://site-0419.invalid/"", waiting until ""domcontentloaded""
",2.0,L1,20260311T032346Z,2026-03-11T03:29:49Z,,en-US,Chromium,Yes,No,None,,,,,,,,No,No,No,,,,,,,,,,No,,,,,,,,,,,,,,,,,CookiesConsentDataset/evidence_json/ACLDP_0419.json
ACLDP_0420,site-0420.invalid,https://site-0420.invalid,Failed,"Navigation error: Page.goto: net::ERR_NAME_NOT_RESOLVED at https://site-0420.invalid/
Call log:
  - navigating to ""https://site-0420.invalid/"", waiting until ""domcontentloaded""
",2.0,L1,20260311T032346Z,2026-03-11T03:29:49Z,,en-US,Chromium,Yes,No,None,,,,,,,,No,No,No,,,,,,,,,,No,,,,,,,,,,,,,,,,,CookiesConsentDataset/evidence_json/ACLDP_0420.json
ACLDP_0421,site-0421.invalid,https://site-0421.invalid,Completed,,0.0,L1,20260311T014014Z,2026-03-11T01:41:27Z,,en-US,Chromium,Yes,No,None,,Unknown,,No,,,,No,No,No,,,,,,,,,,No,,,,,,,,,,,,,,,,,CookiesConsentDataset/evidence_json/ACLDP_0421.json
ACLDP_0422,site-0422.invalid,https://site-0422.invalid,Completed,,0.0,L1,20260311T014014Z,2026-03-11T01:41:40Z,,en-US,Chromium,Yes,No,None,,OneTrust,HTML match: /onetrust/,No,,,,No,No,No,,,,,,,,,,No,,,,,,,,,,,,,,,,,CookiesConsentDataset/evidence_json/ACLDP_0422.json
ACLDP_0423,site-0423.invalid,https://site-0423.invalid,Completed,,0.0,L1,20260311T014014Z,2026-03-11T01:41:45Z,,en-US,Chromium,Yes,No,None,,Unknown,,No,,,,No,No,No,,,,,,,,,,No,,,,,,,,,,,,,,,,,CookiesConsentDataset/evidence_json/ACLDP_0423.json
ACLDP_0424,site-0424.invalid,https://site-0424.invalid,Completed,,0.0,L1,20260311T014014Z,2026-03-11T01:41:51Z,,en-US,Chromium,Yes,No,None,,Unknown,,No,,,,No,No,No,,,,,,,,,,No,,,,,,,,,,,,,,,,,CookiesConsentDataset/evidence_json/ACLDP_0424.json
ACLDP_0425,site-0425.invalid,https://site-0425.invalid,Failed,"Navigation error: Page.goto: net::ERR_NAME_NOT_RESOLVED at https://site-0425.invalid/
Call log:
  - navigating to ""https://site-0425.invalid/"", waiting until ""domcontentloaded""
",2.0,L1,20260311T032346Z,2026-03-11T03:29:50Z,,en-US,Chromium,Yes,No,None,,,,,,,,No,No,No,,,,,,,,,,No,,,,,,,,,,,,,,,,,CookiesConsentDataset/evidence_json/ACLDP_0425.json
ACLDP_0426,site-0426.invalid,https://site-0426.invalid,Failed,Navigation timeout,2.0,L1,20260311T032346Z,2026-03-11T03:29:50Z,,en-US,Chromium,Yes,No,None,,,,,,,,No,No,No,,,,,,,,,,No,,,,,,,,,,,,,,,,,CookiesConsentDataset/evidence_json/ACLDP_0426.json
ACLDP_0427,site-0427.invalid,https://site-0427.invalid,Completed,,0.0,L1,20260311T014014Z,2026-03-11T01:42:41Z,,en-US,Chromium,Yes,No,None,,Unknown,,No,,,,No,No,No,,,,,,,,,,No,,,,,,,,,,,,,,,,,CookiesConsentDataset/evidence_json/ACLDP_0427.json
ACLDP_0428,site-0428.invalid,https://site-0428.invalid,Failed,Navigation timeout,2.0,L1,20260311T032346Z,2026-03-11T03:30:35Z,,en-US,Chromium,Yes,No,None,,,,,,,,No,No,No,,,,,,,,,,No,,,,,,,,,,,,,,,,,CookiesConsentDataset/evidence_json/ACLDP_0428.json
ACLDP_0429,site-0429.invalid,https://site-0429.invalid,Completed,,0.0,L1,20260311T014014Z,2026-03-11T01:43:30Z,,en-US,Chromium,Yes,No,None,,Unknown,,No,,,,No,No,No,,,,,,,,,,No,,,,,,,,,,,,,,,,,CookiesConsentDataset/evidence_json/ACLDP_0429.json
ACLDP_0430,site-0430.invalid,https://site-0430.invalid,Completed,,0.0,L1,20260311T014014Z,2026-03-11T01:43:35Z,,en-US,Chromium,Yes,No,None,,OneTrust,HTML match: /onetrust/,No,,,,No,No,No,,,,,,,,,,No,,,,,,,,,,,,,,,,,CookiesConsentDataset/evidence_json/ACLDP_0430.json
ACLDP_0431,site-0431.invalid,https://site-0431.invalid,Completed,,0.0,L1,20260311T014014Z,2026-03-11T01:43:39Z,,en-US,Chromium,Yes,No,None,,Unknown,,Yes,HTML match: /tcstring/,,,No,No,No,,,,,,,,,,No,,,,,,,,,,,,,,,,,CookiesConsentDataset/evidence_json/ACLDP_0431.json
ACLDP_0432,site-0432.invalid,https://site-0432.invalid,Failed,Navigation timeout,2.0,L1,20260311T032346Z,2026-03-11T03:31:20Z,,en-US,Chromium,Yes,No,None,,,,,,,,No,No,No,,,,,,,,,,No,,,,,,,,,,,,,,,,,CookiesConsentDataset/evidence_json/ACLDP_0432.json
ACLDP_0433,site-0433.invalid,https://site-0433.invalid,Failed,"Navigation error: Page.goto: net::ERR_CERT_COMMON_NAME_INVALID at https://site-0433.invalid/
Call log:
  - navigating to ""https://site-0433.invalid/"", waiting until ""domcontentloaded""
",2.0,L1,20260311T032346Z,2026-03-11T03:32:05Z,,en-US,Chromium,Yes,No,None,,,,,,,,No,No,No,,,,,,,,,,No,,,,,,,,,,,,,,,,,CookiesConsentDataset/evidence_json/ACLDP_0433.json
ACLDP_0434,site-0434.invalid,https://site-0434.invalid,Failed,"Navigation error: Page.goto: net::ERR_NAME_NOT_RESOLVED at https://site-0434.invalid/
Call log:
  - navigating to ""https://site-0434.invalid/"", waiting until ""domcontentloaded""
",2.0,L1,20260311T032346Z,2026-03-11T03:32:05Z,,en-US,Chromium,Yes,No,None,,,,,,,,No,No,No,,,,,,,,,,No,,,,,,,,,,,,,,,,,CookiesConsentDataset/evidence_json/ACLDP_0434.json
ACLDP_0435,site-0435.invalid,https://site-0435.invalid,Completed,,0.0,L1,20260311T014014Z,2026-03-11T01:44:33Z,,en-US,Chromium,Yes,No,None,,Unknown,,No,,,,No,No,No,,,,,,,,,,No,,,,,,,,,,,,,,,,,CookiesConsentDataset/evidence_json/ACLDP_0435.json
ACLDP_0436,site-0436.invalid,https://site-0436.invalid,Failed,"Navigation error: Page.goto: net::ERR_NAME_NOT_RESOLVED at https://site-0436.invalid/
Call log:
  - navigating to ""https://site-0436.invalid/"", waiting until ""domcontentloaded""
",2.0,L1,20260311T032346Z,2026-03-11T03:32:05Z,,en-US,Chromium,Yes,No,None,,,,,,,,No,No,No,,,,,,,,,,No,,,,,,,,,,,,,,,,,CookiesConsentDataset/evidence_json/ACLDP_0436.json
ACLDP_0437,site-0437.invalid,https://site-0437.invalid,Completed,,1.0,L1,20260311T032346Z,2026-03-11T03:32:05Z,,en-US,Chromium,Yes,No,None,,Unknown,,No,,,,No,No,No,,,,,,,,,,No,,,,,,,,,,,,,,,,,CookiesConsentDataset/evidence_json/ACLDP_0437.json
ACLDP_0438,site-0438.invalid,https://site-0438.invalid,Completed,,1.0,L2,20260311T032346Z,2026-03-11T03:32:16Z,,en-US,Chromium,Yes,Yes,Modal,2.0,OneTrust,HTML match: /onetrust/,Yes,HTML match: /__tcfapi/,"We respect your privacy This website and our 942 partners use cookies to store and access personal data such as unique identifiers to ensure that the content is accurate, up to date and that the website functions properly. You can control your cookie preferences at any time through the 'Cookie settings' button. If you consent, we will use those means to collect information about your visits for ag...",CookiesConsentDataset/screenshots/ACLDP_0438_L1.png,Yes,Yes,Yes,1.0,1.0,1.0,0.0,0.0,2.0,2.0,Equal,1.0,Yes,Skip to main content Statistics Insights Research AI Connect NEW Daily Data Services Solutions Prices & Access Empowering people with data Insights and facts across 170 industries and 150+ countries Statista Search Popular topics U.S. tariffs Social media usage E-commerce worldwide Artificial intelligence (AI) Netflix Global inflation TikTok Electric vehicles Sustainability Gaming TRUSTED BY MORE ...,CookiesConsentDataset/screenshots/ACLDP_0438_L2.png,21.0,26.0,2024.0,4.0,2.0,47.0,1.0,1.0,Reload,,,,,,CookiesConsentDataset/evidence_json/ACLDP_0438.json
ACLDP_0439,site-0439.invalid,https://site-0439.invalid,Completed,,1.0,L1,20260311T032346Z,2026-03-11T03:32:26Z,,en-US,Chromium,Yes,No,None,,Unknown,,No,,,,No,No,No,,,,,,,,,,No,,,,,,,,,,,,,,,,,CookiesConsentDataset/evidence_json/ACLDP_0439.json
ACLDP_0440,site-0440.invalid,https://site-0440.invalid,Completed,,1.0,L1,20260311T032346Z,2026-03-11T03:32:29Z,,en-US,Chromium,Yes,No,None,,Unknown,,No,,,,No,No,No,,,,,,,,,,No,,,,,,,,,,,,,,,,,CookiesConsentDataset/evidence_json/ACLDP_0440.json
ACLDP_0441,site-0441.invalid,https://site-0441.invalid,Failed,"Navigation error: Page.goto: net::ERR_CERT_COMMON_NAME_INVALID at https://site-0441.invalid/
Call log:
  - navigating to ""https://site-0441.invalid/"", waiting until ""domcontentloaded""
",2.0,L1,20260311T032346Z,2026-03-11T03:32:33Z,,en-US,Chromium,Yes,No,None,,,,,,,,No,No,No,,,,,,,,,,No,,,,,,,,,,,,,,,,,CookiesConsentDataset/evidence_json/ACLDP_0441.json
ACLDP_0442,site-0442.invalid,https://site-0442.invalid,Failed,"Navigation error: Page.goto: Navigation to ""https://site-0442.invalid/"" is interrupted by another navigation to ""chrome-error://chromewebdata/""
Call log:
  - navigating to ""https://site-0442.invalid/"", waiting until ""domcontentloaded""
",2.0,L1,20260311T032346Z,2026-03-11T03:32:33Z,,en-US,Chromium,Yes,No,None,,,,,,,,No,No,No,,,,,,,,,,No,,,,,,,,,,,,,,,,,CookiesConsentDataset/evidence_json/ACLDP_0442.json
ACLDP_0443,site-0443.invalid,https://site-0443.invalid,Failed,"Navigation error: Page.goto: net::ERR_NAME_NOT_RESOLVED at https://site-0443.invalid/
Call log:
  - navigating to ""https://site-0443.invalid/"", waiting until ""domcontentloaded""
",2.0,L1,20260311T032346Z,2026-03-11T03:32:35Z,,en-US,Chromium,Yes,No,None,,,,,,,,No,No,No,,,,,,,,,,No,,,,,,,,,,,,,,,,,CookiesConsentDataset/evidence_json/ACLDP_0443.json
ACLDP_0444,site-0444.invalid,https://site-0444.invalid,Failed,"Navigation error: Page.goto: Navigation to ""https://site-0444.invalid/"" is interrupted by another navigation to ""chrome-error://chromewebdata/""
Call log:
  - navigating to ""https://site-0444.invalid/"", waiting until ""domcontentloaded""
",2.0,L1,20260311T032346Z,2026-03-11T03:32:36Z,,en-US,Chromium,Yes,No,None,,,,,,,,No,No,No,,,,,,,,,,No,,,,,,,,,,,,,,,,,CookiesConsentDataset/evidence_json/ACLDP_0444.json
ACLDP_0445,site-0445.invalid,https://site-0445.invalid,Failed,"Navigation error: Page.goto: net::ERR_NAME_NOT_RESOLVED at https://site-0445.invalid/
Call log:
  - navigating to ""https://site-0445.invalid/"", waiting until ""domcontentloaded""
",2.0,L1,20260311T032346Z,2026-03-11T03:32:37Z,,en-US,Chromium,Yes,No,None,,,,,,,,No,No,No,,,,,,,,,,No,,,,,,,,,,,,,,,,,CookiesConsentDataset/evidence_json/ACLDP_0445.json
ACLDP_0446,site-0446.invalid,https://site-0446.invalid,Failed,"Navigation error: Page.goto: Navigation to ""https://site-0446.invalid/"" is interrupted by another navigation to ""chrome-error://chromewebdata/""
Call log:
  - navigating to ""https://site-0446.invalid/"", waiting until ""domcontentloaded""
",2.0,L1,20260311T032346Z,2026-03-11T03:32:37Z,,en-US,Chromium,Yes,No,None,,,,,,,,No,No,No,,,,,,,,,,No,,,,,,,,,,,,,,,,,CookiesConsentDataset/evidence_json/ACLDP_0446.json
ACLDP_0447,site-0447.invalid,https://site-0447.invalid,Failed,"Navigation error: Page.goto: Navigation to ""https://site-0447.invalid/"" is interrupted by another navigation to ""https://www.site-0446.invalid/world/?region=world""
Call log:
  - navigating to ""https://site-0447.invalid/"", waiting until ""domcontentloaded""
",2.0,L1,20260311T032346Z,2026-03-11T03:32:39Z,,en-US,Chromium,Yes,No,None,,,,,,,,No,No,No,,,,,,,,,,No,,,,,,,,,,,,,,,,,CookiesConsentDataset/evidence_json/ACLDP_0447.json
ACLDP_0448,site-0448.invalid,https://site-0448.invalid,Failed,"Navigation error: Page.goto: Navigation to ""https://site-0448.invalid/"" is interrupted by another navigation to ""https://site-0447.invalid/""
Call log:
  - navigating to ""https://site-0448.invalid/"", waiting until ""domcontentloaded""
",2.0,L1,20260311T032346Z,2026-03-11T03:32:40Z,,en-US,Chromium,Yes,No,None,,,,,,,,No,No,No,,,,,,,,,,No,,,,,,,,,,,,,,,,,CookiesConsentDataset/evidence_json/ACLDP_0448.json
ACLDP_0449,site-0449.invalid,https://site-0449.invalid,Failed,Navigation timeout,2.0,L1,20260311T032346Z,2026-03-11T03:32:41Z,,en-US,Chromium,Yes,No,None,,,,,,,,No,No,No,,,,,,,,,,No,,,,,,,,,,,,,,,,,CookiesConsentDataset/evidence_json/ACLDP_0449.json
ACLDP_0450,site-0450.invalid,https://site-0450.invalid,Completed,,0.0,L1,20260311T014014Z,2026-03-11T01:45:35Z,,en-US,Chromium,Yes,No,None,,Unknown,,No,,,,No,No,No,,,,,,,,,,No,,,,,,,,,,,,,,,,,CookiesConsentDataset/evidence_json/ACLDP_0450.json
ACLDP_0451,site-0451.invalid,https://site-0451.invalid,Completed,,0.0,L1,20260311T014014Z,2026-03-11T01:45:39Z,,en-US,Chromium,Yes,No,None,,Unknown,,Yes,HTML match: /__tcfapi/,,,No,No,No,,,,,,,,,,No,,,,,,,,,,,,,,,,,CookiesConsentDataset/evidence_json/ACLDP_0451.json
ACLDP_0452,site-0452.invalid,https://site-0452.invalid,Completed,,0.0,L1,20260311T014014Z,2026-03-11T01:45:45Z,,en-US,Chromium,Yes,No,None,,Unknown,,No,,,,No,No,No,,,,,,,,,,No,,,,,,,,,,,,,,,,,CookiesConsentDataset/evidence_json/ACLDP_0452.json
ACLDP_0453,site-0453.invalid,https://site-0453.invalid,Completed,,0.0,L2,20260311T014014Z,2026-03-11T01:45:48Z,,en-US,Chromium,Yes,Yes,Banner,2.0,OneTrust,HTML match: /onetrust/,Yes,HTML match: /tcstring/,"By clicking “Accept All Cookies” or continuing, you agree to the use of cookies, similar tracking and storage technologies, and information about your device to enhance your viewing, listening and user experience, personalize content, personalize messages from NPR’s sponsors, provide social media features, and analyze NPR’s traffic. This information is shared with social media, sponsorship, analyt...",CookiesConsentDataset/screenshots/ACLDP_0453_L1.png,Yes,No,Yes,1.0,2.0,1.0,1.0,1.0,1.0,,,1.0,Yes,"Accessibility links Skip to main content Keyboard shortcuts for audio player NPR 24 Hour Program Stream On Air Now HOURLY NEWS LISTEN LIVE MY PLAYLIST NEWSLETTERS SIGN IN NPR SHOP DONATE NEWS CULTURE MUSIC PODCASTS & SHOWS SEARCH The White House/Screenshot by NPR POLITICS Why Congress rarely pushes back when presidents deploy military force The Constitution gives Congress the power to declare war,...",CookiesConsentDataset/screenshots/ACLDP_0453_L2.png,8.0,0.0,2225.0,3.0,2.0,8.0,1.0,1.0,Reload,,,,,,CookiesConsentDataset/evidence_json/ACLDP_0453.json
ACLDP_0454,site-0454.invalid,https://site-0454.invalid,Failed,"Navigation error: Page.goto: net::ERR_NAME_NOT_RESOLVED at https://site-0454.invalid/
Call log:
  - navigating to ""https://site-0454.invalid/"", waiting until ""domcontentloaded""
",2.0,L1,20260311T032346Z,2026-03-11T03:33:26Z,,en-US,Chromium,Yes,No,None,,,,,,,,No,No,No,,,,,,,,,,No,,,,,,,,,,,,,,,,,CookiesConsentDataset/evidence_json/ACLDP_0454.json
ACLDP_0455,site-0455.invalid,https://site-0455.invalid,Failed,"Navigation error: Page.goto: Navigation to ""https://site-0455.invalid/"" is interrupted by another navigation to ""chrome-error://chromewebdata/""
Call log:
  - navigating to ""https://site-0455.invalid/"", waiting until ""domcontentloaded""
",2.0,L1,20260311T032346Z,2026-03-11T03:33:26Z,,en-US,Chromium,Yes,No,None,,,,,,,,No,No,No,,,,,,,,,,No,,,,,,,,,,,,,,,,,CookiesConsentDataset/evidence_json/ACLDP_0455.json
ACLDP_0456,site-0456.invalid,https://site-0456.invalid,Failed,"Navigation error: Page.goto: net::ERR_CERT_COMMON_NAME_INVALID at https://site-0456.invalid/
Call log:
  - navigating to ""https://site-0456.invalid/"", waiting until ""domcontentloaded""
",2.0,L1,20260311T032346Z,2026-03-11T03:33:27Z,,en-US,Chromium,Yes,No,None,,,,,,,,No,No,No,,,,,,,,,,No,,,,,,,,,,,,,,,,,CookiesConsentDataset/evidence_json/ACLDP_0456.json
ACLDP_0457,site-0457.invalid,https://site-0457.invalid,Failed,"Navigation error: Page.goto: net::ERR_NAME_NOT_RESOLVED at https://site-0457.invalid/
Call log:
  - navigating to ""https://site-0457.invalid/"", waiting until ""domcontentloaded""
",2.0,L1,20260311T032346Z,2026-03-11T03:33:28Z,,en-US,Chromium,Yes,No,None,,,,,,,,No,No,No,,,,,,,,,,No,,,,,,,,,,,,,,,,,CookiesConsentDataset/evidence_json/ACLDP_0457.json
ACLDP_0458,site-0458.invalid,https://site-0458.invalid,Completed,,0.0,L1,20260311T014720Z,2026-03-11T01:47:22Z,,en-US,Chromium,Yes,No,None,,Unknown,,No,,,,No,No,No,,,,,,,,,,No,,,,,,,,,,,,,,,,,CookiesConsentDataset/evidence_json/ACLDP_0458.json
ACLDP_0459,site-0459.invalid,https://site-0459.invalid,Failed,"Navigation error: Page.goto: net::ERR_NAME_NOT_RESOLVED at https://site-0459.invalid/
Call log:
  - navigating to ""https://site-0459.invalid/"", waiting until ""domcontentloaded""
",2.0,L1,20260311T032346Z,2026-03-11T03:33:28Z,,en-US,Chromium,Yes,No,None,,,,,,,,No,No,No,,,,,,,,,,No,,,,,,,,,,,,,,,,,CookiesConsentDataset/evidence_json/ACLDP_0459.json
ACLDP_0460,site-0460.invalid,https://site-0460.invalid,Failed,Navigation timeout,2.0,L1,20260311T032346Z,2026-03-11T03:33:29Z,,en-US,Chromium,Yes,No,None,,,,,,,,No,No,No,,,,,,,,,,No,,,,,,,,,,,,,,,,,CookiesConsentDataset/evidence_json/ACLDP_0460.json
ACLDP_0461,site-0461.invalid,https://site-0461.invalid,Completed,,0.0,L1,20260311T014720Z,2026-03-11T01:48:17Z,,en-US,Chromium,Yes,No,None,,OneTrust,HTML match: /onetrust/,No,,,,No,No,No,,,,,,,,,,No,,,,,,,,,,,,,,,,,CookiesConsentDataset/evidence_json/ACLDP_0461.json
ACLDP_0462,site-0462.invalid,https://site-0462.invalid,Completed,,1.0,L1,20260311T032346Z,2026-03-11T03:34:14Z,,en-US,Chromium,Yes,No,None,,Unknown,,No,,,,No,No,No,,,,,,,,,,No,,,,,,,,,,,,,,,,,CookiesConsentDataset/evidence_json/ACLDP_0462.json
ACLDP_0463,site-0463.invalid,https://site-0463.invalid,Completed,,1.0,L1,20260311T032346Z,2026-03-11T03:34:17Z,,en-US,Chromium,Yes,No,None,,Unknown,,No,,,,No,No,No,,,,,,,,,,No,,,,,,,,,,,,,,,,,CookiesConsentDataset/evidence_json/ACLDP_0463.json
ACLDP_0464,site-0464.invalid,https://site-0464.invalid,Failed,"Navigation error: Page.goto: net::ERR_NAME_NOT_RESOLVED at https://site-0464.invalid/
Call log:
  - navigating to ""https://site-0464.invalid/"", waiting until ""domcontentloaded""
",2.0,L1,20260311T032346Z,2026-03-11T03:34:24Z,,en-US,Chromium,Yes,No,None,,,,,,,,No,No,No,,,,,,,,,,No,,,,,,,,,,,,,,,,,CookiesConsentDataset/evidence_json/ACLDP_0464.json
ACLDP_0465,site-0465.invalid,https://site-0465.invalid,Failed,"Navigation error: Page.goto: Navigation to ""https://site-0465.invalid/"" is interrupted by another navigation to ""chrome-error://chromewebdata/""
Call log:
  - navigating to ""https://site-0465.invalid/"", waiting until ""domcontentloaded""
",2.0,L1,20260311T032346Z,2026-03-11T03:34:24Z,,en-US,Chromium,Yes,No,None,,,,,,,,No,No,No,,,,,,,,,,No,,,,,,,,,,,,,,,,,CookiesConsentDataset/evidence_json/ACLDP_0465.json
ACLDP_0466,site-0466.invalid,https://site-0466.invalid,Failed,"Navigation error: Page.goto: Navigation to ""https://site-0466.invalid/"" is interrupted by another navigation to ""https://www.site-0465.invalid/""
Call log:
  - navigating to ""https://site-0466.invalid/"", waiting until ""domcontentloaded""
",2.0,L1,20260311T032346Z,2026-03-11T03:34:25Z,,en-US,Chromium,Yes,No,None,,,,,,,,No,No,No,,,,,,,,,,No,,,,,,,,,,,,,,,,,CookiesConsentDataset/evidence_json/ACLDP_0466.json
ACLDP_0467,site-0467.invalid,https://site-0467.invalid,Failed,"Navigation error: Page.goto: Navigation to ""https://site-0467.invalid/"" is interrupted by another navigation to ""https://www.site-0466.invalid/""
Call log:
  - navigating to ""https://site-0467.invalid/"", waiting until ""domcontentloaded""
",2.0,L1,20260311T032346Z,2026-03-11T03:34:26Z,,en-US,Chromium,Yes,No,None,,,,,,,,No,No,No,,,,,,,,,,No,,,,,,,,,,,,,,,,,CookiesConsentDataset/evidence_json/ACLDP_0467.json
ACLDP_0468,site-0468.invalid,https://site-0468.invalid,Failed,"Navigation error: Page.goto: Target page, context or browser has been closed
Call log:
  - navigating to ""https://site-0468.invalid/"", waiting until ""domcontentloaded""
",2.0,L1,20260311T032346Z,2026-03-11T03:34:26Z,,en-US,Chromium,Yes,No,None,,,,,,,,No,No,No,,,,,,,,,,No,,,,,,,,,,,,,,,,,CookiesConsentDataset/evidence_json/ACLDP_0468.json
ACLDP_0469,site-0469.invalid,https://site-0469.invalid,Failed,"Navigation error: Page.goto: Target page, context or browser has been closed",2.0,L1,20260311T032346Z,2026-03-11T03:34:26Z,,en-US,Chromium,Yes,No,None,,,,,,,,No,No,No,,,,,,,,,,No,,,,,,,,,,,,,,,,,CookiesConsentDataset/evidence_json/ACLDP_0469.json
ACLDP_0470,site-0470.invalid,https://site-0470.invalid,Failed,"Navigation error: Page.goto: Target page, context or browser has been closed",2.0,L1,20260311T032346Z,2026-03-11T03:34:26Z,,en-US,Chromium,Yes,No,None,,,,,,,,No,No,No,,,,,,,,,,No,,,,,,,,,,,,,,,,,CookiesConsentDataset/evidence_json/ACLDP_0470.json
ACLDP_0471,site-0471.invalid,https://site-0471.invalid,Failed,"Navigation error: Page.goto: Target page, context or browser has been closed",2.0,L1,20260311T032346Z,2026-03-11T03:34:26Z,,en-US,Chromium,Yes,No,None,,,,,,,,No,No,No,,,,,,,,,,No,,,,,,,,,,,,,,,,,CookiesConsentDataset/evidence_json/ACLDP_0471.json
ACLDP_0472,site-0472.invalid,https://site-0472.invalid,Failed,"Navigation error: Page.goto: Target page, context or browser has been closed",2.0,L1,20260311T032346Z,2026-03-11T03:34:26Z,,en-US,Chromium,Yes,No,None,,,,,,,,No,No,No,,,,,,,,,,No,,,,,,,,,,,,,,,,,CookiesConsentDataset/evidence_json/ACLDP_0472.json
ACLDP_0473,site-0473.invalid,https://site-0473.invalid,Failed,"Navigation error: Page.goto: Target page, context or browser has been closed",2.0,L1,20260311T032346Z,2026-03-11T03:34:26Z,,en-US,Chromium,Yes,No,None,,,,,,,,No,No,No,,,,,,,,,,No,,,,,,,,,,,,,,,,,CookiesConsentDataset/evidence_json/ACLDP_0473.json
ACLDP_0474,site-0474.invalid,https://site-0474.invalid,Failed,"Navigation error: Page.goto: Target page, context or browser has been closed",2.0,L1,20260311T032346Z,2026-03-11T03:34:26Z,,en-US,Chromium,Yes,No,None,,,,,,,,No,No,No,,,,,,,,,,No,,,,,,,,,,,,,,,,,CookiesConsentDataset/evidence_json/ACLDP_0474.json
ACLDP_0475,site-0475.invalid,https://site-0475.invalid,Failed,"Navigation error: Page.goto: Target page, context or browser has been closed",2.0,L1,20260311T032346Z,2026-03-11T03:34:26Z,,en-US,Chromium,Yes,No,None,,,,,,,,No,No,No,,,,,,,,,,No,,,,,,,,,,,,,,,,,CookiesConsentDataset/evidence_json/ACLDP_0475.json
ACLDP_0476,site-0476.invalid,https://site-0476.invalid,Failed,"Navigation error: Page.goto: Target page, context or browser has been closed",2.0,L1,20260311T032346Z,2026-03-11T03:34:26Z,,en-US,Chromium,Yes,No,None,,,,,,,,No,No,No,,,,,,,,,,No,,,,,,,,,,,,,,,,,CookiesConsentDataset/evidence_json/ACLDP_0476.json
ACLDP_0477,site-0477.invalid,https://site-0477.invalid,Failed,"Navigation error: Page.goto: Target page, context or browser has been closed",2.0,L1,20260311T032346Z,2026-03-11T03:34:26Z,,en-US,Chromium,Yes,No,None,,,,,,,,No,No,No,,,,,,,,,,No,,,,,,,,,,,,,,,,,CookiesConsentDataset/evidence_json/ACLDP_0477.json
ACLDP_0478,site-0478.invalid,https://site-0478.invalid,Failed,"Navigation error: Page.goto: Target page, context or browser has been closed",2.0,L1,20260311T032346Z,2026-03-11T03:34:26Z,,en-US,Chromium,Yes,No,None,,,,,,,,No,No,No,,,,,,,,,,No,,,,,,,,,,,,,,,,,CookiesConsentDataset/evidence_json/ACLDP_0478.json
ACLDP_0479,site-0479.invalid,https://site-0479.invalid,Failed,"Navigation error: Page.goto: Target page, context or browser has been closed",2.0,L1,20260311T032346Z,2026-03-11T03:34:26Z,,en-US,Chromium,Yes,No,None,,,,,,,,No,No,No,,,,,,,,,,No,,,,,,,,,,,,,,,,,CookiesConsentDataset/evidence_json/ACLDP_0479.json
ACLDP_0480,site-0480.invalid,https://site-0480.invalid,Failed,"Navigation error: Page.goto: Target page, context or browser has been closed",2.0,L1,20260311T032346Z,2026-03-11T03:34:26Z,,en-US,Chromium,Yes,No,None,,,,,,,,No,No,No,,,,,,,,,,No,,,,,,,,,,,,,,,,,CookiesConsentDataset/evidence_json/ACLDP_0480.json
ACLDP_0481,site-0481.invalid,https://site-0481.invalid,Failed,"Navigation error: Page.goto: Target page, context or browser has been closed",2.0,L1,20260311T032346Z,2026-03-11T03:34:26Z,,en-US,Chromium,Yes,No,None,,,,,,,,No,No,No,,,,,,,,,,No,,,,,,,,,,,,,,,,,CookiesConsentDataset/evidence_json/ACLDP_0481.json
ACLDP_0482,site-0482.invalid,https://site-0482.invalid,Failed,"Navigation error: Page.goto: Target page, context or browser has been closed",2.0,L1,20260311T032346Z,2026-03-11T03:34:26Z,,en-US,Chromium,Yes,No,None,,,,,,,,No,No,No,,,,,,,,,,No,,,,,,,,,,,,,,,,,CookiesConsentDataset/evidence_json/ACLDP_0482.json
ACLDP_0483,site-0483.invalid,https://site-0483.invalid,Failed,"Navigation error: Page.goto: Target page, context or browser has been closed",2.0,L1,20260311T032346Z,2026-03-11T03:34:26Z,,en-US,Chromium,Yes,No,None,,,,,,,,No,No,No,,,,,,,,,,No,,,,,,,,,,,,,,,,,CookiesConsentDataset/evidence_json/ACLDP_0483.json
ACLDP_0484,site-0484.invalid,https://site-0484.invalid,Failed,"Navigation error: Page.goto: Target page, context or browser has been closed",2.0,L1,20260311T032346Z,2026-03-11T03:34:26Z,,en-US,Chromium,Yes,No,None,,,,,,,,No,No,No,,,,,,,,,,No,,,,,,,,,,,,,,,,,CookiesConsentDataset/evidence_json/ACLDP_0484.json
ACLDP_0485,site-0485.invalid,https://site-0485.invalid,Failed,"Navigation error: Page.goto: Target page, context or browser has been closed",2.0,L1,20260311T032346Z,2026-03-11T03:34:26Z,,en-US,Chromium,Yes,No,None,,,,,,,,No,No,No,,,,,,,,,,No,,,,,,,,,,,,,,,,,CookiesConsentDataset/evidence_json/ACLDP_0485.json
ACLDP_0486,site-0486.invalid,https://site-0486.invalid,Failed,"Navigation error: Page.goto: Target page, context or browser has been closed",2.0,L1,20260311T032346Z,2026-03-11T03:34:26Z,,en-US,Chromium,Yes,No,None,,,,,,,,No,No,No,,,,,,,,,,No,,,,,,,,,,,,,,,,,CookiesConsentDataset/evidence_json/ACLDP_0486.json
ACLDP_0487,site-0487.invalid,https://site-0487.invalid,Failed,"Navigation error: Page.goto: Target page, context or browser has been closed",2.0,L1,20260311T032346Z,2026-03-11T03:34:26Z,,en-US,Chromium,Yes,No,None,,,,,,,,No,No,No,,,,,,,,,,No,,,,,,,,,,,,,,,,,CookiesConsentDataset/evidence_json/ACLDP_0487.json
ACLDP_0488,site-0488.invalid,https://site-0488.invalid,Failed,"Navigation error: Page.goto: Target page, context or browser has been closed",2.0,L1,20260311T032346Z,2026-03-11T03:34:26Z,,en-US,Chromium,Yes,No,None,,,,,,,,No,No,No,,,,,,,,,,No,,,,,,,,,,,,,,,,,CookiesConsentDataset/evidence_json/ACLDP_0488.json
ACLDP_0489,site-0489.invalid,https://site-0489.invalid,Failed,"Navigation error: Page.goto: Target page, context or browser has been closed",2.0,L1,20260311T032346Z,2026-03-11T03:34:26Z,,en-US,Chromium,Yes,No,None,,,,,,,,No,No,No,,,,,,,,,,No,,,,,,,,,,,,,,,,,CookiesConsentDataset/evidence_json/ACLDP_0489.json
ACLDP_0490,site-0490.invalid,https://site-0490.invalid,Failed,"Navigation error: Page.goto: Target page, context or browser has been closed",2.0,L1,20260311T032346Z,2026-03-11T03:34:26Z,,en-US,Chromium,Yes,No,None,,,,,,,,No,No,No,,,,,,,,,,No,,,,,,,,,,,,,,,,,CookiesConsentDataset/evidence_json/ACLDP_0490.json
ACLDP_0491,site-0491.invalid,https://site-0491.invalid,Failed,"Navigation error: Page.goto: Target page, context or browser has been closed",2.0,L1,20260311T032346Z,2026-03-11T03:34:26Z,,en-US,Chromium,Yes,No,None,,,,,,,,No,No,No,,,,,,,,,,No,,,,,,,,,,,,,,,,,CookiesConsentDataset/evidence_json/ACLDP_0491.json
ACLDP_0492,site-0492.invalid,https://site-0492.invalid,Failed,"Navigation error: Page.goto: Target page, context or browser has been closed",2.0,L1,20260311T032346Z,2026-03-11T03:34:26Z,,en-US,Chromium,Yes,No,None,,,,,,,,No,No,No,,,,,,,,,,No,,,,,,,,,,,,,,,,,CookiesConsentDataset/evidence_json/ACLDP_0492.json
ACLDP_0493,site-0493.invalid,https://site-0493.invalid,Failed,"Navigation error: Page.goto: Target page, context or browser has been closed",2.0,L1,20260311T032346Z,2026-03-11T03:34:26Z,,en-US,Chromium,Yes,No,None,,,,,,,,No,No,No,,,,,,,,,,No,,,,,,,,,,,,,,,,,CookiesConsentDataset/evidence_json/ACLDP_0493.json
ACLDP_0494,site-0494.invalid,https://site-0494.invalid,Failed,"Navigation error: Page.goto: Target page, context or browser has been closed",2.0,L1,20260311T032346Z,2026-03-11T03:34:26Z,,en-US,Chromium,Yes,No,None,,,,,,,,No,No,No,,,,,,,,,,No,,,,,,,,,,,,,,,,,CookiesConsentDataset/evidence_json/ACLDP_0494.json
ACLDP_0495,site-0495.invalid,https://site-0495.invalid,Failed,"Navigation error: Page.goto: Target page, context or browser has been closed",2.0,L1,20260311T032346Z,2026-03-11T03:34:26Z,,en-US,Chromium,Yes,No,None,,,,,,,,No,No,No,,,,,,,,,,No,,,,,,,,,,,,,,,,,CookiesConsentDataset/evidence_json/ACLDP_0495.json
ACLDP_0496,site-0496.invalid,https://site-0496.invalid,Failed,"Navigation error: Page.goto: Target page, context or browser has been closed",2.0,L1,20260311T032346Z,2026-03-11T03:34:26Z,,en-US,Chromium,Yes,No,None,,,,,,,,No,No,No,,,,,,,,,,No,,,,,,,,,,,,,,,,,CookiesConsentDataset/evidence_json/ACLDP_0496.json
ACLDP_0497,site-0497.invalid,https://site-0497.invalid,Failed,"Navigation error: Page.goto: Target page, context or browser has been closed",2.0,L1,20260311T032346Z,2026-03-11T03:34:26Z,,en-US,Chromium,Yes,No,None,,,,,,,,No,No,No,,,,,,,,,,No,,,,,,,,,,,,,,,,,CookiesConsentDataset/evidence_json/ACLDP_0497.json
ACLDP_0498,site-0498.invalid,https://site-0498.invalid,Failed,"Navigation error: Page.goto: Target page, context or browser has been closed",2.0,L1,20260311T032346Z,2026-03-11T03:34:26Z,,en-US,Chromium,Yes,No,None,,,,,,,,No,No,No,,,,,,,,,,No,,,,,,,,,,,,,,,,,CookiesConsentDataset/evidence_json/ACLDP_0498.json
ACLDP_0499,site-0499.invalid,https://site-0499.invalid,Failed,"Navigation error: Page.goto: Target page, context or browser has been closed",2.0,L1,20260311T032346Z,2026-03-11T03:34:27Z,,en-US,Chromium,Yes,No,None,,,,,,,,No,No,No,,,,,,,,,,No,,,,,,,,,,,,,,,,,CookiesConsentDataset/evidence_json/ACLDP_0499.json
ACLDP_0500,site-0500.invalid,https://site-0500.invalid,Failed,"Navigation error: Page.goto: Target page, context or browser has been closed",2.0,L1,20260311T032346Z,2026-03-11T03:34:27Z,,en-US,Chromium,Yes,No,None,,,,,,,,No,No,No,,,,,,,,,,No,,,,,,,,,,,,,,,,,CookiesConsentDataset/evidence_json/ACLDP_0500.json
ACLDP_0501,site-0501.invalid,https://site-0501.invalid,Failed,"Navigation error: Page.goto: Target page, context or browser has been closed",2.0,L1,20260311T032346Z,2026-03-11T03:34:27Z,,en-US,Chromium,Yes,No,None,,,,,,,,No,No,No,,,,,,,,,,No,,,,,,,,,,,,,,,,,CookiesConsentDataset/evidence_json/ACLDP_0501.json
ACLDP_0502,site-0502.invalid,https://site-0502.invalid,Failed,"Navigation error: Page.goto: Target page, context or browser has been closed",2.0,L1,20260311T032346Z,2026-03-11T03:34:27Z,,en-US,Chromium,Yes,No,None,,,,,,,,No,No,No,,,,,,,,,,No,,,,,,,,,,,,,,,,,CookiesConsentDataset/evidence_json/ACLDP_0502.json
ACLDP_0503,site-0503.invalid,https://site-0503.invalid,Failed,"Navigation error: Page.goto: Target page, context or browser has been closed",2.0,L1,20260311T032346Z,2026-03-11T03:34:27Z,,en-US,Chromium,Yes,No,None,,,,,,,,No,No,No,,,,,,,,,,No,,,,,,,,,,,,,,,,,CookiesConsentDataset/evidence_json/ACLDP_0503.json
ACLDP_0504,site-0504.invalid,https://site-0504.invalid,Failed,"Navigation error: Page.goto: Target page, context or browser has been closed",2.0,L1,20260311T032346Z,2026-03-11T03:34:27Z,,en-US,Chromium,Yes,No,None,,,,,,,,No,No,No,,,,,,,,,,No,,,,,,,,,,,,,,,,,CookiesConsentDataset/evidence_json/ACLDP_0504.json
ACLDP_0505,site-0505.invalid,https://site-0505.invalid,Failed,"Navigation error: Page.goto: Target page, context or browser has been closed",2.0,L1,20260311T032346Z,2026-03-11T03:34:27Z,,en-US,Chromium,Yes,No,None,,,,,,,,No,No,No,,,,,,,,,,No,,,,,,,,,,,,,,,,,CookiesConsentDataset/evidence_json/ACLDP_0505.json
ACLDP_0506,site-0506.invalid,https://site-0506.invalid,Completed,,0.0,L1,20260311T014829Z,2026-03-11T01:48:30Z,,en-US,Chromium,Yes,Yes,Banner,1.0,OneTrust,HTML match: /onetrust/,No,,"By clicking “Accept All Cookies”, you agree to the storing of cookies on your device to enhance site navigation, analyze site usage, and assist in our marketing efforts. Manage Your Choices Accept All Cookies",CookiesConsentDataset/screenshots/ACLDP_0506_L1.png,Yes,No,Yes,1.0,2.0,1.0,1.0,1.0,1.0,,,1.0,No,,,,,,,,,,1.0,Reload,,,,,,CookiesConsentDataset/evidence_json/ACLDP_0506.json
ACLDP_0507,site-0507.invalid,https://site-0507.invalid,Completed,,0.0,L1,20260311T014829Z,2026-03-11T01:48:46Z,,en-US,Chromium,Yes,No,None,,Unknown,,Yes,HTML match: /__tcfapi/,,,No,No,No,,,,,,,,,,No,,,,,,,,,,,,,,,,,CookiesConsentDataset/evidence_json/ACLDP_0507.json
ACLDP_0508,site-0508.invalid,https://site-0508.invalid,Completed,,0.0,L2,20260311T014829Z,2026-03-11T01:48:50Z,,en-US,Chromium,Yes,Yes,Modal,2.0,Unknown,,Yes,HTML match: /\btcf\b/,"To provide the best experiences, we use technologies like cookies to store and/or access device information. Consenting to these technologies will allow us to process data such as browsing behavior or unique IDs on this site. Not consenting or withdrawing consent, may affect your experience with the website. See how we use this information in our Privacy Notice and more information about cookies i...",CookiesConsentDataset/screenshots/ACLDP_0508_L1.png,Yes,Yes,Yes,1.0,1.0,1.0,0.0,0.0,1.0,1.0,Equal,1.0,Yes,"To provide the best experiences, we use technologies like cookies to store and/or access device information. Consenting to these technologies will allow us to process data such as browsing behavior or unique IDs on this site. Not consenting or withdrawing consent, may affect your experience with the website. See how we use this information in our Privacy Notice and more information about cookies i...",CookiesConsentDataset/screenshots/ACLDP_0508_L2.png,5.0,0.0,592.0,3.0,3.0,5.0,0.0,1.0,Reload,,,,,,CookiesConsentDataset/evidence_json/ACLDP_0508.json
ACLDP_0509,site-0509.invalid,https://site-0509.invalid,Completed,,0.0,L1,20260311T014829Z,2026-03-11T01:49:02Z,,en-US,Chromium,Yes,No,None,,OneTrust,HTML match: /onetrust/,Yes,HTML match: /tcstring/,,,No,No,No,,,,,,,,,,No,,,,,,,,,,,,,,,,,CookiesConsentDataset/evidence_json/ACLDP_0509.json
ACLDP_0510,site-0510.invalid,https://site-0510.invalid,Completed,,0.0,L1,20260311T014829Z,2026-03-11T01:49:07Z,,en-US,Chromium,Yes,No,None,,OneTrust,HTML match: /onetrust/,Yes,HTML match: /__tcfapi/,,,No,No,No,,,,,,,,,,No,,,,,,,,,,,,,,,,,CookiesConsentDataset/evidence_json/ACLDP_0510.json
ACLDP_0511,site-0511.invalid,https://site-0511.invalid,Completed,,0.0,L1,20260311T014829Z,2026-03-11T01:49:14Z,,en-US,Chromium,Yes,No,None,,Unknown,,No,,,,No,No,No,,,,,,,,,,No,,,,,,,,,,,,,,,,,CookiesConsentDataset/evidence_json/ACLDP_0511.json
ACLDP_0512,site-0512.invalid,https://site-0512.invalid,Failed,"Navigation error: Page.goto: Target page, context or browser has been closed",2.0,L1,20260311T032346Z,2026-03-11T03:34:27Z,,en-US,Chromium,Yes,No,None,,,,,,,,No,No,No,,,,,,,,,,No,,,,,,,,,,,,,,,,,CookiesConsentDataset/evidence_json/ACLDP_0512.json
ACLDP_0513,site-0513.invalid,https://site-0513.invalid,Failed,"Navigation error: Page.goto: Target page, context or browser has been closed",2.0,L1,20260311T032346Z,2026-03-11T03:34:27Z,,en-US,Chromium,Yes,No,None,,,,,,,,No,No,No,,,,,,,,,,No,,,,,,,,,,,,,,,,,CookiesConsentDataset/evidence_json/ACLDP_0513.json
ACLDP_0514,site-0514.invalid,https://site-0514.invalid,Completed,,0.0,L1,20260311T014829Z,2026-03-11T01:49:20Z,,en-US,Chromium,Yes,No,None,,Unknown,,No,,,,No,No,No,,,,,,,,,,No,,,,,,,,,,,,,,,,,CookiesConsentDataset/evidence_json/ACLDP_0514.json
ACLDP_0515,site-0515.invalid,https://site-0515.invalid,Completed,,0.0,L1,20260311T014829Z,2026-03-11T01:49:24Z,,en-US,Chromium,Yes,No,None,,Unknown,,No,,,,No,No,No,,,,,,,,,,No,,,,,,,,,,,,,,,,,CookiesConsentDataset/evidence_json/ACLDP_0515.json
ACLDP_0516,site-0516.invalid,https://site-0516.invalid,Completed,,0.0,L1,20260311T014829Z,2026-03-11T01:49:29Z,,en-US,Chromium,Yes,No,None,,Unknown,,No,,,,No,No,No,,,,,,,,,,No,,,,,,,,,,,,,,,,,CookiesConsentDataset/evidence_json/ACLDP_0516.json
ACLDP_0517,site-0517.invalid,https://site-0517.invalid,Completed,,0.0,L1,20260311T014829Z,2026-03-11T01:49:38Z,,en-US,Chromium,Yes,No,None,,Unknown,,Yes,HTML match: /iabconsent/,,,No,No,No,,,,,,,,,,No,,,,,,,,,,,,,,,,,CookiesConsentDataset/evidence_json/ACLDP_0517.json
ACLDP_0518,site-0518.invalid,https://site-0518.invalid,Completed,,0.0,L1,20260311T014829Z,2026-03-11T01:49:43Z,,en-US,Chromium,Yes,No,None,,Unknown,,Yes,HTML match: /tcstring/,,,No,No,No,,,,,,,,,,No,,,,,,,,,,,,,,,,,CookiesConsentDataset/evidence_json/ACLDP_0518.json
ACLDP_0519,site-0519.invalid,https://site-0519.invalid,Completed,,0.0,L1,20260311T014829Z,2026-03-11T01:49:47Z,,en-US,Chromium,Yes,No,None,,Unknown,,Yes,HTML match: /__tcfapi/,,,No,No,No,,,,,,,,,,No,,,,,,,,,,,,,,,,,CookiesConsentDataset/evidence_json/ACLDP_0519.json
ACLDP_0520,site-0520.invalid,https://site-0520.invalid,Completed,,0.0,L1,20260311T014829Z,2026-03-11T01:49:54Z,,en-US,Chromium,Yes,No,None,,Sourcepoint,HTML match: /sp-message/,Yes,HTML match: /__tcfapi/,,,No,No,No,,,,,,,,,,No,,,,,,,,,,,,,,,,,CookiesConsentDataset/evidence_json/ACLDP_0520.json
ACLDP_0521,site-0521.invalid,https://site-0521.invalid,Completed,,0.0,L1,20260311T014829Z,2026-03-11T01:50:00Z,,en-US,Chromium,Yes,No,None,,Unknown,,Yes,HTML match: /__tcfapi/,,,No,No,No,,,,,,,,,,No,,,,,,,,,,,,,,,,,CookiesConsentDataset/evidence_json/ACLDP_0521.json
ACLDP_0522,site-0522.invalid,https://site-0522.invalid,Completed,,0.0,L1,20260311T014829Z,2026-03-11T01:50:04Z,,en-US,Chromium,Yes,No,None,,Unknown,,No,,,,No,No,No,,,,,,,,,,No,,,,,,,,,,,,,,,,,CookiesConsentDataset/evidence_json/ACLDP_0522.json
ACLDP_0523,site-0523.invalid,https://site-0523.invalid,Failed,"Navigation error: Page.goto: Target page, context or browser has been closed",2.0,L1,20260311T032346Z,2026-03-11T03:34:27Z,,en-US,Chromium,Yes,No,None,,,,,,,,No,No,No,,,,,,,,,,No,,,,,,,,,,,,,,,,,CookiesConsentDataset/evidence_json/ACLDP_0523.json
ACLDP_0524,site-0524.invalid,https://site-0524.invalid,Failed,"Navigation error: Page.goto: Target page, context or browser has been closed",2.0,L1,20260311T032346Z,2026-03-11T03:34:27Z,,en-US,Chromium,Yes,No,None,,,,,,,,No,No,No,,,,,,,,,,No,,,,,,,,,,,,,,,,,CookiesConsentDataset/evidence_json/ACLDP_0524.json
ACLDP_0525,site-0525.invalid,https://site-0525.invalid,Completed,,0.0,L1,20260311T014829Z,2026-03-11T01:50:09Z,,en-US,Chromium,Yes,No,None,,Unknown,,Yes,HTML match: /tcstring/,,,No,No,No,,,,,,,,,,No,,,,,,,,,,,,,,,,,CookiesConsentDataset/evidence_json/ACLDP_0525.json
ACLDP_0526,site-0526.invalid,https://site-0526.invalid,Completed,,0.0,L1,20260311T014829Z,2026-03-11T01:50:23Z,,en-US,Chromium,Yes,Yes,Modal,1.0,OneTrust,HTML match: /onetrust/,No,,"Skip to content We’re unveiling our latest AI security innovations at Okta Showcase RSVP → opens in a new tab +1 (800) 425-1267 Search United States Login Products Solutions Learning & Support Developers Company Free trial Contact us Okta secures AI And every other identity, from machine to human. Get started opens in a new tab Contact sales opens in a new tab UNVEILING SECURE AI Register for Okta...",CookiesConsentDataset/screenshots/ACLDP_0526_L1.png,Yes,No,No,1.0,,,,,3.0,,,1.0,No,,,,,,,,,,1.0,Reload,,,,,,CookiesConsentDataset/evidence_json/ACLDP_0526.json
ACLDP_0527,site-0527.invalid,https://site-0527.invalid,Completed,,0.0,L1,20260311T014829Z,2026-03-11T01:50:35Z,,en-US,Chromium,Yes,No,None,,Unknown,,No,,,,No,No,No,,,,,,,,,,No,,,,,,,,,,,,,,,,,CookiesConsentDataset/evidence_json/ACLDP_0527.json
ACLDP_0528,site-0528.invalid,https://site-0528.invalid,Failed,"Navigation error: Page.goto: Target page, context or browser has been closed",2.0,L1,20260311T032346Z,2026-03-11T03:34:27Z,,en-US,Chromium,Yes,No,None,,,,,,,,No,No,No,,,,,,,,,,No,,,,,,,,,,,,,,,,,CookiesConsentDataset/evidence_json/ACLDP_0528.json
ACLDP_0529,site-0529.invalid,https://site-0529.invalid,Failed,"Navigation error: Page.goto: Target page, context or browser has been closed",2.0,L1,20260311T032346Z,2026-03-11T03:34:27Z,,en-US,Chromium,Yes,No,None,,,,,,,,No,No,No,,,,,,,,,,No,,,,,,,,,,,,,,,,,CookiesConsentDataset/evidence_json/ACLDP_0529.json
ACLDP_0530,site-0530.invalid,https://site-0530.invalid,Failed,"Navigation error: Page.goto: Target page, context or browser has been closed",2.0,L1,20260311T032346Z,2026-03-11T03:34:27Z,,en-US,Chromium,Yes,No,None,,,,,,,,No,No,No,,,,,,,,,,No,,,,,,,,,,,,,,,,,CookiesConsentDataset/evidence_json/ACLDP_0530.json
ACLDP_0531,site-0531.invalid,https://site-0531.invalid,Failed,"Navigation error: Page.goto: Target page, context or browser has been closed",2.0,L1,20260311T032346Z,2026-03-11T03:34:27Z,,en-US,Chromium,Yes,No,None,,,,,,,,No,No,No,,,,,,,,,,No,,,,,,,,,,,,,,,,,CookiesConsentDataset/evidence_json/ACLDP_0531.json
ACLDP_0532,site-0532.invalid,https://site-0532.invalid,Failed,"Navigation error: Page.goto: Target page, context or browser has been closed",2.0,L1,20260311T032346Z,2026-03-11T03:34:27Z,,en-US,Chromium,Yes,No,None,,,,,,,,No,No,No,,,,,,,,,,No,,,,,,,,,,,,,,,,,CookiesConsentDataset/evidence_json/ACLDP_0532.json
ACLDP_0533,site-0533.invalid,https://site-0533.invalid,Failed,"Navigation error: Page.goto: Target page, context or browser has been closed",2.0,L1,20260311T032346Z,2026-03-11T03:34:27Z,,en-US,Chromium,Yes,No,None,,,,,,,,No,No,No,,,,,,,,,,No,,,,,,,,,,,,,,,,,CookiesConsentDataset/evidence_json/ACLDP_0533.json
ACLDP_0534,site-0534.invalid,https://site-0534.invalid,Failed,"Navigation error: Page.goto: Target page, context or browser has been closed",2.0,L1,20260311T032346Z,2026-03-11T03:34:27Z,,en-US,Chromium,Yes,No,None,,,,,,,,No,No,No,,,,,,,,,,No,,,,,,,,,,,,,,,,,CookiesConsentDataset/evidence_json/ACLDP_0534.json
ACLDP_0535,site-0535.invalid,https://site-0535.invalid,Failed,"Navigation error: Page.goto: Target page, context or browser has been closed",2.0,L1,20260311T032346Z,2026-03-11T03:34:27Z,,en-US,Chromium,Yes,No,None,,,,,,,,No,No,No,,,,,,,,,,No,,,,,,,,,,,,,,,,,CookiesConsentDataset/evidence_json/ACLDP_0535.json
ACLDP_0536,site-0536.invalid,https://site-0536.invalid,Failed,"Navigation error: Page.goto: Target page, context or browser has been closed",2.0,L1,20260311T032346Z,2026-03-11T03:34:27Z,,en-US,Chromium,Yes,No,None,,,,,,,,No,No,No,,,,,,,,,,No,,,,,,,,,,,,,,,,,CookiesConsentDataset/evidence_json/ACLDP_0536.json
ACLDP_0537,site-0537.invalid,https://site-0537.invalid,Completed,,0.0,L1,20260311T014829Z,2026-03-11T01:51:33Z,,en-US,Chromium,Yes,No,None,,Unknown,,No,,,,No,No,No,,,,,,,,,,No,,,,,,,,,,,,,,,,,CookiesConsentDataset/evidence_json/ACLDP_0537.json
ACLDP_0538,site-0538.invalid,https://site-0538.invalid,Completed,,0.0,L1,20260311T014829Z,2026-03-11T01:51:36Z,,en-US,Chromium,Yes,No,None,,Unknown,,No,,,,No,No,No,,,,,,,,,,No,,,,,,,,,,,,,,,,,CookiesConsentDataset/evidence_json/ACLDP_0538.json
ACLDP_0539,site-0539.invalid,https://site-0539.invalid,Completed,,0.0,L1,20260311T014829Z,2026-03-11T01:51:40Z,,en-US,Chromium,Yes,No,None,,Unknown,,No,,,,No,No,No,,,,,,,,,,No,,,,,,,,,,,,,,,,,CookiesConsentDataset/evidence_json/ACLDP_0539.json
ACLDP_0540,site-0540.invalid,https://site-0540.invalid,Completed,,0.0,L1,20260311T014829Z,2026-03-11T01:51:44Z,,en-US,Chromium,Yes,Yes,Modal,1.0,Unknown,,Yes,HTML match: /tcstring/,"Skip to Content For Home For Business For Partners About Blog Shop UNITED STATES Customer zone ESET NAMED A CUSTOMERS’ CHOICE IN GARTNER® PEER INSIGHTS™ 2026 LEARN MORE AI-Native Prevention for Tomorrow's Threats Powered by 30+ years of human expertise, 11 Research and Development Centers around the globe and local customer care. REQUEST BUSINESS TRIAL Explore business solutions ESET was awarded P...",CookiesConsentDataset/screenshots/ACLDP_0540_L1.png,Yes,No,No,1.0,,,,,3.0,,,1.0,No,,,,,,,,,,1.0,Reload,,,,,,CookiesConsentDataset/evidence_json/ACLDP_0540.json
ACLDP_0541,site-0541.invalid,https://site-0541.invalid,Failed,"Navigation error: Page.goto: Target page, context or browser has been closed",2.0,L1,20260311T032346Z,2026-03-11T03:34:27Z,,en-US,Chromium,Yes,No,None,,,,,,,,No,No,No,,,,,,,,,,No,,,,,,,,,,,,,,,,,CookiesConsentDataset/evidence_json/ACLDP_0541.json
ACLDP_0542,site-0542.invalid,https://site-0542.invalid,Failed,"Navigation error: Page.goto: Target page, context or browser has been closed",2.0,L1,20260311T032346Z,2026-03-11T03:34:27Z,,en-US,Chromium,Yes,No,None,,,,,,,,No,No,No,,,,,,,,,,No,,,,,,,,,,,,,,,,,CookiesConsentDataset/evidence_json/ACLDP_0542.json
ACLDP_0543,site-0543.invalid,https://site-0543.invalid,Failed,"Navigation error: Page.goto: Target page, context or browser has been closed",2.0,L1,20260311T032346Z,2026-03-11T03:34:27Z,,en-US,Chromium,Yes,No,None,,,,,,,,No,No,No,,,,,,,,,,No,,,,,,,,,,,,,,,,,CookiesConsentDataset/evidence_json/ACLDP_0543.json
ACLDP_0544,site-0544.invalid,https://site-0544.invalid,Failed,"Navigation error: Page.goto: Target page, context or browser has been closed",2.0,L1,20260311T032346Z,2026-03-11T03:34:27Z,,en-US,Chromium,Yes,No,None,,,,,,,,No,No,No,,,,,,,,,,No,,,,,,,,,,,,,,,,,CookiesConsentDataset/evidence_json/ACLDP_0544.json
ACLDP_0545,site-0545.invalid,https://site-0545.invalid,Failed,"Navigation error: Page.goto: Target page, context or browser has been closed",2.0,L1,20260311T032346Z,2026-03-11T03:34:27Z,,en-US,Chromium,Yes,No,None,,,,,,,,No,No,No,,,,,,,,,,No,,,,,,,,,,,,,,,,,CookiesConsentDataset/evidence_json/ACLDP_0545.json
ACLDP_0546,site-0546.invalid,https://site-0546.invalid,Failed,"Navigation error: Page.goto: Target page, context or browser has been closed",2.0,L1,20260311T032346Z,2026-03-11T03:34:27Z,,en-US,Chromium,Yes,No,None,,,,,,,,No,No,No,,,,,,,,,,No,,,,,,,,,,,,,,,,,CookiesConsentDataset/evidence_json/ACLDP_0546.json
ACLDP_0547,site-0547.invalid,https://site-0547.invalid,Failed,"Navigation error: Page.goto: Target page, context or browser has been closed",2.0,L1,20260311T032346Z,2026-03-11T03:34:27Z,,en-US,Chromium,Yes,No,None,,,,,,,,No,No,No,,,,,,,,,,No,,,,,,,,,,,,,,,,,CookiesConsentDataset/evidence_json/ACLDP_0547.json
ACLDP_0548,site-0548.invalid,https://site-0548.invalid,Failed,"Navigation error: Page.goto: Target page, context or browser has been closed",2.0,L1,20260311T032346Z,2026-03-11T03:34:27Z,,en-US,Chromium,Yes,No,None,,,,,,,,No,No,No,,,,,,,,,,No,,,,,,,,,,,,,,,,,CookiesConsentDataset/evidence_json/ACLDP_0548.json
ACLDP_0549,site-0549.invalid,https://site-0549.invalid,Failed,"Navigation error: Page.goto: Target page, context or browser has been closed",2.0,L1,20260311T032346Z,2026-03-11T03:34:27Z,,en-US,Chromium,Yes,No,None,,,,,,,,No,No,No,,,,,,,,,,No,,,,,,,,,,,,,,,,,CookiesConsentDataset/evidence_json/ACLDP_0549.json
ACLDP_0550,site-0550.invalid,https://site-0550.invalid,Failed,"Navigation error: Page.goto: Target page, context or browser has been closed",2.0,L1,20260311T032346Z,2026-03-11T03:34:27Z,,en-US,Chromium,Yes,No,None,,,,,,,,No,No,No,,,,,,,,,,No,,,,,,,,,,,,,,,,,CookiesConsentDataset/evidence_json/ACLDP_0550.json
ACLDP_0551,site-0551.invalid,https://site-0551.invalid,Failed,"Navigation error: Page.goto: Target page, context or browser has been closed",2.0,L1,20260311T032346Z,2026-03-11T03:34:27Z,,en-US,Chromium,Yes,No,None,,,,,,,,No,No,No,,,,,,,,,,No,,,,,,,,,,,,,,,,,CookiesConsentDataset/evidence_json/ACLDP_0551.json
ACLDP_0552,site-0552.invalid,https://site-0552.invalid,Failed,"Navigation error: Page.goto: Target page, context or browser has been closed",2.0,L1,20260311T032346Z,2026-03-11T03:34:27Z,,en-US,Chromium,Yes,No,None,,,,,,,,No,No,No,,,,,,,,,,No,,,,,,,,,,,,,,,,,CookiesConsentDataset/evidence_json/ACLDP_0552.json
ACLDP_0553,site-0553.invalid,https://site-0553.invalid,Failed,"Navigation error: Page.goto: Target page, context or browser has been closed",2.0,L1,20260311T032346Z,2026-03-11T03:34:27Z,,en-US,Chromium,Yes,No,None,,,,,,,,No,No,No,,,,,,,,,,No,,,,,,,,,,,,,,,,,CookiesConsentDataset/evidence_json/ACLDP_0553.json
ACLDP_0554,site-0554.invalid,https://site-0554.invalid,Failed,"Navigation error: Page.goto: Target page, context or browser has been closed",2.0,L1,20260311T032346Z,2026-03-11T03:34:27Z,,en-US,Chromium,Yes,No,None,,,,,,,,No,No,No,,,,,,,,,,No,,,,,,,,,,,,,,,,,CookiesConsentDataset/evidence_json/ACLDP_0554.json
ACLDP_0555,site-0555.invalid,https://site-0555.invalid,Failed,"Navigation error: Page.goto: Target page, context or browser has been closed",2.0,L1,20260311T032346Z,2026-03-11T03:34:27Z,,en-US,Chromium,Yes,No,None,,,,,,,,No,No,No,,,,,,,,,,No,,,,,,,,,,,,,,,,,CookiesConsentDataset/evidence_json/ACLDP_0555.json
ACLDP_0556,site-0556.invalid,https://site-0556.invalid,Completed,,0.0,L1,20260311T015212Z,2026-03-11T01:52:13Z,,en-US,Chromium,Yes,No,None,,Unknown,,No,,,,No,No,No,,,,,,,,,,No,,,,,,,,,,,,,,,,,CookiesConsentDataset/evidence_json/ACLDP_0556.json
ACLDP_0557,site-0557.invalid,https://site-0557.invalid,Failed,"Navigation error: Page.goto: Target page, context or browser has been closed",2.0,L1,20260311T032346Z,2026-03-11T03:34:27Z,,en-US,Chromium,Yes,No,None,,,,,,,,No,No,No,,,,,,,,,,No,,,,,,,,,,,,,,,,,CookiesConsentDataset/evidence_json/ACLDP_0557.json
ACLDP_0558,site-0558.invalid,https://site-0558.invalid,Failed,"Navigation error: Page.goto: Target page, context or browser has been closed",2.0,L1,20260311T032346Z,2026-03-11T03:34:27Z,,en-US,Chromium,Yes,No,None,,,,,,,,No,No,No,,,,,,,,,,No,,,,,,,,,,,,,,,,,CookiesConsentDataset/evidence_json/ACLDP_0558.json
ACLDP_0559,site-0559.invalid,https://site-0559.invalid,Failed,"Navigation error: Page.goto: Target page, context or browser has been closed",2.0,L1,20260311T032346Z,2026-03-11T03:34:27Z,,en-US,Chromium,Yes,No,None,,,,,,,,No,No,No,,,,,,,,,,No,,,,,,,,,,,,,,,,,CookiesConsentDataset/evidence_json/ACLDP_0559.json
ACLDP_0560,site-0560.invalid,https://site-0560.invalid,Failed,"Navigation error: Page.goto: Target page, context or browser has been closed",2.0,L1,20260311T032346Z,2026-03-11T03:34:27Z,,en-US,Chromium,Yes,No,None,,,,,,,,No,No,No,,,,,,,,,,No,,,,,,,,,,,,,,,,,CookiesConsentDataset/evidence_json/ACLDP_0560.json
ACLDP_0561,site-0561.invalid,https://site-0561.invalid,Failed,"Navigation error: Page.goto: Target page, context or browser has been closed",2.0,L1,20260311T032346Z,2026-03-11T03:34:27Z,,en-US,Chromium,Yes,No,None,,,,,,,,No,No,No,,,,,,,,,,No,,,,,,,,,,,,,,,,,CookiesConsentDataset/evidence_json/ACLDP_0561.json
ACLDP_0562,site-0562.invalid,https://site-0562.invalid,Failed,"Navigation error: Page.goto: Target page, context or browser has been closed",2.0,L1,20260311T032346Z,2026-03-11T03:34:27Z,,en-US,Chromium,Yes,No,None,,,,,,,,No,No,No,,,,,,,,,,No,,,,,,,,,,,,,,,,,CookiesConsentDataset/evidence_json/ACLDP_0562.json
ACLDP_0563,site-0563.invalid,https://site-0563.invalid,Failed,"Navigation error: Page.goto: Target page, context or browser has been closed",2.0,L1,20260311T032346Z,2026-03-11T03:34:27Z,,en-US,Chromium,Yes,No,None,,,,,,,,No,No,No,,,,,,,,,,No,,,,,,,,,,,,,,,,,CookiesConsentDataset/evidence_json/ACLDP_0563.json
ACLDP_0564,site-0564.invalid,https://site-0564.invalid,Failed,"Navigation error: Page.goto: Target page, context or browser has been closed",2.0,L1,20260311T032346Z,2026-03-11T03:34:27Z,,en-US,Chromium,Yes,No,None,,,,,,,,No,No,No,,,,,,,,,,No,,,,,,,,,,,,,,,,,CookiesConsentDataset/evidence_json/ACLDP_0564.json
ACLDP_0565,site-0565.invalid,https://site-0565.invalid,Failed,"Navigation error: Page.goto: Target page, context or browser has been closed",2.0,L1,20260311T032346Z,2026-03-11T03:34:27Z,,en-US,Chromium,Yes,No,None,,,,,,,,No,No,No,,,,,,,,,,No,,,,,,,,,,,,,,,,,CookiesConsentDataset/evidence_json/ACLDP_0565.json
ACLDP_0566,site-0566.invalid,https://site-0566.invalid,Failed,"Navigation error: Page.goto: Target page, context or browser has been closed",2.0,L1,20260311T032346Z,2026-03-11T03:34:27Z,,en-US,Chromium,Yes,No,None,,,,,,,,No,No,No,,,,,,,,,,No,,,,,,,,,,,,,,,,,CookiesConsentDataset/evidence_json/ACLDP_0566.json
ACLDP_0567,site-0567.invalid,https://site-0567.invalid,Failed,"Navigation error: Page.goto: Target page, context or browser has been closed",2.0,L1,20260311T032346Z,2026-03-11T03:34:27Z,,en-US,Chromium,Yes,No,None,,,,,,,,No,No,No,,,,,,,,,,No,,,,,,,,,,,,,,,,,CookiesConsentDataset/evidence_json/ACLDP_0567.json
ACLDP_0568,site-0568.invalid,https://site-0568.invalid,Failed,"Navigation error: Page.goto: Target page, context or browser has been closed",2.0,L1,20260311T032346Z,2026-03-11T03:34:27Z,,en-US,Chromium,Yes,No,None,,,,,,,,No,No,No,,,,,,,,,,No,,,,,,,,,,,,,,,,,CookiesConsentDataset/evidence_json/ACLDP_0568.json
ACLDP_0569,site-0569.invalid,https://site-0569.invalid,Failed,"Navigation error: Page.goto: Target page, context or browser has been closed",2.0,L1,20260311T032346Z,2026-03-11T03:34:27Z,,en-US,Chromium,Yes,No,None,,,,,,,,No,No,No,,,,,,,,,,No,,,,,,,,,,,,,,,,,CookiesConsentDataset/evidence_json/ACLDP_0569.json
ACLDP_0570,site-0570.invalid,https://site-0570.invalid,Failed,"Navigation error: Page.goto: Target page, context or browser has been closed",2.0,L1,20260311T032346Z,2026-03-11T03:34:27Z,,en-US,Chromium,Yes,No,None,,,,,,,,No,No,No,,,,,,,,,,No,,,,,,,,,,,,,,,,,CookiesConsentDataset/evidence_json/ACLDP_0570.json
ACLDP_0571,site-0571.invalid,https://site-0571.invalid,Failed,"Navigation error: Page.goto: Target page, context or browser has been closed",2.0,L1,20260311T032346Z,2026-03-11T03:34:27Z,,en-US,Chromium,Yes,No,None,,,,,,,,No,No,No,,,,,,,,,,No,,,,,,,,,,,,,,,,,CookiesConsentDataset/evidence_json/ACLDP_0571.json
ACLDP_0572,site-0572.invalid,https://site-0572.invalid,Failed,"Navigation error: Page.goto: Target page, context or browser has been closed",2.0,L1,20260311T032346Z,2026-03-11T03:34:27Z,,en-US,Chromium,Yes,No,None,,,,,,,,No,No,No,,,,,,,,,,No,,,,,,,,,,,,,,,,,CookiesConsentDataset/evidence_json/ACLDP_0572.json
ACLDP_0573,site-0573.invalid,https://site-0573.invalid,Failed,"Navigation error: Page.goto: Target page, context or browser has been closed",2.0,L1,20260311T032346Z,2026-03-11T03:34:27Z,,en-US,Chromium,Yes,No,None,,,,,,,,No,No,No,,,,,,,,,,No,,,,,,,,,,,,,,,,,CookiesConsentDataset/evidence_json/ACLDP_0573.json
ACLDP_0574,site-0574.invalid,https://site-0574.invalid,Failed,"Navigation error: Page.goto: Target page, context or browser has been closed",2.0,L1,20260311T032346Z,2026-03-11T03:34:27Z,,en-US,Chromium,Yes,No,None,,,,,,,,No,No,No,,,,,,,,,,No,,,,,,,,,,,,,,,,,CookiesConsentDataset/evidence_json/ACLDP_0574.json
ACLDP_0575,site-0575.invalid,https://site-0575.invalid,Failed,"Navigation error: Page.goto: Target page, context or browser has been closed",2.0,L1,20260311T032346Z,2026-03-11T03:34:27Z,,en-US,Chromium,Yes,No,None,,,,,,,,No,No,No,,,,,,,,,,No,,,,,,,,,,,,,,,,,CookiesConsentDataset/evidence_json/ACLDP_0575.json
ACLDP_0576,site-0576.invalid,https://site-0576.invalid,Failed,"Navigation error: Page.goto: Target page, context or browser has been closed",2.0,L1,20260311T032346Z,2026-03-11T03:34:27Z,,en-US,Chromium,Yes,No,None,,,,,,,,No,No,No,,,,,,,,,,No,,,,,,,,,,,,,,,,,CookiesConsentDataset/evidence_json/ACLDP_0576.json
ACLDP_0577,site-0577.invalid,https://site-0577.invalid,Failed,"Navigation error: Page.goto: Target page, context or browser has been closed",2.0,L1,20260311T032346Z,2026-03-11T03:34:27Z,,en-US,Chromium,Yes,No,None,,,,,,,,No,No,No,,,,,,,,,,No,,,,,,,,,,,,,,,,,CookiesConsentDataset/evidence_json/ACLDP_0577.json
ACLDP_0578,site-0578.invalid,https://site-0578.invalid,Failed,"Navigation error: Page.goto: Target page, context or browser has been closed",2.0,L1,20260311T032346Z,2026-03-11T03:34:27Z,,en-US,Chromium,Yes,No,None,,,,,,,,No,No,No,,,,,,,,,,No,,,,,,,,,,,,,,,,,CookiesConsentDataset/evidence_json/ACLDP_0578.json
ACLDP_0579,site-0579.invalid,https://site-0579.invalid,Failed,"Navigation error: Page.goto: Target page, context or browser has been closed",2.0,L1,20260311T032346Z,2026-03-11T03:34:27Z,,en-US,Chromium,Yes,No,None,,,,,,,,No,No,No,,,,,,,,,,No,,,,,,,,,,,,,,,,,CookiesConsentDataset/evidence_json/ACLDP_0579.json
ACLDP_0580,site-0580.invalid,https://site-0580.invalid,Failed,"Navigation error: Page.goto: Target page, context or browser has been closed",2.0,L1,20260311T032346Z,2026-03-11T03:34:27Z,,en-US,Chromium,Yes,No,None,,,,,,,,No,No,No,,,,,,,,,,No,,,,,,,,,,,,,,,,,CookiesConsentDataset/evidence_json/ACLDP_0580.json
ACLDP_0581,site-0581.invalid,https://site-0581.invalid,Failed,"Navigation error: Page.goto: Target page, context or browser has been closed",2.0,L1,20260311T032346Z,2026-03-11T03:34:27Z,,en-US,Chromium,Yes,No,None,,,,,,,,No,No,No,,,,,,,,,,No,,,,,,,,,,,,,,,,,CookiesConsentDataset/evidence_json/ACLDP_0581.json
ACLDP_0582,site-0582.invalid,https://site-0582.invalid,Failed,"Navigation error: Page.goto: Target page, context or browser has been closed",2.0,L1,20260311T032346Z,2026-03-11T03:34:27Z,,en-US,Chromium,Yes,No,None,,,,,,,,No,No,No,,,,,,,,,,No,,,,,,,,,,,,,,,,,CookiesConsentDataset/evidence_json/ACLDP_0582.json
ACLDP_0583,site-0583.invalid,https://site-0583.invalid,Failed,"Navigation error: Page.goto: Target page, context or browser has been closed",2.0,L1,20260311T032346Z,2026-03-11T03:34:27Z,,en-US,Chromium,Yes,No,None,,,,,,,,No,No,No,,,,,,,,,,No,,,,,,,,,,,,,,,,,CookiesConsentDataset/evidence_json/ACLDP_0583.json
ACLDP_0584,site-0584.invalid,https://site-0584.invalid,Failed,"Navigation error: Page.goto: Target page, context or browser has been closed",2.0,L1,20260311T032346Z,2026-03-11T03:34:27Z,,en-US,Chromium,Yes,No,None,,,,,,,,No,No,No,,,,,,,,,,No,,,,,,,,,,,,,,,,,CookiesConsentDataset/evidence_json/ACLDP_0584.json
ACLDP_0585,site-0585.invalid,https://site-0585.invalid,Failed,"Navigation error: Page.goto: Target page, context or browser has been closed",2.0,L1,20260311T032346Z,2026-03-11T03:34:27Z,,en-US,Chromium,Yes,No,None,,,,,,,,No,No,No,,,,,,,,,,No,,,,,,,,,,,,,,,,,CookiesConsentDataset/evidence_json/ACLDP_0585.json
ACLDP_0586,site-0586.invalid,https://site-0586.invalid,Failed,"Navigation error: Page.goto: Target page, context or browser has been closed",2.0,L1,20260311T032346Z,2026-03-11T03:34:27Z,,en-US,Chromium,Yes,No,None,,,,,,,,No,No,No,,,,,,,,,,No,,,,,,,,,,,,,,,,,CookiesConsentDataset/evidence_json/ACLDP_0586.json
ACLDP_0587,site-0587.invalid,https://site-0587.invalid,Failed,"Navigation error: Page.goto: Target page, context or browser has been closed",2.0,L1,20260311T032346Z,2026-03-11T03:34:27Z,,en-US,Chromium,Yes,No,None,,,,,,,,No,No,No,,,,,,,,,,No,,,,,,,,,,,,,,,,,CookiesConsentDataset/evidence_json/ACLDP_0587.json
ACLDP_0588,site-0588.invalid,https://site-0588.invalid,Failed,"Navigation error: Page.goto: Target page, context or browser has been closed",2.0,L1,20260311T032346Z,2026-03-11T03:34:27Z,,en-US,Chromium,Yes,No,None,,,,,,,,No,No,No,,,,,,,,,,No,,,,,,,,,,,,,,,,,CookiesConsentDataset/evidence_json/ACLDP_0588.json
ACLDP_0589,site-0589.invalid,https://site-0589.invalid,Failed,"Navigation error: Page.goto: Target page, context or browser has been closed",2.0,L1,20260311T032346Z,2026-03-11T03:34:27Z,,en-US,Chromium,Yes,No,None,,,,,,,,No,No,No,,,,,,,,,,No,,,,,,,,,,,,,,,,,CookiesConsentDataset/evidence_json/ACLDP_0589.json
ACLDP_0590,site-0590.invalid,https://site-0590.invalid,Failed,"Navigation error: Page.goto: Target page, context or browser has been closed",2.0,L1,20260311T032346Z,2026-03-11T03:34:27Z,,en-US,Chromium,Yes,No,None,,,,,,,,No,No,No,,,,,,,,,,No,,,,,,,,,,,,,,,,,CookiesConsentDataset/evidence_json/ACLDP_0590.json
ACLDP_0591,site-0591.invalid,https://site-0591.invalid,Failed,"Navigation error: Page.goto: Target page, context or browser has been closed",2.0,L1,20260311T032346Z,2026-03-11T03:34:28Z,,en-US,Chromium,Yes,No,None,,,,,,,,No,No,No,,,,,,,,,,No,,,,,,,,,,,,,,,,,CookiesConsentDataset/evidence_json/ACLDP_0591.json
ACLDP_0592,site-0592.invalid,https://site-0592.invalid,Failed,"Navigation error: Page.goto: Target page, context or browser has been closed",2.0,L1,20260311T032346Z,2026-03-11T03:34:28Z,,en-US,Chromium,Yes,No,None,,,,,,,,No,No,No,,,,,,,,,,No,,,,,,,,,,,,,,,,,CookiesConsentDataset/evidence_json/ACLDP_0592.json
ACLDP_0593,site-0593.invalid,https://site-0593.invalid,Failed,"Navigation error: Page.goto: Target page, context or browser has been closed",2.0,L1,20260311T032346Z,2026-03-11T03:34:28Z,,en-US,Chromium,Yes,No,None,,,,,,,,No,No,No,,,,,,,,,,No,,,,,,,,,,,,,,,,,CookiesConsentDataset/evidence_json/ACLDP_0593.json
ACLDP_0594,site-0594.invalid,https://site-0594.invalid,Failed,"Navigation error: Page.goto: Target page, context or browser has been closed",2.0,L1,20260311T032346Z,2026-03-11T03:34:28Z,,en-US,Chromium,Yes,No,None,,,,,,,,No,No,No,,,,,,,,,,No,,,,,,,,,,,,,,,,,CookiesConsentDataset/evidence_json/ACLDP_0594.json
ACLDP_0595,site-0595.invalid,https://site-0595.invalid,Failed,"Navigation error: Page.goto: Target page, context or browser has been closed",2.0,L1,20260311T032346Z,2026-03-11T03:34:28Z,,en-US,Chromium,Yes,No,None,,,,,,,,No,No,No,,,,,,,,,,No,,,,,,,,,,,,,,,,,CookiesConsentDataset/evidence_json/ACLDP_0595.json
ACLDP_0596,site-0596.invalid,https://site-0596.invalid,Failed,"Navigation error: Page.goto: Target page, context or browser has been closed",2.0,L1,20260311T032346Z,2026-03-11T03:34:28Z,,en-US,Chromium,Yes,No,None,,,,,,,,No,No,No,,,,,,,,,,No,,,,,,,,,,,,,,,,,CookiesConsentDataset/evidence_json/ACLDP_0596.json
ACLDP_0597,site-0597.invalid,https://site-0597.invalid,Failed,"Navigation error: Page.goto: Target page, context or browser has been closed",2.0,L1,20260311T032346Z,2026-03-11T03:34:28Z,,en-US,Chromium,Yes,No,None,,,,,,,,No,No,No,,,,,,,,,,No,,,,,,,,,,,,,,,,,CookiesConsentDataset/evidence_json/ACLDP_0597.json
ACLDP_0598,site-0598.invalid,https://site-0598.invalid,Completed,,1.0,L1,20260311T033428Z,2026-03-11T03:34:28Z,,en-US,Chromium,Yes,No,None,,Unknown,,No,,,,No,No,No,,,,,,,,,,No,,,,,,,,,,,,,,,,,CookiesConsentDataset/evidence_json/ACLDP_0598.json
ACLDP_0599,site-0599.invalid,https://site-0599.invalid,Completed,,1.0,L1,20260311T033428Z,2026-03-11T03:34:32Z,,en-US,Chromium,Yes,No,None,,Unknown,,No,,,,No,No,No,,,,,,,,,,No,,,,,,,,,,,,,,,,,CookiesConsentDataset/evidence_json/ACLDP_0599.json
ACLDP_0600,site-0600.invalid,https://site-0600.invalid,Completed,,1.0,L1,20260311T033428Z,2026-03-11T03:34:36Z,,en-US,Chromium,Yes,No,None,,Unknown,,Yes,HTML match: /tcstring/,,,No,No,No,,,,,,,,,,No,,,,,,,,,,,,,,,,,CookiesConsentDataset/evidence_json/ACLDP_0600.json
ACLDP_0601,site-0601.invalid,https://site-0601.invalid,Completed,,1.0,L2,20260311T033428Z,2026-03-11T03:34:41Z,,en-US,Chromium,Yes,Yes,Banner,2.0,OneTrust,HTML match: /onetrust/,No,,"Hej! You are in control of your cookies. On our home page site-0601.invalid and our web pages on site-0601.invalid/global/en/, we use cookies and similar techniques. Functional cookies for essential website functionality are always active. They also remember your language and country and allow you to view videos. You may accept analytical cookies. These help us improve our website by collecting data on perf...",CookiesConsentDataset/screenshots/ACLDP_0601_L1.png,Yes,Yes,Yes,1.0,1.0,1.0,0.0,0.0,1.0,1.0,Equal,1.0,Yes,"Skip to main content Stories Jobs Newsroom Our business Go shopping Go shopping at IKEA dot c om/sa(English), or use the store selector to search for another store. site-0601.invalid/sa (en) Welcome to IKEA Global! Pause video IKEA Catalogue time capsule Rewind to the '90s Go shopping at IKEA dot c om/sa(English), or use the store selector to search for another store Go shopping Store: site-0601.invalid/sa (en) Sty...",CookiesConsentDataset/screenshots/ACLDP_0601_L2.png,0.0,0.0,805.0,3.0,3.0,0.0,0.0,1.0,Reload,,,,,,CookiesConsentDataset/evidence_json/ACLDP_0601.json
ACLDP_0602,site-0602.invalid,https://site-0602.invalid,Completed,,1.0,L1,20260311T033428Z,2026-03-11T03:34:54Z,,en-US,Chromium,Yes,No,None,,Unknown,,Yes,HTML match: /tcstring/,,,No,No,No,,,,,,,,,,No,,,,,,,,,,,,,,,,,CookiesConsentDataset/evidence_json/ACLDP_0602.json
ACLDP_0603,site-0603.invalid,https://site-0603.invalid,Completed,,1.0,L1,20260311T033428Z,2026-03-11T03:34:58Z,,en-US,Chromium,Yes,Yes,Modal,1.0,OneTrust,HTML match: /onetrust/,Yes,HTML match: /tcstring/,"OneTrust expands AI Governance to meet the demands of scalable, real‑time AI Learn more Solutions Platform Resources Company Request demo Contact Sales EN Continuous governance for AI. OneTrust is the AI-Ready Governance Platform™ built to prevent data misuse across your tech stack — enabling you to govern well and move fast. Watch demo Talk to sales The OneTrust AI-Ready Governance Platform™ Our ...",CookiesConsentDataset/screenshots/ACLDP_0603_L1.png,Yes,No,No,1.0,,,,,3.0,,,1.0,No,,,,,,,,,,1.0,Reload,,,,,,CookiesConsentDataset/evidence_json/ACLDP_0603.json
ACLDP_0604,site-0604.invalid,https://site-0604.invalid,Completed,,1.0,L1,20260311T033428Z,2026-03-11T03:35:07Z,,en-US,Chromium,Yes,No,None,,Unknown,,No,,,,No,No,No,,,,,,,,,,No,,,,,,,,,,,,,,,,,CookiesConsentDataset/evidence_json/ACLDP_0604.json
ACLDP_0605,site-0605.invalid,https://site-0605.invalid,Completed,,1.0,L1,20260311T033428Z,2026-03-11T03:35:10Z,,en-US,Chromium,Yes,No,None,,Unknown,,Yes,HTML match: /__tcfapi/,,,No,No,No,,,,,,,,,,No,,,,,,,,,,,,,,,,,CookiesConsentDataset/evidence_json/ACLDP_0605.json
ACLDP_0606,site-0606.invalid,https://site-0606.invalid,Completed,,0.0,L1,20260311T015418Z,2026-03-11T01:54:18Z,,en-US,Chromium,Yes,No,None,,Cookiebot,HTML match: /cookiebot/,Yes,HTML match: /\btcf\b/,,,No,No,No,,,,,,,,,,No,,,,,,,,,,,,,,,,,CookiesConsentDataset/evidence_json/ACLDP_0606.json
ACLDP_0607,site-0607.invalid,https://site-0607.invalid,Completed,,0.0,L1,20260311T015418Z,2026-03-11T01:54:24Z,,en-US,Chromium,Yes,No,None,,OneTrust,HTML match: /onetrust/,No,,,,No,No,No,,,,,,,,,,No,,,,,,,,,,,,,,,,,CookiesConsentDataset/evidence_json/ACLDP_0607.json
ACLDP_0608,site-0608.invalid,https://site-0608.invalid,Completed,,0.0,L1,20260311T015418Z,2026-03-11T01:54:30Z,,en-US,Chromium,Yes,No,None,,Unknown,,No,,,,No,No,No,,,,,,,,,,No,,,,,,,,,,,,,,,,,CookiesConsentDataset/evidence_json/ACLDP_0608.json
ACLDP_0609,site-0609.invalid,https://site-0609.invalid,Failed,"Navigation error: Page.goto: net::ERR_HTTP2_PROTOCOL_ERROR at https://site-0609.invalid/
Call log:
  - navigating to ""https://site-0609.invalid/"", waiting until ""domcontentloaded""",2.0,L1,20260311T033428Z,2026-03-11T03:35:14Z,,en-US,Chromium,Yes,No,None,,,,,,,,No,No,No,,,,,,,,,,No,,,,,,,,,,,,,,,,,CookiesConsentDataset/evidence_json/ACLDP_0609.json
ACLDP_0610,site-0610.invalid,https://site-0610.invalid,Failed,"Navigation error: Page.goto: Navigation to ""https://site-0610.invalid/"" is interrupted by another navigation to ""chrome-error://chromewebdata/""
Call log:
  - navigating to ""https://site-0610.invalid/"", waiting until ""domcontentloaded""
",2.0,L1,20260311T033428Z,2026-03-11T03:35:15Z,,en-US,Chromium,Yes,No,None,,,,,,,,No,No,No,,,,,,,,,,No,,,,,,,,,,,,,,,,,CookiesConsentDataset/evidence_json/ACLDP_0610.json
ACLDP_0611,site-0611.invalid,https://site-0611.invalid,Failed,Navigation timeout,2.0,L1,20260311T033428Z,2026-03-11T03:35:16Z,,en-US,Chromium,Yes,No,None,,,,,,,,No,No,No,,,,,,,,,,No,,,,,,,,,,,,,,,,,CookiesConsentDataset/evidence_json/ACLDP_0611.json
ACLDP_0612,site-0612.invalid,https://site-0612.invalid,Completed,,0.0,L2,20260311T015418Z,2026-03-11T01:55:20Z,,en-US,Chromium,Yes,Yes,Banner,2.0,Unknown,,No,,"This site uses cookies and related technologies, as described in our privacy policy, for purposes that may include site operation, analytics, enhanced user experience, or advertising. You may choose to consent to our use of these technologies, or manage your own preferences. Please visit our cookie policy for more information. AGREE & PROCEED DECLINE ALL MANAGE CHOICES",CookiesConsentDataset/screenshots/ACLDP_0612_L1.png,Yes,Yes,Yes,1.0,1.0,1.0,0.0,0.0,1.0,1.0,Equal,1.0,Yes,Now Available: OpenAI GPT-5.4 on the Gradient™ AI Platform Now Available: OpenAI GPT-5.3 Codex on the Gradient™ AI Platform Now Available: Claude Sonnet 4.6 on the Gradient™ AI Platform Heroku is shifting to sustaining engineering. Migrate your workloads to DigitalOcean Now Available: Claude Opus 4.6 on Gradient™ AI Platform 🔥 Run OpenClaw on DigitalOcean App Platform Join us for Deploy in San Fra...,CookiesConsentDataset/screenshots/ACLDP_0612_L2.png,0.0,0.0,1554.0,3.0,3.0,0.0,0.0,1.0,Reload,,,,,,CookiesConsentDataset/evidence_json/ACLDP_0612.json
ACLDP_0613,site-0613.invalid,https://site-0613.invalid,Completed,,0.0,L1,20260311T015418Z,2026-03-11T01:55:29Z,,en-US,Chromium,Yes,No,None,,Didomi,HTML match: /didomi/,No,,,,No,No,No,,,,,,,,,,No,,,,,,,,,,,,,,,,,CookiesConsentDataset/evidence_json/ACLDP_0613.json
ACLDP_0614,site-0614.invalid,https://site-0614.invalid,Completed,,0.0,L1,20260311T015418Z,2026-03-11T01:55:34Z,,en-US,Chromium,Yes,No,None,,Unknown,,No,,,,No,No,No,,,,,,,,,,No,,,,,,,,,,,,,,,,,CookiesConsentDataset/evidence_json/ACLDP_0614.json
ACLDP_0615,site-0615.invalid,https://site-0615.invalid,Completed,,0.0,L1,20260311T015418Z,2026-03-11T01:55:39Z,,en-US,Chromium,Yes,No,None,,Unknown,,Yes,HTML match: /tcstring/,,,No,No,No,,,,,,,,,,No,,,,,,,,,,,,,,,,,CookiesConsentDataset/evidence_json/ACLDP_0615.json
ACLDP_0616,site-0616.invalid,https://site-0616.invalid,Completed,,0.0,L1,20260311T015418Z,2026-03-11T01:55:43Z,,en-US,Chromium,Yes,No,None,,Unknown,,No,,,,No,No,No,,,,,,,,,,No,,,,,,,,,,,,,,,,,CookiesConsentDataset/evidence_json/ACLDP_0616.json
ACLDP_0617,site-0617.invalid,https://site-0617.invalid,Completed,,0.0,L2,20260311T015418Z,2026-03-11T01:55:49Z,,en-US,Chromium,Yes,Yes,Banner,2.0,OneTrust,HTML match: /onetrust/,No,,"Our websites use different types of cookies. We use Strictly Necessary cookies in order for our websites to function properly and these cookies may never be disabled. We use optional first party and third-party cookies to improve our websites, customize your experience and provide personalized advertising. If you access our websites, optional Analytic cookies, in addition to Strictly Necessary coo...",CookiesConsentDataset/screenshots/ACLDP_0617_L1.png,Yes,No,Yes,1.0,2.0,1.0,1.0,1.0,1.0,,,1.0,Yes,"Investor Relations Login Contact Us About Us About Us ""We enable the world to connect online with reliability and confidence, anytime, anywhere."" - Jim Bidzos, Executive Chairman, President and Chief Executive Officer Who We Are About Verisign Verisign History Mission and Values Leadership Investor Relations Verisign Cares Careers Contact Us Support Report a Vulnerability What We Do What We Do A g...",CookiesConsentDataset/screenshots/ACLDP_0617_L2.png,13.0,0.0,1097.0,3.0,3.0,13.0,0.0,1.0,Reload,,,,,,CookiesConsentDataset/evidence_json/ACLDP_0617.json
ACLDP_0618,site-0618.invalid,https://site-0618.invalid,Completed,,0.0,L1,20260311T015418Z,2026-03-11T01:56:01Z,,en-US,Chromium,Yes,No,None,,OneTrust,HTML match: /onetrust/,Yes,HTML match: /tcstring/,,,No,No,No,,,,,,,,,,No,,,,,,,,,,,,,,,,,CookiesConsentDataset/evidence_json/ACLDP_0618.json
ACLDP_0619,site-0619.invalid,https://site-0619.invalid,Completed,,0.0,L1,20260311T015418Z,2026-03-11T01:56:08Z,,en-US,Chromium,Yes,No,None,,Sourcepoint,HTML match: /sourcepoint/,No,,,,No,No,No,,,,,,,,,,No,,,,,,,,,,,,,,,,,CookiesConsentDataset/evidence_json/ACLDP_0619.json
ACLDP_0620,site-0620.invalid,https://site-0620.invalid,Failed,"Navigation error: Page.goto: net::ERR_CONNECTION_REFUSED at https://site-0620.invalid/
Call log:
  - navigating to ""https://site-0620.invalid/"", waiting until ""domcontentloaded""
",2.0,L1,20260311T033428Z,2026-03-11T03:36:01Z,,en-US,Chromium,Yes,No,None,,,,,,,,No,No,No,,,,,,,,,,No,,,,,,,,,,,,,,,,,CookiesConsentDataset/evidence_json/ACLDP_0620.json
ACLDP_0621,site-0621.invalid,https://site-0621.invalid,Failed,"Navigation error: Page.goto: Navigation to ""https://site-0621.invalid/"" is interrupted by another navigation to ""chrome-error://chromewebdata/""
Call log:
  - navigating to ""https://site-0621.invalid/"", waiting until ""domcontentloaded""
",2.0,L1,20260311T033428Z,2026-03-11T03:36:02Z,,en-US,Chromium,Yes,No,None,,,,,,,,No,No,No,,,,,,,,,,No,,,,,,,,,,,,,,,,,CookiesConsentDataset/evidence_json/ACLDP_0621.json
ACLDP_0622,site-0622.invalid,https://site-0622.invalid,Failed,"Navigation error: Page.goto: Navigation to ""https://site-0622.invalid/"" is interrupted by another navigation to ""https://www.site-0621.invalid/""
Call log:
  - navigating to ""https://site-0622.invalid/"", waiting until ""domcontentloaded""
",2.0,L1,20260311T033428Z,2026-03-11T03:36:02Z,,en-US,Chromium,Yes,No,None,,,,,,,,No,No,No,,,,,,,,,,No,,,,,,,,,,,,,,,,,CookiesConsentDataset/evidence_json/ACLDP_0622.json
ACLDP_0623,site-0623.invalid,https://site-0623.invalid,Failed,"Navigation error: Page.goto: Navigation to ""https://site-0623.invalid/"" is interrupted by another navigation to ""https://www.redhasite-0211.invalidm/en""
Call log:
  - navigating to ""https://site-0623.invalid/"", waiting until ""domcontentloaded""
",2.0,L1,20260311T033428Z,2026-03-11T03:36:03Z,,en-US,Chromium,Yes,No,None,,,,,,,,No,No,No,,,,,,,,,,No,,,,,,,,,,,,,,,,,CookiesConsentDataset/evidence_json/ACLDP_0623.json
ACLDP_0624,site-0624.invalid,https://site-0624.invalid,Failed,"Navigation error: Page.goto: net::ERR_NAME_NOT_RESOLVED at https://site-0624.invalid/
Call log:
  - navigating to ""https://site-0624.invalid/"", waiting until ""domcontentloaded""
",2.0,L1,20260311T033428Z,2026-03-11T03:36:04Z,,en-US,Chromium,Yes,No,None,,,,,,,,No,No,No,,,,,,,,,,No,,,,,,,,,,,,,,,,,CookiesConsentDataset/evidence_json/ACLDP_0624.json
ACLDP_0625,site-0625.invalid,https://site-0625.invalid,Failed,"Navigation error: Page.goto: net::ERR_NAME_NOT_RESOLVED at https://site-0625.invalid/
Call log:
  - navigating to ""https://site-0625.invalid/"", waiting until ""domcontentloaded""
",2.0,L1,20260311T033428Z,2026-03-11T03:36:04Z,,en-US,Chromium,Yes,No,None,,,,,,,,No,No,No,,,,,,,,,,No,,,,,,,,,,,,,,,,,CookiesConsentDataset/evidence_json/ACLDP_0625.json
ACLDP_0626,site-0626.invalid,https://site-0626.invalid,Failed,"Navigation error: Page.goto: net::ERR_NAME_NOT_RESOLVED at https://site-0626.invalid/
Call log:
  - navigating to ""https://site-0626.invalid/"", waiting until ""domcontentloaded""
",2.0,L1,20260311T033428Z,2026-03-11T03:36:04Z,,en-US,Chromium,Yes,No,None,,,,,,,,No,No,No,,,,,,,,,,No,,,,,,,,,,,,,,,,,CookiesConsentDataset/evidence_json/ACLDP_0626.json
ACLDP_0627,site-0627.invalid,https://site-0627.invalid,Failed,"Navigation error: Page.goto: net::ERR_NAME_NOT_RESOLVED at https://site-0627.invalid/
Call log:
  - navigating to ""https://site-0627.invalid/"", waiting until ""domcontentloaded""
",2.0,L1,20260311T033428Z,2026-03-11T03:36:04Z,,en-US,Chromium,Yes,No,None,,,,,,,,No,No,No,,,,,,,,,,No,,,,,,,,,,,,,,,,,CookiesConsentDataset/evidence_json/ACLDP_0627.json
ACLDP_0628,site-0628.invalid,https://site-0628.invalid,Completed,,0.0,L1,20260311T015418Z,2026-03-11T01:56:16Z,,en-US,Chromium,Yes,No,None,,OneTrust,HTML match: /onetrust/,No,,,,No,No,No,,,,,,,,,,No,,,,,,,,,,,,,,,,,CookiesConsentDataset/evidence_json/ACLDP_0628.json
ACLDP_0629,site-0629.invalid,https://site-0629.invalid,Completed,,0.0,L1,20260311T015418Z,2026-03-11T01:56:22Z,,en-US,Chromium,Yes,No,None,,OneTrust,HTML match: /onetrust/,No,,,,No,No,No,,,,,,,,,,No,,,,,,,,,,,,,,,,,CookiesConsentDataset/evidence_json/ACLDP_0629.json
ACLDP_0630,site-0630.invalid,https://site-0630.invalid,Completed,,0.0,L1,20260311T015418Z,2026-03-11T01:56:28Z,,en-US,Chromium,Yes,No,None,,Unknown,,No,,,,No,No,No,,,,,,,,,,No,,,,,,,,,,,,,,,,,CookiesConsentDataset/evidence_json/ACLDP_0630.json
ACLDP_0631,site-0631.invalid,https://site-0631.invalid,Failed,"Navigation error: Page.goto: net::ERR_CONNECTION_REFUSED at https://site-0631.invalid/
Call log:
  - navigating to ""https://site-0631.invalid/"", waiting until ""domcontentloaded""
",2.0,L1,20260311T033428Z,2026-03-11T03:36:04Z,,en-US,Chromium,Yes,No,None,,,,,,,,No,No,No,,,,,,,,,,No,,,,,,,,,,,,,,,,,CookiesConsentDataset/evidence_json/ACLDP_0631.json
ACLDP_0632,site-0632.invalid,https://site-0632.invalid,Completed,,1.0,L1,20260311T033428Z,2026-03-11T03:36:05Z,,en-US,Chromium,Yes,No,None,,OneTrust,HTML match: /onetrust/,No,,,,No,No,No,,,,,,,,,,No,,,,,,,,,,,,,,,,,CookiesConsentDataset/evidence_json/ACLDP_0632.json
ACLDP_0633,site-0633.invalid,https://site-0633.invalid,Completed,,1.0,L1,20260311T033428Z,2026-03-11T03:36:11Z,,en-US,Chromium,Yes,Yes,Banner,1.0,OneTrust,HTML match: /onetrust/,No,,"We use cookies to enable site functionality, personalisation and analytics, but it's up to you! Click ""Manage Cookies"" to adjust preferences. Learn more » Manage Cookies Accept All Cookies",CookiesConsentDataset/screenshots/ACLDP_0633_L1.png,Yes,No,Yes,1.0,2.0,1.0,1.0,1.0,1.0,,,1.0,No,,,,,,,,,,1.0,Reload,,,,,,CookiesConsentDataset/evidence_json/ACLDP_0633.json
ACLDP_0634,site-0634.invalid,https://site-0634.invalid,Failed,"Navigation error: Page.goto: net::ERR_CERT_COMMON_NAME_INVALID at https://site-0634.invalid/
Call log:
  - navigating to ""https://site-0634.invalid/"", waiting until ""domcontentloaded""
",2.0,L1,20260311T033428Z,2026-03-11T03:36:27Z,,en-US,Chromium,Yes,No,None,,,,,,,,No,No,No,,,,,,,,,,No,,,,,,,,,,,,,,,,,CookiesConsentDataset/evidence_json/ACLDP_0634.json
ACLDP_0635,site-0635.invalid,https://site-0635.invalid,Failed,"Navigation error: Page.goto: Navigation to ""https://site-0635.invalid/"" is interrupted by another navigation to ""chrome-error://chromewebdata/""
Call log:
  - navigating to ""https://site-0635.invalid/"", waiting until ""domcontentloaded""
",2.0,L1,20260311T033428Z,2026-03-11T03:36:27Z,,en-US,Chromium,Yes,No,None,,,,,,,,No,No,No,,,,,,,,,,No,,,,,,,,,,,,,,,,,CookiesConsentDataset/evidence_json/ACLDP_0635.json
ACLDP_0636,site-0636.invalid,https://site-0636.invalid,Failed,"Navigation error: Page.goto: Navigation to ""https://site-0636.invalid/"" is interrupted by another navigation to ""https://www.dreamhossite-0211.invalidm/""
Call log:
  - navigating to ""https://site-0636.invalid/"", waiting until ""domcontentloaded""
",2.0,L1,20260311T033428Z,2026-03-11T03:36:28Z,,en-US,Chromium,Yes,No,None,,,,,,,,No,No,No,,,,,,,,,,No,,,,,,,,,,,,,,,,,CookiesConsentDataset/evidence_json/ACLDP_0636.json
ACLDP_0637,site-0637.invalid,https://site-0637.invalid,Failed,"Navigation error: Page.goto: net::ERR_NAME_NOT_RESOLVED at https://site-0637.invalid/
Call log:
  - navigating to ""https://site-0637.invalid/"", waiting until ""domcontentloaded""
",2.0,L1,20260311T033428Z,2026-03-11T03:36:29Z,,en-US,Chromium,Yes,No,None,,,,,,,,No,No,No,,,,,,,,,,No,,,,,,,,,,,,,,,,,CookiesConsentDataset/evidence_json/ACLDP_0637.json
ACLDP_0638,site-0638.invalid,https://site-0638.invalid,Failed,"Navigation error: Page.goto: net::ERR_NAME_NOT_RESOLVED at https://site-0638.invalid/
Call log:
  - navigating to ""https://site-0638.invalid/"", waiting until ""domcontentloaded""
",2.0,L1,20260311T033428Z,2026-03-11T03:36:29Z,,en-US,Chromium,Yes,No,None,,,,,,,,No,No,No,,,,,,,,,,No,,,,,,,,,,,,,,,,,CookiesConsentDataset/evidence_json/ACLDP_0638.json
ACLDP_0639,site-0639.invalid,https://site-0639.invalid,Completed,,0.0,L1,20260311T015418Z,2026-03-11T01:56:41Z,,en-US,Chromium,Yes,No,None,,Unknown,,No,,,,No,No,No,,,,,,,,,,No,,,,,,,,,,,,,,,,,CookiesConsentDataset/evidence_json/ACLDP_0639.json
ACLDP_0640,site-0640.invalid,https://site-0640.invalid,Failed,"Navigation error: Page.goto: net::ERR_CONNECTION_RESET at https://site-0640.invalid/
Call log:
  - navigating to ""https://site-0640.invalid/"", waiting until ""domcontentloaded""
",2.0,L1,20260311T033428Z,2026-03-11T03:36:29Z,,en-US,Chromium,Yes,No,None,,,,,,,,No,No,No,,,,,,,,,,No,,,,,,,,,,,,,,,,,CookiesConsentDataset/evidence_json/ACLDP_0640.json
ACLDP_0641,site-0641.invalid,https://site-0641.invalid,Completed,,1.0,L2,20260311T033428Z,2026-03-11T03:36:30Z,,en-US,Chromium,Yes,Yes,Banner,2.0,OneTrust,HTML match: /onetrust/,Yes,HTML match: /__tcfapi/,"This website utilizes technologies such as cookies to enable essential site functionality, as well as for analytics, personalization, and targeted advertising. You may change your settings at any time or accept the default settings. You may close this banner to continue with only essential cookies. Privacy Policy Storage Preferences Targeted Advertising Personalization Analytics Save Accept All Re...",CookiesConsentDataset/screenshots/ACLDP_0641_L1.png,Yes,Yes,Yes,1.0,1.0,1.0,0.0,0.0,2.0,2.0,Equal,1.0,Yes,"Storage Preferences When you visit websites, they may store or retrieve data about you using cookies and similar technologies (""cookies""). Cookies may be necessary for the basic functionality of the website as well as other purposes. You have the option of disabling certain types of cookies, though doing so may impact your experience on the website. Privacy Policy Essential Required to enable basi...",CookiesConsentDataset/screenshots/ACLDP_0641_L2.png,23.0,0.0,1782.0,4.0,3.0,23.0,0.0,1.0,Reload,,,,,,CookiesConsentDataset/evidence_json/ACLDP_0641.json
ACLDP_0642,site-0642.invalid,https://site-0642.invalid,Failed,"Navigation error: Page.goto: net::ERR_NAME_NOT_RESOLVED at https://site-0642.invalid/
Call log:
  - navigating to ""https://site-0642.invalid/"", waiting until ""domcontentloaded""
",2.0,L1,20260311T033428Z,2026-03-11T03:36:41Z,,en-US,Chromium,Yes,No,None,,,,,,,,No,No,No,,,,,,,,,,No,,,,,,,,,,,,,,,,,CookiesConsentDataset/evidence_json/ACLDP_0642.json
ACLDP_0643,site-0643.invalid,https://site-0643.invalid,Failed,"Navigation error: Page.goto: Navigation to ""https://site-0643.invalid/"" is interrupted by another navigation to ""chrome-error://chromewebdata/""
Call log:
  - navigating to ""https://site-0643.invalid/"", waiting until ""domcontentloaded""
",2.0,L1,20260311T033428Z,2026-03-11T03:36:42Z,,en-US,Chromium,Yes,No,None,,,,,,,,No,No,No,,,,,,,,,,No,,,,,,,,,,,,,,,,,CookiesConsentDataset/evidence_json/ACLDP_0643.json
ACLDP_0644,site-0644.invalid,https://site-0644.invalid,Failed,"Navigation error: Page.goto: Navigation to ""https://site-0644.invalid/"" is interrupted by another navigation to ""https://www.site-0643.invalid/""
Call log:
  - navigating to ""https://site-0644.invalid/"", waiting until ""domcontentloaded""
",2.0,L1,20260311T033428Z,2026-03-11T03:36:43Z,,en-US,Chromium,Yes,No,None,,,,,,,,No,No,No,,,,,,,,,,No,,,,,,,,,,,,,,,,,CookiesConsentDataset/evidence_json/ACLDP_0644.json
ACLDP_0645,site-0645.invalid,https://site-0645.invalid,Failed,"Navigation error: Page.goto: Navigation to ""https://site-0645.invalid/"" is interrupted by another navigation to ""https://www.site-0644.invalid/""
Call log:
  - navigating to ""https://site-0645.invalid/"", waiting until ""domcontentloaded""
",2.0,L1,20260311T033428Z,2026-03-11T03:36:43Z,,en-US,Chromium,Yes,No,None,,,,,,,,No,No,No,,,,,,,,,,No,,,,,,,,,,,,,,,,,CookiesConsentDataset/evidence_json/ACLDP_0645.json
ACLDP_0646,site-0646.invalid,https://site-0646.invalid,Failed,"Navigation error: Page.goto: net::ERR_HTTP2_PROTOCOL_ERROR at https://site-0646.invalid/
Call log:
  - navigating to ""https://site-0646.invalid/"", waiting until ""domcontentloaded""",2.0,L1,20260311T033428Z,2026-03-11T03:36:45Z,,en-US,Chromium,Yes,No,None,,,,,,,,No,No,No,,,,,,,,,,No,,,,,,,,,,,,,,,,,CookiesConsentDataset/evidence_json/ACLDP_0646.json
ACLDP_0647,site-0647.invalid,https://site-0647.invalid,Failed,"Navigation error: Page.goto: net::ERR_NAME_NOT_RESOLVED at https://site-0647.invalid/
Call log:
  - navigating to ""https://site-0647.invalid/"", waiting until ""domcontentloaded""
",2.0,L1,20260311T033428Z,2026-03-11T03:36:46Z,,en-US,Chromium,Yes,No,None,,,,,,,,No,No,No,,,,,,,,,,No,,,,,,,,,,,,,,,,,CookiesConsentDataset/evidence_json/ACLDP_0647.json
ACLDP_0648,site-0648.invalid,https://site-0648.invalid,Completed,,0.0,L1,20260311T015418Z,2026-03-11T01:56:53Z,,en-US,Chromium,Yes,No,None,,Didomi,HTML match: /didomi/,Yes,HTML match: /__tcfapi/,,,No,No,No,,,,,,,,,,No,,,,,,,,,,,,,,,,,CookiesConsentDataset/evidence_json/ACLDP_0648.json
ACLDP_0649,site-0649.invalid,https://site-0649.invalid,Failed,"Navigation error: Page.goto: net::ERR_NAME_NOT_RESOLVED at https://site-0649.invalid/
Call log:
  - navigating to ""https://site-0649.invalid/"", waiting until ""domcontentloaded""
",2.0,L1,20260311T033428Z,2026-03-11T03:36:48Z,,en-US,Chromium,Yes,No,None,,,,,,,,No,No,No,,,,,,,,,,No,,,,,,,,,,,,,,,,,CookiesConsentDataset/evidence_json/ACLDP_0649.json
ACLDP_0650,site-0650.invalid,https://site-0650.invalid,Failed,"Navigation error: Page.goto: net::ERR_NAME_NOT_RESOLVED at https://site-0650.invalid/
Call log:
  - navigating to ""https://site-0650.invalid/"", waiting until ""domcontentloaded""
",2.0,L1,20260311T033428Z,2026-03-11T03:36:48Z,,en-US,Chromium,Yes,No,None,,,,,,,,No,No,No,,,,,,,,,,No,,,,,,,,,,,,,,,,,CookiesConsentDataset/evidence_json/ACLDP_0650.json
ACLDP_0651,site-0651.invalid,https://site-0651.invalid,Completed,,0.0,L1,20260311T015418Z,2026-03-11T01:56:58Z,,en-US,Chromium,Yes,No,None,,Unknown,,No,,,,No,No,No,,,,,,,,,,No,,,,,,,,,,,,,,,,,CookiesConsentDataset/evidence_json/ACLDP_0651.json
ACLDP_0652,site-0652.invalid,https://site-0652.invalid,Completed,,0.0,L1,20260311T015418Z,2026-03-11T01:57:01Z,,en-US,Chromium,Yes,No,None,,Unknown,,No,,,,No,No,No,,,,,,,,,,No,,,,,,,,,,,,,,,,,CookiesConsentDataset/evidence_json/ACLDP_0652.json
ACLDP_0653,site-0653.invalid,https://site-0653.invalid,Completed,,0.0,L1,20260311T015418Z,2026-03-11T01:57:05Z,,en-US,Chromium,Yes,Yes,Modal,1.0,Unknown,,Yes,HTML match: /\btcf\b/,"Cookies We use cookies and other tracking technologies - provided by other companies with whom we share your data - to make our website work, improve your experience, and support our marketing efforts, as explained in our Privacy Notice. By using our website, you agree to our Website Terms of Use. Skip to main content OBSERVABILITY THAT ACTS KNOWS Intelligent Observability resolves issues at scale...",CookiesConsentDataset/screenshots/ACLDP_0653_L1.png,Yes,No,No,1.0,,,,,3.0,,,1.0,No,,,,,,,,,,1.0,Reload,,,,,,CookiesConsentDataset/evidence_json/ACLDP_0653.json
ACLDP_0654,site-0654.invalid,https://site-0654.invalid,Failed,Navigation timeout,2.0,L1,20260311T033428Z,2026-03-11T03:36:48Z,,en-US,Chromium,Yes,No,None,,,,,,,,No,No,No,,,,,,,,,,No,,,,,,,,,,,,,,,,,CookiesConsentDataset/evidence_json/ACLDP_0654.json
ACLDP_0655,site-0655.invalid,https://site-0655.invalid,Failed,"Navigation error: Page.goto: net::ERR_NAME_NOT_RESOLVED at https://site-0655.invalid/
Call log:
  - navigating to ""https://site-0655.invalid/"", waiting until ""domcontentloaded""
",2.0,L1,20260311T033428Z,2026-03-11T03:37:33Z,,en-US,Chromium,Yes,No,None,,,,,,,,No,No,No,,,,,,,,,,No,,,,,,,,,,,,,,,,,CookiesConsentDataset/evidence_json/ACLDP_0655.json
ACLDP_0656,site-0656.invalid,https://site-0656.invalid,Completed,,0.0,L1,20260311T015801Z,2026-03-11T01:58:01Z,,en-US,Chromium,Yes,Yes,Modal,1.0,Unknown,,No,,"Cookies on GOV.UK We use some essential cookies to make this website work. We’d like to set additional cookies to understand how you use GOV.UK, remember your settings and improve government services. We also use cookies set by other sites to help us deliver content from their services. Accept additional cookies Reject additional cookies View cookies",CookiesConsentDataset/screenshots/ACLDP_0656_L1.png,Yes,Yes,No,1.0,1.0,,0.0,0.0,2.0,2.0,Equal,1.0,No,,,,,,,,,,1.0,Reload,,,,,,CookiesConsentDataset/evidence_json/ACLDP_0656.json
ACLDP_0657,site-0657.invalid,https://site-0657.invalid,Completed,,0.0,L1,20260311T015801Z,2026-03-11T01:58:10Z,,en-US,Chromium,Yes,No,None,,Unknown,,No,,,,No,No,No,,,,,,,,,,No,,,,,,,,,,,,,,,,,CookiesConsentDataset/evidence_json/ACLDP_0657.json
ACLDP_0658,site-0658.invalid,https://site-0658.invalid,Failed,"Navigation error: Page.goto: net::ERR_NAME_NOT_RESOLVED at https://site-0658.invalid/
Call log:
  - navigating to ""https://site-0658.invalid/"", waiting until ""domcontentloaded""
",2.0,L1,20260311T033428Z,2026-03-11T03:37:33Z,,en-US,Chromium,Yes,No,None,,,,,,,,No,No,No,,,,,,,,,,No,,,,,,,,,,,,,,,,,CookiesConsentDataset/evidence_json/ACLDP_0658.json
ACLDP_0659,site-0659.invalid,https://site-0659.invalid,Completed,,1.0,L1,20260311T033428Z,2026-03-11T03:37:33Z,,en-US,Chromium,Yes,No,None,,Unknown,,No,,,,No,No,No,,,,,,,,,,No,,,,,,,,,,,,,,,,,CookiesConsentDataset/evidence_json/ACLDP_0659.json
ACLDP_0660,site-0660.invalid,https://site-0660.invalid,Completed,,1.0,L1,20260311T033428Z,2026-03-11T03:37:36Z,,en-US,Chromium,Yes,No,None,,Unknown,,Yes,HTML match: /__tcfapi/,,,No,No,No,,,,,,,,,,No,,,,,,,,,,,,,,,,,CookiesConsentDataset/evidence_json/ACLDP_0660.json
ACLDP_0661,site-0661.invalid,https://site-0661.invalid,Completed,,1.0,L2,20260311T033428Z,2026-03-11T03:37:40Z,,en-US,Chromium,Yes,Yes,Banner,2.0,OneTrust,HTML match: /onetrust/,No,,"Your preferences about cookies This website uses cookies, some of which are strictly necessary for this website to operate correctly, some of which are designed to improve your experience or give us aggregated analytics about our visitors (functional and performance cookies) and some of which are for advertising, marketing and targeting purposes. You are able to make your choice below by accepting...",CookiesConsentDataset/screenshots/ACLDP_0661_L1.png,Yes,Yes,Yes,1.0,1.0,1.0,0.0,0.0,1.0,1.0,Equal,1.0,Yes,"Outbrain Direct Response is a subsidiary of the new Teads. Discover how the new Teads delivers elevated outcomes, from branding to performance, following the merger of Outbrain and Teads. Visit Teads Website Skip Navigation Advertisers Media Owners Company Resources Get Started Log In Driving Performance, Elevating Outcomes We pioneered performance marketing on the Open Internet. Now, as part of T...",CookiesConsentDataset/screenshots/ACLDP_0661_L2.png,0.0,0.0,924.0,3.0,3.0,0.0,0.0,1.0,Reload,,,,,,CookiesConsentDataset/evidence_json/ACLDP_0661.json
ACLDP_0662,site-0662.invalid,https://site-0662.invalid,Failed,"Navigation error: Page.goto: net::ERR_NAME_NOT_RESOLVED at https://site-0662.invalid/
Call log:
  - navigating to ""https://site-0662.invalid/"", waiting until ""domcontentloaded""
",2.0,L1,20260311T033428Z,2026-03-11T03:37:50Z,,en-US,Chromium,Yes,No,None,,,,,,,,No,No,No,,,,,,,,,,No,,,,,,,,,,,,,,,,,CookiesConsentDataset/evidence_json/ACLDP_0662.json
ACLDP_0663,site-0663.invalid,https://site-0663.invalid,Failed,"Navigation error: Page.goto: Navigation to ""https://site-0663.invalid/"" is interrupted by another navigation to ""chrome-error://chromewebdata/""
Call log:
  - navigating to ""https://site-0663.invalid/"", waiting until ""domcontentloaded""
",2.0,L1,20260311T033428Z,2026-03-11T03:37:51Z,,en-US,Chromium,Yes,No,None,,,,,,,,No,No,No,,,,,,,,,,No,,,,,,,,,,,,,,,,,CookiesConsentDataset/evidence_json/ACLDP_0663.json
ACLDP_0664,site-0664.invalid,https://site-0664.invalid,Failed,"Navigation error: Page.goto: net::ERR_NAME_NOT_RESOLVED at https://site-0664.invalid/
Call log:
  - navigating to ""https://site-0664.invalid/"", waiting until ""domcontentloaded""",2.0,L1,20260311T033428Z,2026-03-11T03:37:51Z,,en-US,Chromium,Yes,No,None,,,,,,,,No,No,No,,,,,,,,,,No,,,,,,,,,,,,,,,,,CookiesConsentDataset/evidence_json/ACLDP_0664.json
ACLDP_0665,site-0665.invalid,https://site-0665.invalid,Failed,"Navigation error: Page.goto: net::ERR_NAME_NOT_RESOLVED at https://site-0665.invalid/
Call log:
  - navigating to ""https://site-0665.invalid/"", waiting until ""domcontentloaded""
",2.0,L1,20260311T033428Z,2026-03-11T03:37:51Z,,en-US,Chromium,Yes,No,None,,,,,,,,No,No,No,,,,,,,,,,No,,,,,,,,,,,,,,,,,CookiesConsentDataset/evidence_json/ACLDP_0665.json
ACLDP_0666,site-0666.invalid,https://site-0666.invalid,Completed,,0.0,L1,20260311T015801Z,2026-03-11T01:58:18Z,,en-US,Chromium,Yes,No,None,,OneTrust,HTML match: /onetrust/,No,,,,No,No,No,,,,,,,,,,No,,,,,,,,,,,,,,,,,CookiesConsentDataset/evidence_json/ACLDP_0666.json
ACLDP_0667,site-0667.invalid,https://site-0667.invalid,Failed,"Navigation error: Page.goto: net::ERR_NAME_NOT_RESOLVED at https://site-0667.invalid/
Call log:
  - navigating to ""https://site-0667.invalid/"", waiting until ""domcontentloaded""
",2.0,L1,20260311T033428Z,2026-03-11T03:37:52Z,,en-US,Chromium,Yes,No,None,,,,,,,,No,No,No,,,,,,,,,,No,,,,,,,,,,,,,,,,,CookiesConsentDataset/evidence_json/ACLDP_0667.json
ACLDP_0668,site-0668.invalid,https://site-0668.invalid,Completed,,1.0,L1,20260311T033428Z,2026-03-11T03:37:52Z,,en-US,Chromium,Yes,No,None,,Unknown,,No,,,,No,No,No,,,,,,,,,,No,,,,,,,,,,,,,,,,,CookiesConsentDataset/evidence_json/ACLDP_0668.json
ACLDP_0669,site-0669.invalid,https://site-0669.invalid,Completed,,1.0,L2,20260311T033428Z,2026-03-11T03:37:56Z,,en-US,Chromium,Yes,Yes,Banner,2.0,OneTrust,HTML match: /onetrust/,No,,"This site uses cookies Some of these cookies are essential to the functionality and security of our website. Other cookies are optional but help us analyze site usage, improve your browsing experience, and assist us in our sales and marketing efforts. Use this tool to ""Accept"" or ""Reject"" all but essential cookies for this browser or device. You may also broadcast an Opt-Out Preference Signal such...",CookiesConsentDataset/screenshots/ACLDP_0669_L1.png,Yes,Yes,Yes,1.0,1.0,1.0,0.0,0.0,3.0,3.0,Equal,1.0,Yes,"Solutions Open Solutions Tech Open Tech Insights Open Insights Company Open Company Request a demo IMAGINE ADS THAT move PEOPLE THE CREATIVE & MEDIA RESULTS COMPANY Our Platform is Predictive technology fuels our platform. Every stage of ad decisioning from matching the impression to the target audience, and matching the creative to the impression is seamlessly predicted and optimized. The only pl...",CookiesConsentDataset/screenshots/ACLDP_0669_L2.png,8.0,1.0,573.0,3.0,3.0,9.0,0.0,1.0,Reload,,,,,,CookiesConsentDataset/evidence_json/ACLDP_0669.json
ACLDP_0670,site-0670.invalid,https://site-0670.invalid,Completed,,1.0,L1,20260311T033428Z,2026-03-11T03:38:07Z,,en-US,Chromium,Yes,Yes,Banner,1.0,Unknown,,Yes,HTML match: /tcstring/,"Interest-Based Ads Notice We show interest-based ads (sometimes referred to as personalized or targeted ads) to display features, products, or services that may be of interest to you. To learn more, or to adjust your preferences, please refer to our Interest-Based Ads page. Continue Shopping",CookiesConsentDataset/screenshots/ACLDP_0670_L1.png,Yes,No,No,1.0,,,,,1.0,,,1.0,No,,,,,,,,,,1.0,Reload,,,,,,CookiesConsentDataset/evidence_json/ACLDP_0670.json
ACLDP_0671,site-0671.invalid,https://site-0671.invalid,Completed,,1.0,L1,20260311T033428Z,2026-03-11T03:38:15Z,,en-US,Chromium,Yes,No,None,,Unknown,,No,,,,No,No,No,,,,,,,,,,No,,,,,,,,,,,,,,,,,CookiesConsentDataset/evidence_json/ACLDP_0671.json
ACLDP_0672,site-0672.invalid,https://site-0672.invalid,Completed,,1.0,L1,20260311T033428Z,2026-03-11T03:38:18Z,,en-US,Chromium,Yes,No,None,,Unknown,,No,,,,No,No,No,,,,,,,,,,No,,,,,,,,,,,,,,,,,CookiesConsentDataset/evidence_json/ACLDP_0672.json
ACLDP_0673,site-0673.invalid,https://site-0673.invalid,Failed,"Navigation error: Page.goto: net::ERR_CONNECTION_RESET at https://site-0673.invalid/
Call log:
  - navigating to ""https://site-0673.invalid/"", waiting until ""domcontentloaded""
",2.0,L1,20260311T033428Z,2026-03-11T03:38:22Z,,en-US,Chromium,Yes,No,None,,,,,,,,No,No,No,,,,,,,,,,No,,,,,,,,,,,,,,,,,CookiesConsentDataset/evidence_json/ACLDP_0673.json
ACLDP_0674,site-0674.invalid,https://site-0674.invalid,Failed,"Navigation error: Page.goto: Navigation to ""https://site-0674.invalid/"" is interrupted by another navigation to ""chrome-error://chromewebdata/""
Call log:
  - navigating to ""https://site-0674.invalid/"", waiting until ""domcontentloaded""
",2.0,L1,20260311T033428Z,2026-03-11T03:38:23Z,,en-US,Chromium,Yes,No,None,,,,,,,,No,No,No,,,,,,,,,,No,,,,,,,,,,,,,,,,,CookiesConsentDataset/evidence_json/ACLDP_0674.json
ACLDP_0675,site-0675.invalid,https://site-0675.invalid,Failed,"Navigation error: Page.goto: Navigation to ""https://site-0675.invalid/"" is interrupted by another navigation to ""https://www.site-0674.invalid/""
Call log:
  - navigating to ""https://site-0675.invalid/"", waiting until ""domcontentloaded""
",2.0,L1,20260311T033428Z,2026-03-11T03:38:23Z,,en-US,Chromium,Yes,No,None,,,,,,,,No,No,No,,,,,,,,,,No,,,,,,,,,,,,,,,,,CookiesConsentDataset/evidence_json/ACLDP_0675.json
ACLDP_0676,site-0676.invalid,https://site-0676.invalid,Failed,"Navigation error: Page.goto: net::ERR_NAME_NOT_RESOLVED at https://site-0676.invalid/
Call log:
  - navigating to ""https://site-0676.invalid/"", waiting until ""domcontentloaded""
",2.0,L1,20260311T033428Z,2026-03-11T03:38:24Z,,en-US,Chromium,Yes,No,None,,,,,,,,No,No,No,,,,,,,,,,No,,,,,,,,,,,,,,,,,CookiesConsentDataset/evidence_json/ACLDP_0676.json
ACLDP_0677,site-0677.invalid,https://site-0677.invalid,Failed,"Navigation error: Page.goto: net::ERR_NAME_NOT_RESOLVED at https://site-0677.invalid/
Call log:
  - navigating to ""https://site-0677.invalid/"", waiting until ""domcontentloaded""
",2.0,L1,20260311T033428Z,2026-03-11T03:38:24Z,,en-US,Chromium,Yes,No,None,,,,,,,,No,No,No,,,,,,,,,,No,,,,,,,,,,,,,,,,,CookiesConsentDataset/evidence_json/ACLDP_0677.json
ACLDP_0678,site-0678.invalid,https://site-0678.invalid,Completed,,0.0,L2,20260311T015801Z,2026-03-11T01:58:29Z,,en-US,Chromium,Yes,Yes,Banner,2.0,OneTrust,HTML match: /onetrust/,No,,"Mailchimp uses cookies for our website to function properly; some are optional and help deliver a personalized and enhanced experience. You can consent to all or allow any level of cookies via “Customize Settings” and preferences can be changed at anytime. To learn more, read ourCookie Statement Customize settings",CookiesConsentDataset/screenshots/ACLDP_0678_L1.png,Yes,No,Yes,1.0,2.0,1.0,1.0,1.0,3.0,,,1.0,Yes,"___ Skip to main content Save 50% for 12 months - limited time offer. Get started today. Industries and Solutions Integrations Resources Switch to Mailchimp Sales: +1 (855) 995-9556 Pricing Log In Main Menu THE #1 AI-POWERED EMAIL MARKETING AND AUTOMATIONS PLATFORM* Data-driven marketing without the complexity Maximize ROI with easy-to-use marketing analytics, automations, and AI tools. Sign Up Ma...",CookiesConsentDataset/screenshots/ACLDP_0678_L2.png,7.0,1.0,1178.0,3.0,3.0,8.0,0.0,1.0,Reload,,,,,,CookiesConsentDataset/evidence_json/ACLDP_0678.json
ACLDP_0679,site-0679.invalid,https://site-0679.invalid,Failed,"Navigation error: Page.goto: net::ERR_NAME_NOT_RESOLVED at https://site-0679.invalid/
Call log:
  - navigating to ""https://site-0679.invalid/"", waiting until ""domcontentloaded""",2.0,L1,20260311T033428Z,2026-03-11T03:38:24Z,,en-US,Chromium,Yes,No,None,,,,,,,,No,No,No,,,,,,,,,,No,,,,,,,,,,,,,,,,,CookiesConsentDataset/evidence_json/ACLDP_0679.json
ACLDP_0680,site-0680.invalid,https://site-0680.invalid,Failed,"Navigation error: Page.goto: net::ERR_NAME_NOT_RESOLVED at https://site-0680.invalid/
Call log:
  - navigating to ""https://site-0680.invalid/"", waiting until ""domcontentloaded""
",2.0,L1,20260311T033428Z,2026-03-11T03:38:24Z,,en-US,Chromium,Yes,No,None,,,,,,,,No,No,No,,,,,,,,,,No,,,,,,,,,,,,,,,,,CookiesConsentDataset/evidence_json/ACLDP_0680.json
ACLDP_0681,site-0681.invalid,https://site-0681.invalid,Failed,"Navigation error: Page.goto: net::ERR_NAME_NOT_RESOLVED at https://site-0681.invalid/
Call log:
  - navigating to ""https://site-0681.invalid/"", waiting until ""domcontentloaded""
",2.0,L1,20260311T033428Z,2026-03-11T03:38:26Z,,en-US,Chromium,Yes,No,None,,,,,,,,No,No,No,,,,,,,,,,No,,,,,,,,,,,,,,,,,CookiesConsentDataset/evidence_json/ACLDP_0681.json
ACLDP_0682,site-0682.invalid,https://site-0682.invalid,Failed,Navigation timeout,2.0,L1,20260311T033428Z,2026-03-11T03:38:26Z,,en-US,Chromium,Yes,No,None,,,,,,,,No,No,No,,,,,,,,,,No,,,,,,,,,,,,,,,,,CookiesConsentDataset/evidence_json/ACLDP_0682.json
ACLDP_0683,site-0683.invalid,https://site-0683.invalid,Completed,,0.0,L1,20260311T015801Z,2026-03-11T01:59:29Z,,en-US,Chromium,Yes,No,None,,Unknown,,Yes,HTML match: /__tcfapi/,,,No,No,No,,,,,,,,,,No,,,,,,,,,,,,,,,,,CookiesConsentDataset/evidence_json/ACLDP_0683.json
ACLDP_0684,site-0684.invalid,https://site-0684.invalid,Completed,,0.0,L1,20260311T015801Z,2026-03-11T01:59:33Z,,en-US,Chromium,Yes,No,None,,Unknown,,No,,,,No,No,No,,,,,,,,,,No,,,,,,,,,,,,,,,,,CookiesConsentDataset/evidence_json/ACLDP_0684.json
ACLDP_0685,site-0685.invalid,https://site-0685.invalid,Failed,"Navigation error: Page.goto: net::ERR_NAME_NOT_RESOLVED at https://site-0685.invalid/
Call log:
  - navigating to ""https://site-0685.invalid/"", waiting until ""domcontentloaded""
",2.0,L1,20260311T033428Z,2026-03-11T03:39:11Z,,en-US,Chromium,Yes,No,None,,,,,,,,No,No,No,,,,,,,,,,No,,,,,,,,,,,,,,,,,CookiesConsentDataset/evidence_json/ACLDP_0685.json
ACLDP_0686,site-0686.invalid,https://site-0686.invalid,Failed,"Navigation error: Page.goto: net::ERR_HTTP2_PROTOCOL_ERROR at https://site-0686.invalid/
Call log:
  - navigating to ""https://site-0686.invalid/"", waiting until ""domcontentloaded""",2.0,L1,20260311T033428Z,2026-03-11T03:39:11Z,,en-US,Chromium,Yes,No,None,,,,,,,,No,No,No,,,,,,,,,,No,,,,,,,,,,,,,,,,,CookiesConsentDataset/evidence_json/ACLDP_0686.json
ACLDP_0687,site-0687.invalid,https://site-0687.invalid,Failed,Navigation timeout,2.0,L1,20260311T033428Z,2026-03-11T03:39:12Z,,en-US,Chromium,Yes,No,None,,,,,,,,No,No,No,,,,,,,,,,No,,,,,,,,,,,,,,,,,CookiesConsentDataset/evidence_json/ACLDP_0687.json
ACLDP_0688,site-0688.invalid,https://site-0688.invalid,Completed,,0.0,L1,20260311T015801Z,2026-03-11T02:00:23Z,,en-US,Chromium,Yes,No,None,,Unknown,,No,,,,No,No,No,,,,,,,,,,No,,,,,,,,,,,,,,,,,CookiesConsentDataset/evidence_json/ACLDP_0688.json
ACLDP_0689,site-0689.invalid,https://site-0689.invalid,Completed,,0.0,L1,20260311T015801Z,2026-03-11T02:00:27Z,,en-US,Chromium,Yes,No,None,,Unknown,,No,,,,No,No,No,,,,,,,,,,No,,,,,,,,,,,,,,,,,CookiesConsentDataset/evidence_json/ACLDP_0689.json
ACLDP_0690,site-0690.invalid,https://site-0690.invalid,Completed,,0.0,L1,20260311T015801Z,2026-03-11T02:00:30Z,,en-US,Chromium,Yes,No,None,,Unknown,,No,,,,No,No,No,,,,,,,,,,No,,,,,,,,,,,,,,,,,CookiesConsentDataset/evidence_json/ACLDP_0690.json
ACLDP_0691,site-0691.invalid,https://site-0691.invalid,Completed,,0.0,L1,20260311T015801Z,2026-03-11T02:00:44Z,,en-US,Chromium,Yes,No,None,,Sourcepoint,HTML match: /sourcepoint/,Yes,HTML match: /__tcfapi/,,,No,No,No,,,,,,,,,,No,,,,,,,,,,,,,,,,,CookiesConsentDataset/evidence_json/ACLDP_0691.json
ACLDP_0692,site-0692.invalid,https://site-0692.invalid,Failed,"Navigation error: Page.goto: net::ERR_NAME_NOT_RESOLVED at https://site-0692.invalid/
Call log:
  - navigating to ""https://site-0692.invalid/"", waiting until ""domcontentloaded""
",2.0,L1,20260311T033428Z,2026-03-11T03:39:57Z,,en-US,Chromium,Yes,No,None,,,,,,,,No,No,No,,,,,,,,,,No,,,,,,,,,,,,,,,,,CookiesConsentDataset/evidence_json/ACLDP_0692.json
ACLDP_0693,site-0693.invalid,https://site-0693.invalid,Failed,"Navigation error: Page.goto: net::ERR_NAME_NOT_RESOLVED at https://site-0693.invalid/
Call log:
  - navigating to ""https://site-0693.invalid/"", waiting until ""domcontentloaded""
",2.0,L1,20260311T033428Z,2026-03-11T03:39:57Z,,en-US,Chromium,Yes,No,None,,,,,,,,No,No,No,,,,,,,,,,No,,,,,,,,,,,,,,,,,CookiesConsentDataset/evidence_json/ACLDP_0693.json
ACLDP_0694,site-0694.invalid,https://site-0694.invalid,Completed,,0.0,L1,20260311T015801Z,2026-03-11T02:00:48Z,,en-US,Chromium,Yes,No,None,,Unknown,,Yes,HTML match: /__tcfapi/,,,No,No,No,,,,,,,,,,No,,,,,,,,,,,,,,,,,CookiesConsentDataset/evidence_json/ACLDP_0694.json
ACLDP_0695,site-0695.invalid,https://site-0695.invalid,Completed,,0.0,L1,20260311T015801Z,2026-03-11T02:00:52Z,,en-US,Chromium,Yes,No,None,,OneTrust,HTML match: /onetrust/,Yes,HTML match: /tcstring/,,,No,No,No,,,,,,,,,,No,,,,,,,,,,,,,,,,,CookiesConsentDataset/evidence_json/ACLDP_0695.json
ACLDP_0696,site-0696.invalid,https://site-0696.invalid,Completed,,0.0,L1,20260311T015801Z,2026-03-11T02:00:58Z,,en-US,Chromium,Yes,Yes,Banner,1.0,Unknown,,No,,This website uses cookies. Some of the cookies used are essential for parts of the site to operate. Please see our privacy statement for more details. Click to accept. I Accept,CookiesConsentDataset/screenshots/ACLDP_0696_L1.png,Yes,No,No,1.0,,,,,1.0,,,1.0,No,,,,,,,,,,1.0,Reload,,,,,,CookiesConsentDataset/evidence_json/ACLDP_0696.json
ACLDP_0697,site-0697.invalid,https://site-0697.invalid,Failed,"Navigation error: Page.goto: net::ERR_NAME_NOT_RESOLVED at https://site-0697.invalid/
Call log:
  - navigating to ""https://site-0697.invalid/"", waiting until ""domcontentloaded""",2.0,L1,20260311T033428Z,2026-03-11T03:39:57Z,,en-US,Chromium,Yes,No,None,,,,,,,,No,No,No,,,,,,,,,,No,,,,,,,,,,,,,,,,,CookiesConsentDataset/evidence_json/ACLDP_0697.json
ACLDP_0698,site-0698.invalid,https://site-0698.invalid,Completed,,1.0,L1,20260311T033428Z,2026-03-11T03:39:57Z,,en-US,Chromium,Yes,No,None,,Unknown,,No,,,,No,No,No,,,,,,,,,,No,,,,,,,,,,,,,,,,,CookiesConsentDataset/evidence_json/ACLDP_0698.json
ACLDP_0699,site-0699.invalid,https://site-0699.invalid,Completed,,1.0,L1,20260311T033428Z,2026-03-11T03:40:04Z,,en-US,Chromium,Yes,No,None,,Unknown,,No,,,,No,No,No,,,,,,,,,,No,,,,,,,,,,,,,,,,,CookiesConsentDataset/evidence_json/ACLDP_0699.json
ACLDP_0700,site-0700.invalid,https://site-0700.invalid,Failed,"Navigation error: Page.goto: net::ERR_NAME_NOT_RESOLVED at https://site-0700.invalid/
Call log:
  - navigating to ""https://site-0700.invalid/"", waiting until ""domcontentloaded""
",2.0,L1,20260311T033428Z,2026-03-11T03:40:08Z,,en-US,Chromium,Yes,No,None,,,,,,,,No,No,No,,,,,,,,,,No,,,,,,,,,,,,,,,,,CookiesConsentDataset/evidence_json/ACLDP_0700.json
ACLDP_0701,site-0701.invalid,https://site-0701.invalid,Failed,"Navigation error: Page.goto: Navigation to ""https://site-0701.invalid/"" is interrupted by another navigation to ""chrome-error://chromewebdata/""
Call log:
  - navigating to ""https://site-0701.invalid/"", waiting until ""domcontentloaded""
",2.0,L1,20260311T033428Z,2026-03-11T03:40:08Z,,en-US,Chromium,Yes,No,None,,,,,,,,No,No,No,,,,,,,,,,No,,,,,,,,,,,,,,,,,CookiesConsentDataset/evidence_json/ACLDP_0701.json
ACLDP_0702,site-0702.invalid,https://site-0702.invalid,Failed,"Navigation error: Page.goto: net::ERR_NAME_NOT_RESOLVED at https://site-0702.invalid/
Call log:
  - navigating to ""https://site-0702.invalid/"", waiting until ""domcontentloaded""
",2.0,L1,20260311T033428Z,2026-03-11T03:40:08Z,,en-US,Chromium,Yes,No,None,,,,,,,,No,No,No,,,,,,,,,,No,,,,,,,,,,,,,,,,,CookiesConsentDataset/evidence_json/ACLDP_0702.json
ACLDP_0703,site-0703.invalid,https://site-0703.invalid,Failed,"Navigation error: Page.goto: net::ERR_NAME_NOT_RESOLVED at https://site-0703.invalid/
Call log:
  - navigating to ""https://site-0703.invalid/"", waiting until ""domcontentloaded""
",2.0,L1,20260311T033428Z,2026-03-11T03:40:09Z,,en-US,Chromium,Yes,No,None,,,,,,,,No,No,No,,,,,,,,,,No,,,,,,,,,,,,,,,,,CookiesConsentDataset/evidence_json/ACLDP_0703.json
ACLDP_0704,site-0704.invalid,https://site-0704.invalid,Completed,,0.0,L1,20260311T015801Z,2026-03-11T02:01:10Z,,en-US,Chromium,Yes,No,None,,Unknown,,No,,,,No,No,No,,,,,,,,,,No,,,,,,,,,,,,,,,,,CookiesConsentDataset/evidence_json/ACLDP_0704.json
ACLDP_0705,site-0705.invalid,https://site-0705.invalid,Failed,"Navigation error: Page.goto: net::ERR_NAME_NOT_RESOLVED at https://site-0705.invalid/
Call log:
  - navigating to ""https://site-0705.invalid/"", waiting until ""domcontentloaded""
",2.0,L1,20260311T033428Z,2026-03-11T03:40:09Z,,en-US,Chromium,Yes,No,None,,,,,,,,No,No,No,,,,,,,,,,No,,,,,,,,,,,,,,,,,CookiesConsentDataset/evidence_json/ACLDP_0705.json
ACLDP_0706,site-0706.invalid,https://site-0706.invalid,Failed,Navigation timeout,2.0,L1,20260311T033428Z,2026-03-11T03:40:10Z,,en-US,Chromium,Yes,No,None,,,,,,,,No,No,No,,,,,,,,,,No,,,,,,,,,,,,,,,,,CookiesConsentDataset/evidence_json/ACLDP_0706.json
ACLDP_0707,site-0707.invalid,https://site-0707.invalid,Completed,,0.0,L1,20260311T020113Z,2026-03-11T02:01:59Z,,en-US,Chromium,Yes,Yes,Banner,1.0,Unknown,,No,,"DeepL uses cookies, including marketing cookies to personalize advertisements displayed to you. For more details, please read our Privacy Policy. Close",CookiesConsentDataset/screenshots/ACLDP_0707_L1.png,Yes,No,No,1.0,,,,,1.0,,,1.0,No,,,,,,,,,,1.0,Reload,,,,,,CookiesConsentDataset/evidence_json/ACLDP_0707.json
ACLDP_0708,site-0708.invalid,https://site-0708.invalid,Completed,,0.0,L1,20260311T020113Z,2026-03-11T02:02:05Z,,en-US,Chromium,Yes,No,None,,Unknown,,No,,,,No,No,No,,,,,,,,,,No,,,,,,,,,,,,,,,,,CookiesConsentDataset/evidence_json/ACLDP_0708.json
ACLDP_0709,site-0709.invalid,https://site-0709.invalid,Completed,,0.0,L2,20260311T020113Z,2026-03-11T02:02:08Z,,en-US,Chromium,Yes,Yes,Modal,2.0,Unknown,,No,,"ASUSTeK COMPUTER INC. and its affiliated entities companies use cookies and similar technologies to perform essential online functions, such as authentication and security. You may disable these by changing your cookies setting through browser, but this may affect how this website functions. Also, ASUS uses some analytics, targeting/adverting and video-embedded cookies provided by ASUS or third pa...",CookiesConsentDataset/screenshots/ACLDP_0709_L1.png,Yes,Yes,Yes,1.0,1.0,1.0,0.0,0.0,1.0,1.0,Equal,1.0,Yes,"ASUSTeK COMPUTER INC. and its affiliated entities companies use cookies and similar technologies to perform essential online functions, such as authentication and security. You may disable these by changing your cookies setting through browser, but this may affect how this website functions. Also, ASUS uses some analytics, targeting/adverting and video-embedded cookies provided by ASUS or third pa...",CookiesConsentDataset/screenshots/ACLDP_0709_L2.png,1.0,0.0,1131.0,3.0,3.0,1.0,0.0,1.0,Reload,,,,,,CookiesConsentDataset/evidence_json/ACLDP_0709.json
ACLDP_0710,site-0710.invalid,https://site-0710.invalid,Failed,"Navigation error: Page.goto: net::ERR_NAME_NOT_RESOLVED at https://site-0710.invalid/
Call log:
  - navigating to ""https://site-0710.invalid/"", waiting until ""domcontentloaded""
",2.0,L1,20260311T033428Z,2026-03-11T03:40:55Z,,en-US,Chromium,Yes,No,None,,,,,,,,No,No,No,,,,,,,,,,No,,,,,,,,,,,,,,,,,CookiesConsentDataset/evidence_json/ACLDP_0710.json
ACLDP_0711,site-0711.invalid,https://site-0711.invalid,Completed,,1.0,L2,20260311T033428Z,2026-03-11T03:40:55Z,,en-US,Chromium,Yes,Yes,Banner,2.0,OneTrust,HTML match: /onetrust/,Yes,HTML match: /tcstring/,"Zoom uses cookies and similar technologies as strictly necessary to make our site work. We and our partners would also like to set additional cookies to analyze your use of our site, to personalize and enhance your visit to our site and to show you more relevant content and advertising. These will be set only if you accept. You can always review and change your cookie preferences through our cooki...",CookiesConsentDataset/screenshots/ACLDP_0711_L1.png,Yes,No,Yes,1.0,2.0,1.0,1.0,1.0,1.0,,,1.0,Yes,"Products AI Solutions Pricing Meet Sign In Sign In Support Support Contact Sales Contact sales Sign Up Free Sign Up Free From insight to impact: Join us for the Zoom CX Summit on April 29 Register now Find out what's possible when work connects Whether you're chatting with teammates or supporting customers, Zoom makes it easier to connect, collaborate, and reach goals — all with built-in AI doing ...",CookiesConsentDataset/screenshots/ACLDP_0711_L2.png,13.0,0.0,1278.0,3.0,2.0,13.0,1.0,1.0,Reload,,,,,,CookiesConsentDataset/evidence_json/ACLDP_0711.json
ACLDP_0712,site-0712.invalid,https://site-0712.invalid,Failed,"Navigation error: Page.goto: net::ERR_NAME_NOT_RESOLVED at https://site-0712.invalid/
Call log:
  - navigating to ""https://site-0712.invalid/"", waiting until ""domcontentloaded""
",2.0,L1,20260311T033428Z,2026-03-11T03:41:06Z,,en-US,Chromium,Yes,No,None,,,,,,,,No,No,No,,,,,,,,,,No,,,,,,,,,,,,,,,,,CookiesConsentDataset/evidence_json/ACLDP_0712.json
ACLDP_0713,site-0713.invalid,https://site-0713.invalid,Failed,"Navigation error: Page.goto: Navigation to ""https://site-0713.invalid/"" is interrupted by another navigation to ""chrome-error://chromewebdata/""
Call log:
  - navigating to ""https://site-0713.invalid/"", waiting until ""domcontentloaded""
",2.0,L1,20260311T033428Z,2026-03-11T03:41:06Z,,en-US,Chromium,Yes,No,None,,,,,,,,No,No,No,,,,,,,,,,No,,,,,,,,,,,,,,,,,CookiesConsentDataset/evidence_json/ACLDP_0713.json
ACLDP_0714,site-0714.invalid,https://site-0714.invalid,Failed,"Navigation error: Page.goto: Navigation to ""https://site-0714.invalid/"" is interrupted by another navigation to ""https://www.site-0713.invalid/""
Call log:
  - navigating to ""https://site-0714.invalid/"", waiting until ""domcontentloaded""
",2.0,L1,20260311T033428Z,2026-03-11T03:41:07Z,,en-US,Chromium,Yes,No,None,,,,,,,,No,No,No,,,,,,,,,,No,,,,,,,,,,,,,,,,,CookiesConsentDataset/evidence_json/ACLDP_0714.json
ACLDP_0715,site-0715.invalid,https://site-0715.invalid,Failed,"Navigation error: Page.goto: net::ERR_NAME_NOT_RESOLVED at https://site-0715.invalid/
Call log:
  - navigating to ""https://site-0715.invalid/"", waiting until ""domcontentloaded""
",2.0,L1,20260311T033428Z,2026-03-11T03:41:08Z,,en-US,Chromium,Yes,No,None,,,,,,,,No,No,No,,,,,,,,,,No,,,,,,,,,,,,,,,,,CookiesConsentDataset/evidence_json/ACLDP_0715.json
ACLDP_0716,site-0716.invalid,https://site-0716.invalid,Failed,"Navigation error: Page.goto: Navigation to ""https://site-0716.invalid/"" is interrupted by another navigation to ""chrome-error://chromewebdata/""
Call log:
  - navigating to ""https://site-0716.invalid/"", waiting until ""domcontentloaded""
",2.0,L1,20260311T033428Z,2026-03-11T03:41:08Z,,en-US,Chromium,Yes,No,None,,,,,,,,No,No,No,,,,,,,,,,No,,,,,,,,,,,,,,,,,CookiesConsentDataset/evidence_json/ACLDP_0716.json
ACLDP_0717,site-0717.invalid,https://site-0717.invalid,Failed,"Navigation error: Page.goto: Navigation to ""https://site-0717.invalid/"" is interrupted by another navigation to ""https://www.site-0716.invalid/""
Call log:
  - navigating to ""https://site-0717.invalid/"", waiting until ""domcontentloaded""
",2.0,L1,20260311T033428Z,2026-03-11T03:41:10Z,,en-US,Chromium,Yes,No,None,,,,,,,,No,No,No,,,,,,,,,,No,,,,,,,,,,,,,,,,,CookiesConsentDataset/evidence_json/ACLDP_0717.json
ACLDP_0718,site-0718.invalid,https://site-0718.invalid,Failed,"Navigation error: Page.goto: Navigation to ""https://site-0718.invalid/"" is interrupted by another navigation to ""https://site-0717.invalid/""
Call log:
  - navigating to ""https://site-0718.invalid/"", waiting until ""domcontentloaded""
",2.0,L1,20260311T033428Z,2026-03-11T03:41:10Z,,en-US,Chromium,Yes,No,None,,,,,,,,No,No,No,,,,,,,,,,No,,,,,,,,,,,,,,,,,CookiesConsentDataset/evidence_json/ACLDP_0718.json
ACLDP_0719,site-0719.invalid,https://site-0719.invalid,Failed,"Navigation error: Page.goto: net::ERR_NAME_NOT_RESOLVED at https://site-0719.invalid/
Call log:
  - navigating to ""https://site-0719.invalid/"", waiting until ""domcontentloaded""
",2.0,L1,20260311T033428Z,2026-03-11T03:41:11Z,,en-US,Chromium,Yes,No,None,,,,,,,,No,No,No,,,,,,,,,,No,,,,,,,,,,,,,,,,,CookiesConsentDataset/evidence_json/ACLDP_0719.json
ACLDP_0720,site-0720.invalid,https://site-0720.invalid,Failed,"Navigation error: Page.goto: net::ERR_NAME_NOT_RESOLVED at https://site-0720.invalid/
Call log:
  - navigating to ""https://site-0720.invalid/"", waiting until ""domcontentloaded""
",2.0,L1,20260311T033428Z,2026-03-11T03:41:12Z,,en-US,Chromium,Yes,No,None,,,,,,,,No,No,No,,,,,,,,,,No,,,,,,,,,,,,,,,,,CookiesConsentDataset/evidence_json/ACLDP_0720.json
ACLDP_0721,site-0721.invalid,https://site-0721.invalid,Completed,,0.0,L1,20260311T020113Z,2026-03-11T02:02:30Z,,en-US,Chromium,Yes,Yes,Banner,1.0,Unknown,,No,,"We value your privacy We use cookies to enhance your browsing experience, serve personalized content, and analyze traffic. By clicking ""Accept"", you consent to our use of cookies. To learn about our policies, please visit Privacy Policy and Data Management DENY ACCEPT",CookiesConsentDataset/screenshots/ACLDP_0721_L1.png,Yes,Yes,No,1.0,1.0,,0.0,0.0,2.0,2.0,Equal,1.0,No,,,,,,,,,,1.0,Reload,,,,,,CookiesConsentDataset/evidence_json/ACLDP_0721.json
ACLDP_0722,site-0722.invalid,https://site-0722.invalid,Completed,,1.0,L1,20260311T033428Z,2026-03-11T03:41:12Z,,en-US,Chromium,Yes,No,None,,Unknown,,No,,,,No,No,No,,,,,,,,,,No,,,,,,,,,,,,,,,,,CookiesConsentDataset/evidence_json/ACLDP_0722.json
ACLDP_0723,site-0723.invalid,https://site-0723.invalid,Completed,,1.0,L2,20260311T033428Z,2026-03-11T03:41:41Z,,en-US,Chromium,Yes,Yes,Banner,2.0,OneTrust,HTML match: /onetrust/,No,,"By clicking “Accept All Cookies”, you agree to the storing of cookies on your device to enhance site navigation, analyze site usage, and assist in our marketing efforts. Rackspace Technology Cookie Notice Rackspace Technology Cookie Notice If you reject, your information won’t be tracked when you visit this website. A single cookie will be used in your browser to remember your preference not to be...",CookiesConsentDataset/screenshots/ACLDP_0723_L1.png,Yes,Yes,Yes,1.0,1.0,1.0,0.0,0.0,1.0,1.0,Equal,1.0,Yes,"By clicking “Accept All Cookies”, you agree to the storing of cookies on your device to enhance site navigation, analyze site usage, and assist in our marketing efforts. Rackspace Technology Cookie Notice Rackspace Technology Cookie Notice If you reject, your information won’t be tracked when you visit this website. A single cookie will be used in your browser to remember your preference not to be...",CookiesConsentDataset/screenshots/ACLDP_0723_L2.png,4.0,0.0,1444.0,3.0,3.0,4.0,0.0,1.0,Reload,,,,,,CookiesConsentDataset/evidence_json/ACLDP_0723.json
ACLDP_0724,site-0724.invalid,https://site-0724.invalid,Completed,,1.0,L1,20260311T033428Z,2026-03-11T03:41:51Z,,en-US,Chromium,Yes,No,None,,Unknown,,No,,,,No,No,No,,,,,,,,,,No,,,,,,,,,,,,,,,,,CookiesConsentDataset/evidence_json/ACLDP_0724.json
ACLDP_0725,site-0725.invalid,https://site-0725.invalid,Failed,"Navigation error: Page.goto: net::ERR_NAME_NOT_RESOLVED at https://site-0725.invalid/
Call log:
  - navigating to ""https://site-0725.invalid/"", waiting until ""domcontentloaded""
",2.0,L1,20260311T033428Z,2026-03-11T03:41:55Z,,en-US,Chromium,Yes,No,None,,,,,,,,No,No,No,,,,,,,,,,No,,,,,,,,,,,,,,,,,CookiesConsentDataset/evidence_json/ACLDP_0725.json
ACLDP_0726,site-0726.invalid,https://site-0726.invalid,Failed,"Navigation error: Page.goto: Navigation to ""https://site-0726.invalid/"" is interrupted by another navigation to ""chrome-error://chromewebdata/""
Call log:
  - navigating to ""https://site-0726.invalid/"", waiting until ""domcontentloaded""
",2.0,L1,20260311T033428Z,2026-03-11T03:41:55Z,,en-US,Chromium,Yes,No,None,,,,,,,,No,No,No,,,,,,,,,,No,,,,,,,,,,,,,,,,,CookiesConsentDataset/evidence_json/ACLDP_0726.json
ACLDP_0727,site-0727.invalid,https://site-0727.invalid,Failed,"Navigation error: Page.goto: Navigation to ""https://site-0727.invalid/"" is interrupted by another navigation to ""https://www.site-0726.invalid/""
Call log:
  - navigating to ""https://site-0727.invalid/"", waiting until ""domcontentloaded""
",2.0,L1,20260311T033428Z,2026-03-11T03:41:55Z,,en-US,Chromium,Yes,No,None,,,,,,,,No,No,No,,,,,,,,,,No,,,,,,,,,,,,,,,,,CookiesConsentDataset/evidence_json/ACLDP_0727.json
ACLDP_0728,site-0728.invalid,https://site-0728.invalid,Completed,,0.0,L1,20260311T020113Z,2026-03-11T02:03:12Z,,en-US,Chromium,Yes,No,None,,Unknown,,Yes,HTML match: /__tcfapi/,,,No,No,No,,,,,,,,,,No,,,,,,,,,,,,,,,,,CookiesConsentDataset/evidence_json/ACLDP_0728.json
ACLDP_0729,site-0729.invalid,https://site-0729.invalid,Failed,"Navigation error: Page.goto: net::ERR_NAME_NOT_RESOLVED at https://site-0729.invalid/
Call log:
  - navigating to ""https://site-0729.invalid/"", waiting until ""domcontentloaded""
",2.0,L1,20260311T033428Z,2026-03-11T03:41:56Z,,en-US,Chromium,Yes,No,None,,,,,,,,No,No,No,,,,,,,,,,No,,,,,,,,,,,,,,,,,CookiesConsentDataset/evidence_json/ACLDP_0729.json
ACLDP_0730,site-0730.invalid,https://site-0730.invalid,Failed,"Navigation error: Page.goto: Navigation to ""https://site-0730.invalid/"" is interrupted by another navigation to ""chrome-error://chromewebdata/""
Call log:
  - navigating to ""https://site-0730.invalid/"", waiting until ""domcontentloaded""
",2.0,L1,20260311T033428Z,2026-03-11T03:41:57Z,,en-US,Chromium,Yes,No,None,,,,,,,,No,No,No,,,,,,,,,,No,,,,,,,,,,,,,,,,,CookiesConsentDataset/evidence_json/ACLDP_0730.json
ACLDP_0731,site-0731.invalid,https://site-0731.invalid,Failed,"Navigation error: Page.goto: Navigation to ""https://site-0731.invalid/"" is interrupted by another navigation to ""https://liftoff.ai/""
Call log:
  - navigating to ""https://site-0731.invalid/"", waiting until ""domcontentloaded""
",2.0,L1,20260311T033428Z,2026-03-11T03:41:58Z,,en-US,Chromium,Yes,No,None,,,,,,,,No,No,No,,,,,,,,,,No,,,,,,,,,,,,,,,,,CookiesConsentDataset/evidence_json/ACLDP_0731.json
ACLDP_0732,site-0732.invalid,https://site-0732.invalid,Failed,"Navigation error: Page.goto: Navigation to ""https://site-0732.invalid/"" is interrupted by another navigation to ""https://site-0731.invalid/""
Call log:
  - navigating to ""https://site-0732.invalid/"", waiting until ""domcontentloaded""
",2.0,L1,20260311T033428Z,2026-03-11T03:41:59Z,,en-US,Chromium,Yes,No,None,,,,,,,,No,No,No,,,,,,,,,,No,,,,,,,,,,,,,,,,,CookiesConsentDataset/evidence_json/ACLDP_0732.json
ACLDP_0733,site-0733.invalid,https://site-0733.invalid,Failed,"Navigation error: Page.goto: Navigation to ""https://site-0733.invalid/"" is interrupted by another navigation to ""https://www.homedeposite-0211.invalidm/""
Call log:
  - navigating to ""https://site-0733.invalid/"", waiting until ""domcontentloaded""
",2.0,L1,20260311T033428Z,2026-03-11T03:42:00Z,,en-US,Chromium,Yes,No,None,,,,,,,,No,No,No,,,,,,,,,,No,,,,,,,,,,,,,,,,,CookiesConsentDataset/evidence_json/ACLDP_0733.json
ACLDP_0734,site-0734.invalid,https://site-0734.invalid,Failed,"Navigation error: Page.goto: Navigation to ""https://site-0734.invalid/"" is interrupted by another navigation to ""https://www.apps.site-0733.invalid/""
Call log:
  - navigating to ""https://site-0734.invalid/"", waiting until ""domcontentloaded""
",2.0,L1,20260311T033428Z,2026-03-11T03:42:01Z,,en-US,Chromium,Yes,No,None,,,,,,,,No,No,No,,,,,,,,,,No,,,,,,,,,,,,,,,,,CookiesConsentDataset/evidence_json/ACLDP_0734.json
ACLDP_0735,site-0735.invalid,https://site-0735.invalid,Failed,"Navigation error: Page.goto: Navigation to ""https://site-0735.invalid/"" is interrupted by another navigation to ""http://www.site-0734.invalid/""
Call log:
  - navigating to ""https://site-0735.invalid/"", waiting until ""domcontentloaded""
",2.0,L1,20260311T033428Z,2026-03-11T03:42:03Z,,en-US,Chromium,Yes,No,None,,,,,,,,No,No,No,,,,,,,,,,No,,,,,,,,,,,,,,,,,CookiesConsentDataset/evidence_json/ACLDP_0735.json
ACLDP_0736,site-0736.invalid,https://site-0736.invalid,Failed,"Navigation error: Page.goto: net::ERR_NAME_NOT_RESOLVED at https://site-0736.invalid/
Call log:
  - navigating to ""https://site-0736.invalid/"", waiting until ""domcontentloaded""
",2.0,L1,20260311T033428Z,2026-03-11T03:42:03Z,,en-US,Chromium,Yes,No,None,,,,,,,,No,No,No,,,,,,,,,,No,,,,,,,,,,,,,,,,,CookiesConsentDataset/evidence_json/ACLDP_0736.json
ACLDP_0737,site-0737.invalid,https://site-0737.invalid,Failed,"Navigation error: Page.goto: Navigation to ""https://site-0737.invalid/"" is interrupted by another navigation to ""chrome-error://chromewebdata/""
Call log:
  - navigating to ""https://site-0737.invalid/"", waiting until ""domcontentloaded""
",2.0,L1,20260311T033428Z,2026-03-11T03:42:04Z,,en-US,Chromium,Yes,No,None,,,,,,,,No,No,No,,,,,,,,,,No,,,,,,,,,,,,,,,,,CookiesConsentDataset/evidence_json/ACLDP_0737.json
ACLDP_0738,site-0738.invalid,https://site-0738.invalid,Failed,"Navigation error: Page.goto: net::ERR_NAME_NOT_RESOLVED at https://site-0738.invalid/
Call log:
  - navigating to ""https://site-0738.invalid/"", waiting until ""domcontentloaded""
",2.0,L1,20260311T033428Z,2026-03-11T03:42:06Z,,en-US,Chromium,Yes,No,None,,,,,,,,No,No,No,,,,,,,,,,No,,,,,,,,,,,,,,,,,CookiesConsentDataset/evidence_json/ACLDP_0738.json
ACLDP_0739,site-0739.invalid,https://site-0739.invalid,Failed,"Navigation error: Page.goto: net::ERR_NAME_NOT_RESOLVED at https://site-0739.invalid/
Call log:
  - navigating to ""https://site-0739.invalid/"", waiting until ""domcontentloaded""
",2.0,L1,20260311T033428Z,2026-03-11T03:42:06Z,,en-US,Chromium,Yes,No,None,,,,,,,,No,No,No,,,,,,,,,,No,,,,,,,,,,,,,,,,,CookiesConsentDataset/evidence_json/ACLDP_0739.json
ACLDP_0740,site-0740.invalid,https://site-0740.invalid,Completed,,0.0,L1,20260311T020113Z,2026-03-11T02:03:26Z,,en-US,Chromium,Yes,No,None,,Unknown,,No,,,,No,No,No,,,,,,,,,,No,,,,,,,,,,,,,,,,,CookiesConsentDataset/evidence_json/ACLDP_0740.json
ACLDP_0741,site-0741.invalid,https://site-0741.invalid,Completed,,0.0,L1,20260311T020113Z,2026-03-11T02:03:30Z,,en-US,Chromium,Yes,Yes,Banner,1.0,Unknown,,Yes,HTML match: /__tcfapi/,"Cookies and Advertising Choices If you agree, we may use your personal information from any of these Amazon services to personalize the ads we show you on other services and on third-party sites. For example, we may use your Prime Video Watch history to personalize the ads we show you on our Stores or on Fire TV. We may also use personal information we receive from third parties. In addition, if y...",CookiesConsentDataset/screenshots/ACLDP_0741_L1.png,Yes,Yes,No,1.0,1.0,,0.0,0.0,1.0,1.0,Equal,1.0,No,,,,,,,,,,1.0,Reload,,,,,,CookiesConsentDataset/evidence_json/ACLDP_0741.json
ACLDP_0742,site-0742.invalid,https://site-0742.invalid,Completed,,0.0,L1,20260311T020113Z,2026-03-11T02:03:37Z,,en-US,Chromium,Yes,No,None,,Unknown,,No,,,,No,No,No,,,,,,,,,,No,,,,,,,,,,,,,,,,,CookiesConsentDataset/evidence_json/ACLDP_0742.json
ACLDP_0743,site-0743.invalid,https://site-0743.invalid,Completed,,0.0,L1,20260311T020113Z,2026-03-11T02:03:41Z,,en-US,Chromium,Yes,No,None,,Unknown,,Yes,HTML match: /tcstring/,,,No,No,No,,,,,,,,,,No,,,,,,,,,,,,,,,,,CookiesConsentDataset/evidence_json/ACLDP_0743.json
ACLDP_0744,site-0744.invalid,https://site-0744.invalid,Failed,"Navigation error: Page.goto: net::ERR_NAME_NOT_RESOLVED at https://site-0744.invalid/
Call log:
  - navigating to ""https://site-0744.invalid/"", waiting until ""domcontentloaded""
",2.0,L1,20260311T033428Z,2026-03-11T03:42:06Z,,en-US,Chromium,Yes,No,None,,,,,,,,No,No,No,,,,,,,,,,No,,,,,,,,,,,,,,,,,CookiesConsentDataset/evidence_json/ACLDP_0744.json
ACLDP_0745,site-0745.invalid,https://site-0745.invalid,Completed,,1.0,L2,20260311T033428Z,2026-03-11T03:42:06Z,,en-US,Chromium,Yes,Yes,Modal,2.0,Unknown,,No,,We care about your privacy Bandcamp uses cookies to make the site work the way you expect and to better understand how our users access the site. Read our Privacy Policy to learn more about how Bandcamp uses cookies. You can update your cookie settings at any time by clicking the “Cookie settings” link at the bottom of any Bandcamp page. Accept all Accept necessary only Skip to content Bandcamp ho...,CookiesConsentDataset/screenshots/ACLDP_0745_L1.png,Yes,No,Yes,1.0,2.0,1.0,1.0,1.0,3.0,,,1.0,Yes,We care about your privacy Bandcamp uses cookies to make the site work the way you expect and to better understand how our users access the site. Read our Privacy Policy to learn more about how Bandcamp uses cookies. You can update your cookie settings at any time by clicking the “Cookie settings” link at the bottom of any Bandcamp page. Accept all Accept necessary only Skip to content Bandcamp ho...,CookiesConsentDataset/screenshots/ACLDP_0745_L2.png,0.0,0.0,1026.0,3.0,2.0,0.0,1.0,1.0,Reload,,,,,,CookiesConsentDataset/evidence_json/ACLDP_0745.json
ACLDP_0746,site-0746.invalid,https://site-0746.invalid,Failed,"Navigation error: Page.goto: net::ERR_NAME_NOT_RESOLVED at https://site-0746.invalid/
Call log:
  - navigating to ""https://site-0746.invalid/"", waiting until ""domcontentloaded""
",2.0,L1,20260311T033428Z,2026-03-11T03:42:19Z,,en-US,Chromium,Yes,No,None,,,,,,,,No,No,No,,,,,,,,,,No,,,,,,,,,,,,,,,,,CookiesConsentDataset/evidence_json/ACLDP_0746.json
ACLDP_0747,site-0747.invalid,https://site-0747.invalid,Failed,"Navigation error: Page.goto: net::ERR_NAME_NOT_RESOLVED at https://site-0747.invalid/
Call log:
  - navigating to ""https://site-0747.invalid/"", waiting until ""domcontentloaded""
",2.0,L1,20260311T033428Z,2026-03-11T03:42:20Z,,en-US,Chromium,Yes,No,None,,,,,,,,No,No,No,,,,,,,,,,No,,,,,,,,,,,,,,,,,CookiesConsentDataset/evidence_json/ACLDP_0747.json
ACLDP_0748,site-0748.invalid,https://site-0748.invalid,Failed,"Navigation error: Page.goto: net::ERR_NAME_NOT_RESOLVED at https://site-0748.invalid/
Call log:
  - navigating to ""https://site-0748.invalid/"", waiting until ""domcontentloaded""
",2.0,L1,20260311T033428Z,2026-03-11T03:42:20Z,,en-US,Chromium,Yes,No,None,,,,,,,,No,No,No,,,,,,,,,,No,,,,,,,,,,,,,,,,,CookiesConsentDataset/evidence_json/ACLDP_0748.json
ACLDP_0749,site-0749.invalid,https://site-0749.invalid,Completed,,0.0,L1,20260311T020113Z,2026-03-11T02:03:50Z,,en-US,Chromium,Yes,No,None,,Unknown,,No,,,,No,No,No,,,,,,,,,,No,,,,,,,,,,,,,,,,,CookiesConsentDataset/evidence_json/ACLDP_0749.json
ACLDP_0750,site-0750.invalid,https://site-0750.invalid,Completed,,0.0,L1,20260311T020113Z,2026-03-11T02:03:55Z,,en-US,Chromium,Yes,No,None,,OneTrust,HTML match: /onetrust/,No,,,,No,No,No,,,,,,,,,,No,,,,,,,,,,,,,,,,,CookiesConsentDataset/evidence_json/ACLDP_0750.json
ACLDP_0751,site-0751.invalid,https://site-0751.invalid,Completed,,0.0,L1,20260311T020113Z,2026-03-11T02:04:00Z,,en-US,Chromium,Yes,No,None,,Unknown,,No,,,,No,No,No,,,,,,,,,,No,,,,,,,,,,,,,,,,,CookiesConsentDataset/evidence_json/ACLDP_0751.json
ACLDP_0752,site-0752.invalid,https://site-0752.invalid,Failed,"Navigation error: Page.goto: net::ERR_CERT_COMMON_NAME_INVALID at https://site-0752.invalid/
Call log:
  - navigating to ""https://site-0752.invalid/"", waiting until ""domcontentloaded""
",2.0,L1,20260311T033428Z,2026-03-11T03:42:20Z,,en-US,Chromium,Yes,No,None,,,,,,,,No,No,No,,,,,,,,,,No,,,,,,,,,,,,,,,,,CookiesConsentDataset/evidence_json/ACLDP_0752.json
ACLDP_0753,site-0753.invalid,https://site-0753.invalid,Failed,"Navigation error: Page.goto: net::ERR_ABORTED at https://site-0753.invalid/
Call log:
  - navigating to ""https://site-0753.invalid/"", waiting until ""domcontentloaded""
",2.0,L1,20260311T033428Z,2026-03-11T03:42:20Z,,en-US,Chromium,Yes,No,None,,,,,,,,No,No,No,,,,,,,,,,No,,,,,,,,,,,,,,,,,CookiesConsentDataset/evidence_json/ACLDP_0753.json
ACLDP_0754,site-0754.invalid,https://site-0754.invalid,Completed,,0.0,L1,20260311T020113Z,2026-03-11T02:04:06Z,,en-US,Chromium,Yes,No,None,,OneTrust,HTML match: /onetrust/,No,,,,No,No,No,,,,,,,,,,No,,,,,,,,,,,,,,,,,CookiesConsentDataset/evidence_json/ACLDP_0754.json
ACLDP_0755,site-0755.invalid,https://site-0755.invalid,Failed,"Navigation error: Page.goto: net::ERR_NAME_NOT_RESOLVED at https://site-0755.invalid/
Call log:
  - navigating to ""https://site-0755.invalid/"", waiting until ""domcontentloaded""
",2.0,L1,20260311T033428Z,2026-03-11T03:42:20Z,,en-US,Chromium,Yes,No,None,,,,,,,,No,No,No,,,,,,,,,,No,,,,,,,,,,,,,,,,,CookiesConsentDataset/evidence_json/ACLDP_0755.json
ACLDP_0756,site-0756.invalid,https://site-0756.invalid,Completed,,0.0,L1,20260311T020413Z,2026-03-11T02:04:14Z,,en-US,Chromium,Yes,Yes,Banner,1.0,OneTrust,HTML match: /onetrust/,No,,"This website uses cookies and other tracking technologies to enhance user experience and to analyze performance and traffic on our website. We also share information about your use of our site with our social media, advertising and analytics partners. If we have detected an opt-out preference signal then it will be honored. Further information are available in our Do Not Sell or Share My Personal ...",CookiesConsentDataset/screenshots/ACLDP_0756_L1.png,Yes,Yes,No,1.0,1.0,,0.0,0.0,3.0,3.0,Equal,1.0,No,,,,,,,,,,1.0,Reload,,,,,,CookiesConsentDataset/evidence_json/ACLDP_0756.json
ACLDP_0757,site-0757.invalid,https://site-0757.invalid,Completed,,0.0,L1,20260311T020413Z,2026-03-11T02:04:24Z,,en-US,Chromium,Yes,No,None,,Unknown,,Yes,HTML match: /tcstring/,,,No,No,No,,,,,,,,,,No,,,,,,,,,,,,,,,,,CookiesConsentDataset/evidence_json/ACLDP_0757.json
ACLDP_0758,site-0758.invalid,https://site-0758.invalid,Completed,,0.0,L1,20260311T020413Z,2026-03-11T02:04:30Z,,en-US,Chromium,Yes,Yes,Modal,1.0,Unknown,,No,,"Zaloguj Cenimy Twoją prywatność Kliknij ""AKCEPTUJĘ I PRZECHODZĘ DO SERWISU"", aby wyrazić zgodę na korzystanie w Internecie z technologii automatycznego gromadzenia i wykorzystywania danych oraz na przetwarzanie Twoich danych osobowych przez Wirtualną Polskę (wydawcę tego serwisu), Zaufanych Partnerów IAB (977 partnerów) oraz pozostałych Zaufanych Partnerów (846 partnerów) a także udostępnienie prz...",CookiesConsentDataset/screenshots/ACLDP_0758_L1.png,Yes,No,No,1.0,,,,,3.0,,,1.0,No,,,,,,,,,,1.0,Reload,,,,,,CookiesConsentDataset/evidence_json/ACLDP_0758.json
ACLDP_0759,site-0759.invalid,https://site-0759.invalid,Completed,,0.0,L1,20260311T020413Z,2026-03-11T02:04:39Z,,en-US,Chromium,Yes,Yes,Banner,1.0,Unknown,,No,,"Мы используем cookie. Они помогают нам понять, как вы взаимодействуете с сайтом. Изменить настройки ОК",CookiesConsentDataset/screenshots/ACLDP_0759_L1.png,Yes,No,No,1.0,,,,,1.0,,,1.0,No,,,,,,,,,,1.0,Reload,,,,,,CookiesConsentDataset/evidence_json/ACLDP_0759.json
ACLDP_0760,site-0760.invalid,https://site-0760.invalid,Completed,,0.0,L1,20260311T020413Z,2026-03-11T02:04:48Z,,en-US,Chromium,Yes,No,None,,OneTrust,HTML match: /onetrust/,No,,,,No,No,No,,,,,,,,,,No,,,,,,,,,,,,,,,,,CookiesConsentDataset/evidence_json/ACLDP_0760.json
ACLDP_0761,site-0761.invalid,https://site-0761.invalid,Completed,,0.0,L1,20260311T020413Z,2026-03-11T02:04:52Z,,en-US,Chromium,Yes,No,None,,Unknown,,No,,,,No,No,No,,,,,,,,,,No,,,,,,,,,,,,,,,,,CookiesConsentDataset/evidence_json/ACLDP_0761.json
ACLDP_0762,site-0762.invalid,https://site-0762.invalid,Completed,,0.0,L2,20260311T020413Z,2026-03-11T02:04:57Z,,en-US,Chromium,Yes,Yes,Banner,2.0,Unknown,,Yes,HTML match: /\btcf\b/,"This website utilizes technologies such as cookies to enable essential site functionality, as well as for analytics, personalization, and targeted advertising. You may change your settings at any time or accept the default settings. You may close this banner to continue with only essential cookies. Privacy Notice Storage Preferences Targeted Advertising Personalization Analytics Save Accept All Re...",CookiesConsentDataset/screenshots/ACLDP_0762_L1.png,Yes,Yes,Yes,1.0,1.0,1.0,0.0,0.0,2.0,2.0,Equal,1.0,Yes,"Storage Preferences When you visit websites, they may store or retrieve data about you using cookies and similar technologies (""cookies""). Cookies may be necessary for the basic functionality of the website as well as other purposes. You have the option of disabling certain types of cookies, though doing so may impact your experience on the website. Essential Required to enable basic website funct...",CookiesConsentDataset/screenshots/ACLDP_0762_L2.png,21.0,0.0,418.0,4.0,2.0,21.0,1.0,1.0,Reload,,,,,,CookiesConsentDataset/evidence_json/ACLDP_0762.json
ACLDP_0763,site-0763.invalid,https://site-0763.invalid,Failed,"Navigation error: Page.goto: net::ERR_NAME_NOT_RESOLVED at https://site-0763.invalid/
Call log:
  - navigating to ""https://site-0763.invalid/"", waiting until ""domcontentloaded""
",2.0,L1,20260311T033428Z,2026-03-11T03:42:21Z,,en-US,Chromium,Yes,No,None,,,,,,,,No,No,No,,,,,,,,,,No,,,,,,,,,,,,,,,,,CookiesConsentDataset/evidence_json/ACLDP_0763.json
ACLDP_0764,site-0764.invalid,https://site-0764.invalid,Completed,,1.0,L1,20260311T033428Z,2026-03-11T03:42:21Z,,en-US,Chromium,Yes,Yes,Banner,1.0,Unknown,,Yes,HTML match: /__tcfapi/,"Cookies and Advertising Choices If you agree, we may use your personal information from any of these Amazon services to personalize the ads we show you on other services and on third-party sites. For example, we may use your Prime Video Watch history to personalize the ads we show you on our Stores or on Fire TV. We may also use personal information we receive from third parties. In addition, if y...",CookiesConsentDataset/screenshots/ACLDP_0764_L1.png,Yes,Yes,No,1.0,1.0,,0.0,0.0,1.0,1.0,Equal,1.0,No,,,,,,,,,,1.0,Reload,,,,,,CookiesConsentDataset/evidence_json/ACLDP_0764.json
ACLDP_0765,site-0765.invalid,https://site-0765.invalid,Completed,,1.0,L1,20260311T033428Z,2026-03-11T03:42:28Z,,en-US,Chromium,Yes,No,None,,OneTrust,HTML match: /onetrust/,No,,,,No,No,No,,,,,,,,,,No,,,,,,,,,,,,,,,,,CookiesConsentDataset/evidence_json/ACLDP_0765.json
ACLDP_0766,site-0766.invalid,https://site-0766.invalid,Completed,,0.0,L1,20260311T020413Z,2026-03-11T02:05:10Z,,en-US,Chromium,Yes,No,None,,Unknown,,Yes,HTML match: /tcstring/,,,No,No,No,,,,,,,,,,No,,,,,,,,,,,,,,,,,CookiesConsentDataset/evidence_json/ACLDP_0766.json
ACLDP_0767,site-0767.invalid,https://site-0767.invalid,Completed,,1.0,L1,20260311T033428Z,2026-03-11T03:42:33Z,,en-US,Chromium,Yes,No,None,,Unknown,,No,,,,No,No,No,,,,,,,,,,No,,,,,,,,,,,,,,,,,CookiesConsentDataset/evidence_json/ACLDP_0767.json
ACLDP_0768,site-0768.invalid,https://site-0768.invalid,Failed,"Navigation error: Page.goto: net::ERR_NAME_NOT_RESOLVED at https://site-0768.invalid/
Call log:
  - navigating to ""https://site-0768.invalid/"", waiting until ""domcontentloaded""
",2.0,L1,20260311T033428Z,2026-03-11T03:42:54Z,,en-US,Chromium,Yes,No,None,,,,,,,,No,No,No,,,,,,,,,,No,,,,,,,,,,,,,,,,,CookiesConsentDataset/evidence_json/ACLDP_0768.json
ACLDP_0769,site-0769.invalid,https://site-0769.invalid,Failed,"Navigation error: Page.goto: Navigation to ""https://site-0769.invalid/"" is interrupted by another navigation to ""chrome-error://chromewebdata/""
Call log:
  - navigating to ""https://site-0769.invalid/"", waiting until ""domcontentloaded""
",2.0,L1,20260311T033428Z,2026-03-11T03:42:54Z,,en-US,Chromium,Yes,No,None,,,,,,,,No,No,No,,,,,,,,,,No,,,,,,,,,,,,,,,,,CookiesConsentDataset/evidence_json/ACLDP_0769.json
ACLDP_0770,site-0770.invalid,https://site-0770.invalid,Failed,"Navigation error: Page.goto: Navigation to ""https://site-0770.invalid/"" is interrupted by another navigation to ""https://www.site-0769.invalid/""
Call log:
  - navigating to ""https://site-0770.invalid/"", waiting until ""domcontentloaded""
",2.0,L1,20260311T033428Z,2026-03-11T03:42:55Z,,en-US,Chromium,Yes,No,None,,,,,,,,No,No,No,,,,,,,,,,No,,,,,,,,,,,,,,,,,CookiesConsentDataset/evidence_json/ACLDP_0770.json
ACLDP_0771,site-0771.invalid,https://site-0771.invalid,Failed,"Navigation error: Page.goto: net::ERR_NAME_NOT_RESOLVED at https://site-0771.invalid/
Call log:
  - navigating to ""https://site-0771.invalid/"", waiting until ""domcontentloaded""
",2.0,L1,20260311T033428Z,2026-03-11T03:42:56Z,,en-US,Chromium,Yes,No,None,,,,,,,,No,No,No,,,,,,,,,,No,,,,,,,,,,,,,,,,,CookiesConsentDataset/evidence_json/ACLDP_0771.json
ACLDP_0772,site-0772.invalid,https://site-0772.invalid,Failed,"Navigation error: Page.goto: Navigation to ""https://site-0772.invalid/"" is interrupted by another navigation to ""chrome-error://chromewebdata/""
Call log:
  - navigating to ""https://site-0772.invalid/"", waiting until ""domcontentloaded""
",2.0,L1,20260311T033428Z,2026-03-11T03:42:56Z,,en-US,Chromium,Yes,No,None,,,,,,,,No,No,No,,,,,,,,,,No,,,,,,,,,,,,,,,,,CookiesConsentDataset/evidence_json/ACLDP_0772.json
ACLDP_0773,site-0773.invalid,https://site-0773.invalid,Failed,"Navigation error: Page.goto: Navigation to ""https://site-0773.invalid/"" is interrupted by another navigation to ""https://site-0772.invalid/""
Call log:
  - navigating to ""https://site-0773.invalid/"", waiting until ""domcontentloaded""
",2.0,L1,20260311T033428Z,2026-03-11T03:42:57Z,,en-US,Chromium,Yes,No,None,,,,,,,,No,No,No,,,,,,,,,,No,,,,,,,,,,,,,,,,,CookiesConsentDataset/evidence_json/ACLDP_0773.json
ACLDP_0774,site-0774.invalid,https://site-0774.invalid,Failed,"Navigation error: Page.goto: Navigation to ""https://site-0774.invalid/"" is interrupted by another navigation to ""https://www.site-0773.invalid/apology_objects/abuse-detection-apology.html""
Call log:
  - navigating to ""https://site-0774.invalid/"", waiting until ""domcontentloaded""
",2.0,L1,20260311T033428Z,2026-03-11T03:42:58Z,,en-US,Chromium,Yes,No,None,,,,,,,,No,No,No,,,,,,,,,,No,,,,,,,,,,,,,,,,,CookiesConsentDataset/evidence_json/ACLDP_0774.json
ACLDP_0775,site-0775.invalid,https://site-0775.invalid,Failed,"Navigation error: Page.goto: Navigation to ""https://site-0775.invalid/"" is interrupted by another navigation to ""https://site-0774.invalid/""
Call log:
  - navigating to ""https://site-0775.invalid/"", waiting until ""domcontentloaded""
",2.0,L1,20260311T033428Z,2026-03-11T03:42:59Z,,en-US,Chromium,Yes,No,None,,,,,,,,No,No,No,,,,,,,,,,No,,,,,,,,,,,,,,,,,CookiesConsentDataset/evidence_json/ACLDP_0775.json
ACLDP_0776,site-0776.invalid,https://site-0776.invalid,Failed,"Navigation error: Page.goto: Navigation to ""https://site-0776.invalid/"" is interrupted by another navigation to ""https://site-0775.invalid/""
Call log:
  - navigating to ""https://site-0776.invalid/"", waiting until ""domcontentloaded""
",2.0,L1,20260311T033428Z,2026-03-11T03:42:59Z,,en-US,Chromium,Yes,No,None,,,,,,,,No,No,No,,,,,,,,,,No,,,,,,,,,,,,,,,,,CookiesConsentDataset/evidence_json/ACLDP_0776.json
ACLDP_0777,site-0777.invalid,https://site-0777.invalid,Failed,"Navigation error: Page.goto: Navigation to ""https://site-0777.invalid/"" is interrupted by another navigation to ""https://www.site-0776.invalid/""
Call log:
  - navigating to ""https://site-0777.invalid/"", waiting until ""domcontentloaded""",2.0,L1,20260311T033428Z,2026-03-11T03:43:02Z,,en-US,Chromium,Yes,No,None,,,,,,,,No,No,No,,,,,,,,,,No,,,,,,,,,,,,,,,,,CookiesConsentDataset/evidence_json/ACLDP_0777.json
ACLDP_0778,site-0778.invalid,https://site-0778.invalid,Failed,"Navigation error: Page.goto: Target page, context or browser has been closed
Call log:
  - navigating to ""https://site-0778.invalid/"", waiting until ""domcontentloaded""
",2.0,L1,20260311T033428Z,2026-03-11T03:43:03Z,,en-US,Chromium,Yes,No,None,,,,,,,,No,No,No,,,,,,,,,,No,,,,,,,,,,,,,,,,,CookiesConsentDataset/evidence_json/ACLDP_0778.json
ACLDP_0779,site-0779.invalid,https://site-0779.invalid,Failed,"Navigation error: Page.goto: Target page, context or browser has been closed",2.0,L1,20260311T033428Z,2026-03-11T03:43:03Z,,en-US,Chromium,Yes,No,None,,,,,,,,No,No,No,,,,,,,,,,No,,,,,,,,,,,,,,,,,CookiesConsentDataset/evidence_json/ACLDP_0779.json
ACLDP_0780,site-0780.invalid,https://site-0780.invalid,Failed,"Navigation error: Page.goto: Target page, context or browser has been closed",2.0,L1,20260311T033428Z,2026-03-11T03:43:03Z,,en-US,Chromium,Yes,No,None,,,,,,,,No,No,No,,,,,,,,,,No,,,,,,,,,,,,,,,,,CookiesConsentDataset/evidence_json/ACLDP_0780.json
ACLDP_0781,site-0781.invalid,https://site-0781.invalid,Failed,"Navigation error: Page.goto: Target page, context or browser has been closed",2.0,L1,20260311T033428Z,2026-03-11T03:43:03Z,,en-US,Chromium,Yes,No,None,,,,,,,,No,No,No,,,,,,,,,,No,,,,,,,,,,,,,,,,,CookiesConsentDataset/evidence_json/ACLDP_0781.json
ACLDP_0782,site-0782.invalid,https://site-0782.invalid,Failed,"Navigation error: Page.goto: Target page, context or browser has been closed",2.0,L1,20260311T033428Z,2026-03-11T03:43:03Z,,en-US,Chromium,Yes,No,None,,,,,,,,No,No,No,,,,,,,,,,No,,,,,,,,,,,,,,,,,CookiesConsentDataset/evidence_json/ACLDP_0782.json
ACLDP_0783,site-0783.invalid,https://site-0783.invalid,Failed,"Navigation error: Page.goto: Target page, context or browser has been closed",2.0,L1,20260311T033428Z,2026-03-11T03:43:03Z,,en-US,Chromium,Yes,No,None,,,,,,,,No,No,No,,,,,,,,,,No,,,,,,,,,,,,,,,,,CookiesConsentDataset/evidence_json/ACLDP_0783.json
ACLDP_0784,site-0784.invalid,https://site-0784.invalid,Failed,"Navigation error: Page.goto: Target page, context or browser has been closed",2.0,L1,20260311T033428Z,2026-03-11T03:43:03Z,,en-US,Chromium,Yes,No,None,,,,,,,,No,No,No,,,,,,,,,,No,,,,,,,,,,,,,,,,,CookiesConsentDataset/evidence_json/ACLDP_0784.json
ACLDP_0785,site-0785.invalid,https://site-0785.invalid,Failed,"Navigation error: Page.goto: Target page, context or browser has been closed",2.0,L1,20260311T033428Z,2026-03-11T03:43:03Z,,en-US,Chromium,Yes,No,None,,,,,,,,No,No,No,,,,,,,,,,No,,,,,,,,,,,,,,,,,CookiesConsentDataset/evidence_json/ACLDP_0785.json
ACLDP_0786,site-0786.invalid,https://site-0786.invalid,Failed,"Navigation error: Page.goto: Target page, context or browser has been closed",2.0,L1,20260311T033428Z,2026-03-11T03:43:03Z,,en-US,Chromium,Yes,No,None,,,,,,,,No,No,No,,,,,,,,,,No,,,,,,,,,,,,,,,,,CookiesConsentDataset/evidence_json/ACLDP_0786.json
ACLDP_0787,site-0787.invalid,https://site-0787.invalid,Failed,"Navigation error: Page.goto: Target page, context or browser has been closed",2.0,L1,20260311T033428Z,2026-03-11T03:43:03Z,,en-US,Chromium,Yes,No,None,,,,,,,,No,No,No,,,,,,,,,,No,,,,,,,,,,,,,,,,,CookiesConsentDataset/evidence_json/ACLDP_0787.json
ACLDP_0788,site-0788.invalid,https://site-0788.invalid,Failed,"Navigation error: Page.goto: Target page, context or browser has been closed",2.0,L1,20260311T033428Z,2026-03-11T03:43:03Z,,en-US,Chromium,Yes,No,None,,,,,,,,No,No,No,,,,,,,,,,No,,,,,,,,,,,,,,,,,CookiesConsentDataset/evidence_json/ACLDP_0788.json
ACLDP_0789,site-0789.invalid,https://site-0789.invalid,Failed,"Navigation error: Page.goto: Target page, context or browser has been closed",2.0,L1,20260311T033428Z,2026-03-11T03:43:03Z,,en-US,Chromium,Yes,No,None,,,,,,,,No,No,No,,,,,,,,,,No,,,,,,,,,,,,,,,,,CookiesConsentDataset/evidence_json/ACLDP_0789.json
ACLDP_0790,site-0790.invalid,https://site-0790.invalid,Failed,"Navigation error: Page.goto: Target page, context or browser has been closed",2.0,L1,20260311T033428Z,2026-03-11T03:43:03Z,,en-US,Chromium,Yes,No,None,,,,,,,,No,No,No,,,,,,,,,,No,,,,,,,,,,,,,,,,,CookiesConsentDataset/evidence_json/ACLDP_0790.json
ACLDP_0791,site-0791.invalid,https://site-0791.invalid,Failed,"Navigation error: Page.goto: Target page, context or browser has been closed",2.0,L1,20260311T033428Z,2026-03-11T03:43:03Z,,en-US,Chromium,Yes,No,None,,,,,,,,No,No,No,,,,,,,,,,No,,,,,,,,,,,,,,,,,CookiesConsentDataset/evidence_json/ACLDP_0791.json
ACLDP_0792,site-0792.invalid,https://site-0792.invalid,Failed,"Navigation error: Page.goto: Target page, context or browser has been closed",2.0,L1,20260311T033428Z,2026-03-11T03:43:03Z,,en-US,Chromium,Yes,No,None,,,,,,,,No,No,No,,,,,,,,,,No,,,,,,,,,,,,,,,,,CookiesConsentDataset/evidence_json/ACLDP_0792.json
ACLDP_0793,site-0793.invalid,https://site-0793.invalid,Failed,"Navigation error: Page.goto: Target page, context or browser has been closed",2.0,L1,20260311T033428Z,2026-03-11T03:43:03Z,,en-US,Chromium,Yes,No,None,,,,,,,,No,No,No,,,,,,,,,,No,,,,,,,,,,,,,,,,,CookiesConsentDataset/evidence_json/ACLDP_0793.json
ACLDP_0794,site-0794.invalid,https://site-0794.invalid,Failed,"Navigation error: Page.goto: Target page, context or browser has been closed",2.0,L1,20260311T033428Z,2026-03-11T03:43:03Z,,en-US,Chromium,Yes,No,None,,,,,,,,No,No,No,,,,,,,,,,No,,,,,,,,,,,,,,,,,CookiesConsentDataset/evidence_json/ACLDP_0794.json
ACLDP_0795,site-0795.invalid,https://site-0795.invalid,Failed,"Navigation error: Page.goto: Target page, context or browser has been closed",2.0,L1,20260311T033428Z,2026-03-11T03:43:03Z,,en-US,Chromium,Yes,No,None,,,,,,,,No,No,No,,,,,,,,,,No,,,,,,,,,,,,,,,,,CookiesConsentDataset/evidence_json/ACLDP_0795.json
ACLDP_0796,site-0796.invalid,https://site-0796.invalid,Failed,"Navigation error: Page.goto: Target page, context or browser has been closed",2.0,L1,20260311T033428Z,2026-03-11T03:43:03Z,,en-US,Chromium,Yes,No,None,,,,,,,,No,No,No,,,,,,,,,,No,,,,,,,,,,,,,,,,,CookiesConsentDataset/evidence_json/ACLDP_0796.json
ACLDP_0797,site-0797.invalid,https://site-0797.invalid,Failed,"Navigation error: Page.goto: Target page, context or browser has been closed",2.0,L1,20260311T033428Z,2026-03-11T03:43:03Z,,en-US,Chromium,Yes,No,None,,,,,,,,No,No,No,,,,,,,,,,No,,,,,,,,,,,,,,,,,CookiesConsentDataset/evidence_json/ACLDP_0797.json
ACLDP_0798,site-0798.invalid,https://site-0798.invalid,Failed,"Navigation error: Page.goto: Target page, context or browser has been closed",2.0,L1,20260311T033428Z,2026-03-11T03:43:03Z,,en-US,Chromium,Yes,No,None,,,,,,,,No,No,No,,,,,,,,,,No,,,,,,,,,,,,,,,,,CookiesConsentDataset/evidence_json/ACLDP_0798.json
ACLDP_0799,site-0799.invalid,https://site-0799.invalid,Failed,"Navigation error: Page.goto: Target page, context or browser has been closed",2.0,L1,20260311T033428Z,2026-03-11T03:43:03Z,,en-US,Chromium,Yes,No,None,,,,,,,,No,No,No,,,,,,,,,,No,,,,,,,,,,,,,,,,,CookiesConsentDataset/evidence_json/ACLDP_0799.json
ACLDP_0800,site-0800.invalid,https://site-0800.invalid,Failed,"Navigation error: Page.goto: Target page, context or browser has been closed",2.0,L1,20260311T033428Z,2026-03-11T03:43:03Z,,en-US,Chromium,Yes,No,None,,,,,,,,No,No,No,,,,,,,,,,No,,,,,,,,,,,,,,,,,CookiesConsentDataset/evidence_json/ACLDP_0800.json
ACLDP_0801,site-0801.invalid,https://site-0801.invalid,Failed,"Navigation error: Page.goto: Target page, context or browser has been closed",2.0,L1,20260311T033428Z,2026-03-11T03:43:03Z,,en-US,Chromium,Yes,No,None,,,,,,,,No,No,No,,,,,,,,,,No,,,,,,,,,,,,,,,,,CookiesConsentDataset/evidence_json/ACLDP_0801.json
ACLDP_0802,site-0802.invalid,https://site-0802.invalid,Failed,"Navigation error: Page.goto: Target page, context or browser has been closed",2.0,L1,20260311T033428Z,2026-03-11T03:43:03Z,,en-US,Chromium,Yes,No,None,,,,,,,,No,No,No,,,,,,,,,,No,,,,,,,,,,,,,,,,,CookiesConsentDataset/evidence_json/ACLDP_0802.json
ACLDP_0803,site-0803.invalid,https://site-0803.invalid,Failed,"Navigation error: Page.goto: Target page, context or browser has been closed",2.0,L1,20260311T033428Z,2026-03-11T03:43:03Z,,en-US,Chromium,Yes,No,None,,,,,,,,No,No,No,,,,,,,,,,No,,,,,,,,,,,,,,,,,CookiesConsentDataset/evidence_json/ACLDP_0803.json
ACLDP_0804,site-0804.invalid,https://site-0804.invalid,Failed,"Navigation error: Page.goto: Target page, context or browser has been closed",2.0,L1,20260311T033428Z,2026-03-11T03:43:03Z,,en-US,Chromium,Yes,No,None,,,,,,,,No,No,No,,,,,,,,,,No,,,,,,,,,,,,,,,,,CookiesConsentDataset/evidence_json/ACLDP_0804.json
ACLDP_0805,site-0805.invalid,https://site-0805.invalid,Failed,"Navigation error: Page.goto: Target page, context or browser has been closed",2.0,L1,20260311T033428Z,2026-03-11T03:43:03Z,,en-US,Chromium,Yes,No,None,,,,,,,,No,No,No,,,,,,,,,,No,,,,,,,,,,,,,,,,,CookiesConsentDataset/evidence_json/ACLDP_0805.json
ACLDP_0806,site-0806.invalid,https://site-0806.invalid,Completed,,0.0,L1,20260311T020527Z,2026-03-11T02:05:28Z,,en-US,Chromium,Yes,Yes,Modal,1.0,Unknown,,No,,"Join Datadog at DASH—coming to NYC June 9-10. Register now for Super Early Bird savings of $700 until March 31 PRODUCT CUSTOMERS PRICING SOLUTIONS DOCS ABOUT BLOG LOGIN GET STARTED FREE AI-Powered Observability and Security See inside any stack, any app, at any scale, anywhere. FREE TRIAL SEE THE PLATFORM THOUSANDS OF CUSTOMERS LOVE & TRUST DATADOG Dive into the future of AI at DASH 2026, June 9-1...",CookiesConsentDataset/screenshots/ACLDP_0806_L1.png,Yes,No,No,1.0,,,,,3.0,,,1.0,No,,,,,,,,,,1.0,Reload,,,,,,CookiesConsentDataset/evidence_json/ACLDP_0806.json
ACLDP_0807,site-0807.invalid,https://site-0807.invalid,Completed,,0.0,L1,20260311T020527Z,2026-03-11T02:05:36Z,,en-US,Chromium,Yes,Yes,Banner,1.0,OneTrust,HTML match: /onetrust/,No,,"Please confirm your Cookie preferences here. We use Cookies to improve our Services, optimize your experience, and serve ads relevant to your interests. By selecting Accept All, you consent to our use of Cookies. Learn more in Cookie Preferences and ourCookie Policy Cookie Preferences Decline All Accept All",CookiesConsentDataset/screenshots/ACLDP_0807_L1.png,Yes,Yes,Yes,1.0,1.0,1.0,0.0,0.0,1.0,1.0,Equal,1.0,No,,,,,,,,,,1.0,Reload,,,,,,CookiesConsentDataset/evidence_json/ACLDP_0807.json
ACLDP_0808,site-0808.invalid,https://site-0808.invalid,Completed,,0.0,L1,20260311T020527Z,2026-03-11T02:05:54Z,,en-US,Chromium,Yes,No,None,,Unknown,,No,,,,No,No,No,,,,,,,,,,No,,,,,,,,,,,,,,,,,CookiesConsentDataset/evidence_json/ACLDP_0808.json
ACLDP_0809,site-0809.invalid,https://site-0809.invalid,Completed,,0.0,L1,20260311T020527Z,2026-03-11T02:05:56Z,,en-US,Chromium,Yes,Yes,Modal,1.0,Unknown,,Yes,HTML match: /__tcfapi/,ALLER AU CONTENU Menu TV & Vidéos Audio Jeux Le Figaro in English Newsletters Actu locale Se connecter Lire le journal VENTE FLASH -70% par mois pendant 6 mois Guerre en Iran Municipales 2026 Affaire Epstein Politique International Économie Société Vox Sport Culture Madame PASSER LA PUBLICITÉ PASSER LA PUBLICITÉ Publicité L’Amérique et l’Iran se disputent le contrôle du détroit d’Ormuz DÉCRYPTAGE ...,CookiesConsentDataset/screenshots/ACLDP_0809_L1.png,Yes,No,No,1.0,,,,,1.0,,,1.0,No,,,,,,,,,,1.0,Reload,,,,,,CookiesConsentDataset/evidence_json/ACLDP_0809.json
ACLDP_0810,site-0810.invalid,https://site-0810.invalid,Failed,"Navigation error: Page.goto: Target page, context or browser has been closed",2.0,L1,20260311T033428Z,2026-03-11T03:43:03Z,,en-US,Chromium,Yes,No,None,,,,,,,,No,No,No,,,,,,,,,,No,,,,,,,,,,,,,,,,,CookiesConsentDataset/evidence_json/ACLDP_0810.json
ACLDP_0811,site-0811.invalid,https://site-0811.invalid,Failed,"Navigation error: Page.goto: Target page, context or browser has been closed",2.0,L1,20260311T033428Z,2026-03-11T03:43:04Z,,en-US,Chromium,Yes,No,None,,,,,,,,No,No,No,,,,,,,,,,No,,,,,,,,,,,,,,,,,CookiesConsentDataset/evidence_json/ACLDP_0811.json
ACLDP_0812,site-0812.invalid,https://site-0812.invalid,Failed,"Navigation error: Page.goto: Target page, context or browser has been closed",2.0,L1,20260311T033428Z,2026-03-11T03:43:04Z,,en-US,Chromium,Yes,No,None,,,,,,,,No,No,No,,,,,,,,,,No,,,,,,,,,,,,,,,,,CookiesConsentDataset/evidence_json/ACLDP_0812.json
ACLDP_0813,site-0813.invalid,https://site-0813.invalid,Failed,"Navigation error: Page.goto: Target page, context or browser has been closed",2.0,L1,20260311T033428Z,2026-03-11T03:43:04Z,,en-US,Chromium,Yes,No,None,,,,,,,,No,No,No,,,,,,,,,,No,,,,,,,,,,,,,,,,,CookiesConsentDataset/evidence_json/ACLDP_0813.json
ACLDP_0814,site-0814.invalid,https://site-0814.invalid,Failed,"Navigation error: Page.goto: Target page, context or browser has been closed",2.0,L1,20260311T033428Z,2026-03-11T03:43:04Z,,en-US,Chromium,Yes,No,None,,,,,,,,No,No,No,,,,,,,,,,No,,,,,,,,,,,,,,,,,CookiesConsentDataset/evidence_json/ACLDP_0814.json
ACLDP_0815,site-0815.invalid,https://site-0815.invalid,Completed,,0.0,L1,20260311T020527Z,2026-03-11T02:06:55Z,,en-US,Chromium,Yes,No,None,,Unknown,,No,,,,No,No,No,,,,,,,,,,No,,,,,,,,,,,,,,,,,CookiesConsentDataset/evidence_json/ACLDP_0815.json
ACLDP_0816,site-0816.invalid,https://site-0816.invalid,Completed,,0.0,L1,20260311T020527Z,2026-03-11T02:06:59Z,,en-US,Chromium,Yes,No,None,,Unknown,,No,,,,No,No,No,,,,,,,,,,No,,,,,,,,,,,,,,,,,CookiesConsentDataset/evidence_json/ACLDP_0816.json
ACLDP_0817,site-0817.invalid,https://site-0817.invalid,Completed,,0.0,L1,20260311T020527Z,2026-03-11T02:07:04Z,,en-US,Chromium,Yes,No,None,,Unknown,,No,,,,No,No,No,,,,,,,,,,No,,,,,,,,,,,,,,,,,CookiesConsentDataset/evidence_json/ACLDP_0817.json
ACLDP_0818,site-0818.invalid,https://site-0818.invalid,Failed,"Navigation error: Page.goto: Target page, context or browser has been closed",2.0,L1,20260311T033428Z,2026-03-11T03:43:04Z,,en-US,Chromium,Yes,No,None,,,,,,,,No,No,No,,,,,,,,,,No,,,,,,,,,,,,,,,,,CookiesConsentDataset/evidence_json/ACLDP_0818.json
ACLDP_0819,site-0819.invalid,https://site-0819.invalid,Failed,"Navigation error: Page.goto: Target page, context or browser has been closed",2.0,L1,20260311T033428Z,2026-03-11T03:43:04Z,,en-US,Chromium,Yes,No,None,,,,,,,,No,No,No,,,,,,,,,,No,,,,,,,,,,,,,,,,,CookiesConsentDataset/evidence_json/ACLDP_0819.json
ACLDP_0820,site-0820.invalid,https://site-0820.invalid,Failed,"Navigation error: Page.goto: Target page, context or browser has been closed",2.0,L1,20260311T033428Z,2026-03-11T03:43:04Z,,en-US,Chromium,Yes,No,None,,,,,,,,No,No,No,,,,,,,,,,No,,,,,,,,,,,,,,,,,CookiesConsentDataset/evidence_json/ACLDP_0820.json
ACLDP_0821,site-0821.invalid,https://site-0821.invalid,Completed,,0.0,L1,20260311T020527Z,2026-03-11T02:07:14Z,,en-US,Chromium,Yes,No,None,,Unknown,,Yes,HTML match: /tcstring/,,,No,No,No,,,,,,,,,,No,,,,,,,,,,,,,,,,,CookiesConsentDataset/evidence_json/ACLDP_0821.json
ACLDP_0822,site-0822.invalid,https://site-0822.invalid,Failed,"Navigation error: Page.goto: Target page, context or browser has been closed",2.0,L1,20260311T033428Z,2026-03-11T03:43:04Z,,en-US,Chromium,Yes,No,None,,,,,,,,No,No,No,,,,,,,,,,No,,,,,,,,,,,,,,,,,CookiesConsentDataset/evidence_json/ACLDP_0822.json
ACLDP_0823,site-0823.invalid,https://site-0823.invalid,Failed,"Navigation error: Page.goto: Target page, context or browser has been closed",2.0,L1,20260311T033428Z,2026-03-11T03:43:04Z,,en-US,Chromium,Yes,No,None,,,,,,,,No,No,No,,,,,,,,,,No,,,,,,,,,,,,,,,,,CookiesConsentDataset/evidence_json/ACLDP_0823.json
ACLDP_0824,site-0824.invalid,https://site-0824.invalid,Failed,"Navigation error: Page.goto: Target page, context or browser has been closed",2.0,L1,20260311T033428Z,2026-03-11T03:43:04Z,,en-US,Chromium,Yes,No,None,,,,,,,,No,No,No,,,,,,,,,,No,,,,,,,,,,,,,,,,,CookiesConsentDataset/evidence_json/ACLDP_0824.json
ACLDP_0825,site-0825.invalid,https://site-0825.invalid,Failed,"Navigation error: Page.goto: Target page, context or browser has been closed",2.0,L1,20260311T033428Z,2026-03-11T03:43:04Z,,en-US,Chromium,Yes,No,None,,,,,,,,No,No,No,,,,,,,,,,No,,,,,,,,,,,,,,,,,CookiesConsentDataset/evidence_json/ACLDP_0825.json
ACLDP_0826,site-0826.invalid,https://site-0826.invalid,Failed,"Navigation error: Page.goto: Target page, context or browser has been closed",2.0,L1,20260311T033428Z,2026-03-11T03:43:04Z,,en-US,Chromium,Yes,No,None,,,,,,,,No,No,No,,,,,,,,,,No,,,,,,,,,,,,,,,,,CookiesConsentDataset/evidence_json/ACLDP_0826.json
ACLDP_0827,site-0827.invalid,https://site-0827.invalid,Failed,"Navigation error: Page.goto: Target page, context or browser has been closed",2.0,L1,20260311T033428Z,2026-03-11T03:43:04Z,,en-US,Chromium,Yes,No,None,,,,,,,,No,No,No,,,,,,,,,,No,,,,,,,,,,,,,,,,,CookiesConsentDataset/evidence_json/ACLDP_0827.json
ACLDP_0828,site-0828.invalid,https://site-0828.invalid,Failed,"Navigation error: Page.goto: Target page, context or browser has been closed",2.0,L1,20260311T033428Z,2026-03-11T03:43:04Z,,en-US,Chromium,Yes,No,None,,,,,,,,No,No,No,,,,,,,,,,No,,,,,,,,,,,,,,,,,CookiesConsentDataset/evidence_json/ACLDP_0828.json
ACLDP_0829,site-0829.invalid,https://site-0829.invalid,Failed,"Navigation error: Page.goto: Target page, context or browser has been closed",2.0,L1,20260311T033428Z,2026-03-11T03:43:04Z,,en-US,Chromium,Yes,No,None,,,,,,,,No,No,No,,,,,,,,,,No,,,,,,,,,,,,,,,,,CookiesConsentDataset/evidence_json/ACLDP_0829.json
ACLDP_0830,site-0830.invalid,https://site-0830.invalid,Completed,,0.0,L1,20260311T020527Z,2026-03-11T02:08:52Z,,en-US,Chromium,Yes,No,None,,Unknown,,No,,,,No,No,No,,,,,,,,,,No,,,,,,,,,,,,,,,,,CookiesConsentDataset/evidence_json/ACLDP_0830.json
ACLDP_0831,site-0831.invalid,https://site-0831.invalid,Failed,"Navigation error: Page.goto: Target page, context or browser has been closed",2.0,L1,20260311T033428Z,2026-03-11T03:43:04Z,,en-US,Chromium,Yes,No,None,,,,,,,,No,No,No,,,,,,,,,,No,,,,,,,,,,,,,,,,,CookiesConsentDataset/evidence_json/ACLDP_0831.json
ACLDP_0832,site-0832.invalid,https://site-0832.invalid,Failed,"Navigation error: Page.goto: Target page, context or browser has been closed",2.0,L1,20260311T033428Z,2026-03-11T03:43:04Z,,en-US,Chromium,Yes,No,None,,,,,,,,No,No,No,,,,,,,,,,No,,,,,,,,,,,,,,,,,CookiesConsentDataset/evidence_json/ACLDP_0832.json
ACLDP_0833,site-0833.invalid,https://site-0833.invalid,Failed,"Navigation error: Page.goto: Target page, context or browser has been closed",2.0,L1,20260311T033428Z,2026-03-11T03:43:04Z,,en-US,Chromium,Yes,No,None,,,,,,,,No,No,No,,,,,,,,,,No,,,,,,,,,,,,,,,,,CookiesConsentDataset/evidence_json/ACLDP_0833.json
ACLDP_0834,site-0834.invalid,https://site-0834.invalid,Failed,"Navigation error: Page.goto: Target page, context or browser has been closed",2.0,L1,20260311T033428Z,2026-03-11T03:43:04Z,,en-US,Chromium,Yes,No,None,,,,,,,,No,No,No,,,,,,,,,,No,,,,,,,,,,,,,,,,,CookiesConsentDataset/evidence_json/ACLDP_0834.json
ACLDP_0835,site-0835.invalid,https://site-0835.invalid,Completed,,0.0,L2,20260311T020527Z,2026-03-11T02:09:03Z,,en-US,Chromium,Yes,Yes,Banner,2.0,Unknown,,No,,"This website uses cookies and similar technologies to operate the website, analyze our traffic, and support third party advertising as described in our Privacy Policy. You are able to consent to our use of all of these technologies, manage your settings, or reject all non-essential technologies. Rejecting all non-essential technologies may effect overall web performance. ALLOW ALL DECLINE ALL Mana...",CookiesConsentDataset/screenshots/ACLDP_0835_L1.png,Yes,Yes,Yes,1.0,1.0,1.0,0.0,0.0,2.0,2.0,Equal,1.0,Yes,"Skip to main content Click to view our Accessibility Statement or contact us with accessibility-related questions. Chat United States Account Log In Shop Printers & Products Software Services Solutions Partners Support Insights Continue in United States | Switch to Al-Arabiyah as Suudiyah | Select Country Is work getting in the way of work? We make work, work. Save up to 40% on print SHOP PRINTERS...",CookiesConsentDataset/screenshots/ACLDP_0835_L2.png,128.0,0.0,2007.0,4.0,2.0,128.0,1.0,1.0,Reload,,,,,,CookiesConsentDataset/evidence_json/ACLDP_0835.json
ACLDP_0836,site-0836.invalid,https://site-0836.invalid,Failed,"Navigation error: Page.goto: Target page, context or browser has been closed",2.0,L1,20260311T033428Z,2026-03-11T03:43:04Z,,en-US,Chromium,Yes,No,None,,,,,,,,No,No,No,,,,,,,,,,No,,,,,,,,,,,,,,,,,CookiesConsentDataset/evidence_json/ACLDP_0836.json
ACLDP_0837,site-0837.invalid,https://site-0837.invalid,Failed,"Navigation error: Page.goto: Target page, context or browser has been closed",2.0,L1,20260311T033428Z,2026-03-11T03:43:04Z,,en-US,Chromium,Yes,No,None,,,,,,,,No,No,No,,,,,,,,,,No,,,,,,,,,,,,,,,,,CookiesConsentDataset/evidence_json/ACLDP_0837.json
ACLDP_0838,site-0838.invalid,https://site-0838.invalid,Failed,"Navigation error: Page.goto: Target page, context or browser has been closed",2.0,L1,20260311T033428Z,2026-03-11T03:43:04Z,,en-US,Chromium,Yes,No,None,,,,,,,,No,No,No,,,,,,,,,,No,,,,,,,,,,,,,,,,,CookiesConsentDataset/evidence_json/ACLDP_0838.json
ACLDP_0839,site-0839.invalid,https://site-0839.invalid,Failed,"Navigation error: Page.goto: Target page, context or browser has been closed",2.0,L1,20260311T033428Z,2026-03-11T03:43:04Z,,en-US,Chromium,Yes,No,None,,,,,,,,No,No,No,,,,,,,,,,No,,,,,,,,,,,,,,,,,CookiesConsentDataset/evidence_json/ACLDP_0839.json
ACLDP_0840,site-0840.invalid,https://site-0840.invalid,Failed,"Navigation error: Page.goto: Target page, context or browser has been closed",2.0,L1,20260311T033428Z,2026-03-11T03:43:04Z,,en-US,Chromium,Yes,No,None,,,,,,,,No,No,No,,,,,,,,,,No,,,,,,,,,,,,,,,,,CookiesConsentDataset/evidence_json/ACLDP_0840.json
ACLDP_0841,site-0841.invalid,https://site-0841.invalid,Failed,"Navigation error: Page.goto: Target page, context or browser has been closed",2.0,L1,20260311T033428Z,2026-03-11T03:43:04Z,,en-US,Chromium,Yes,No,None,,,,,,,,No,No,No,,,,,,,,,,No,,,,,,,,,,,,,,,,,CookiesConsentDataset/evidence_json/ACLDP_0841.json
ACLDP_0842,site-0842.invalid,https://site-0842.invalid,Failed,"Navigation error: Page.goto: Target page, context or browser has been closed",2.0,L1,20260311T033428Z,2026-03-11T03:43:04Z,,en-US,Chromium,Yes,No,None,,,,,,,,No,No,No,,,,,,,,,,No,,,,,,,,,,,,,,,,,CookiesConsentDataset/evidence_json/ACLDP_0842.json
ACLDP_0843,site-0843.invalid,https://site-0843.invalid,Failed,"Navigation error: Page.goto: Target page, context or browser has been closed",2.0,L1,20260311T033428Z,2026-03-11T03:43:04Z,,en-US,Chromium,Yes,No,None,,,,,,,,No,No,No,,,,,,,,,,No,,,,,,,,,,,,,,,,,CookiesConsentDataset/evidence_json/ACLDP_0843.json
ACLDP_0844,site-0844.invalid,https://site-0844.invalid,Failed,"Navigation error: Page.goto: Target page, context or browser has been closed",2.0,L1,20260311T033428Z,2026-03-11T03:43:04Z,,en-US,Chromium,Yes,No,None,,,,,,,,No,No,No,,,,,,,,,,No,,,,,,,,,,,,,,,,,CookiesConsentDataset/evidence_json/ACLDP_0844.json
ACLDP_0845,site-0845.invalid,https://site-0845.invalid,Failed,"Navigation error: Page.goto: Target page, context or browser has been closed",2.0,L1,20260311T033428Z,2026-03-11T03:43:04Z,,en-US,Chromium,Yes,No,None,,,,,,,,No,No,No,,,,,,,,,,No,,,,,,,,,,,,,,,,,CookiesConsentDataset/evidence_json/ACLDP_0845.json
ACLDP_0846,site-0846.invalid,https://site-0846.invalid,Failed,"Navigation error: Page.goto: Target page, context or browser has been closed",2.0,L1,20260311T033428Z,2026-03-11T03:43:04Z,,en-US,Chromium,Yes,No,None,,,,,,,,No,No,No,,,,,,,,,,No,,,,,,,,,,,,,,,,,CookiesConsentDataset/evidence_json/ACLDP_0846.json
ACLDP_0847,site-0847.invalid,https://site-0847.invalid,Failed,"Navigation error: Page.goto: Target page, context or browser has been closed",2.0,L1,20260311T033428Z,2026-03-11T03:43:04Z,,en-US,Chromium,Yes,No,None,,,,,,,,No,No,No,,,,,,,,,,No,,,,,,,,,,,,,,,,,CookiesConsentDataset/evidence_json/ACLDP_0847.json
ACLDP_0848,site-0848.invalid,https://site-0848.invalid,Failed,"Navigation error: Page.goto: Target page, context or browser has been closed",2.0,L1,20260311T033428Z,2026-03-11T03:43:04Z,,en-US,Chromium,Yes,No,None,,,,,,,,No,No,No,,,,,,,,,,No,,,,,,,,,,,,,,,,,CookiesConsentDataset/evidence_json/ACLDP_0848.json
ACLDP_0849,site-0849.invalid,https://site-0849.invalid,Failed,"Navigation error: Page.goto: Target page, context or browser has been closed",2.0,L1,20260311T033428Z,2026-03-11T03:43:04Z,,en-US,Chromium,Yes,No,None,,,,,,,,No,No,No,,,,,,,,,,No,,,,,,,,,,,,,,,,,CookiesConsentDataset/evidence_json/ACLDP_0849.json
ACLDP_0850,site-0850.invalid,https://site-0850.invalid,Failed,"Navigation error: Page.goto: Target page, context or browser has been closed",2.0,L1,20260311T033428Z,2026-03-11T03:43:04Z,,en-US,Chromium,Yes,No,None,,,,,,,,No,No,No,,,,,,,,,,No,,,,,,,,,,,,,,,,,CookiesConsentDataset/evidence_json/ACLDP_0850.json
ACLDP_0851,site-0851.invalid,https://site-0851.invalid,Failed,"Navigation error: Page.goto: Target page, context or browser has been closed",2.0,L1,20260311T033428Z,2026-03-11T03:43:04Z,,en-US,Chromium,Yes,No,None,,,,,,,,No,No,No,,,,,,,,,,No,,,,,,,,,,,,,,,,,CookiesConsentDataset/evidence_json/ACLDP_0851.json
ACLDP_0852,site-0852.invalid,https://site-0852.invalid,Failed,"Navigation error: Page.goto: Target page, context or browser has been closed",2.0,L1,20260311T033428Z,2026-03-11T03:43:04Z,,en-US,Chromium,Yes,No,None,,,,,,,,No,No,No,,,,,,,,,,No,,,,,,,,,,,,,,,,,CookiesConsentDataset/evidence_json/ACLDP_0852.json
ACLDP_0853,site-0853.invalid,https://site-0853.invalid,Failed,"Navigation error: Page.goto: Target page, context or browser has been closed",2.0,L1,20260311T033428Z,2026-03-11T03:43:04Z,,en-US,Chromium,Yes,No,None,,,,,,,,No,No,No,,,,,,,,,,No,,,,,,,,,,,,,,,,,CookiesConsentDataset/evidence_json/ACLDP_0853.json
ACLDP_0854,site-0854.invalid,https://site-0854.invalid,Failed,"Navigation error: Page.goto: Target page, context or browser has been closed",2.0,L1,20260311T033428Z,2026-03-11T03:43:04Z,,en-US,Chromium,Yes,No,None,,,,,,,,No,No,No,,,,,,,,,,No,,,,,,,,,,,,,,,,,CookiesConsentDataset/evidence_json/ACLDP_0854.json
ACLDP_0855,site-0855.invalid,https://site-0855.invalid,Failed,"Navigation error: Page.goto: Target page, context or browser has been closed",2.0,L1,20260311T033428Z,2026-03-11T03:43:04Z,,en-US,Chromium,Yes,No,None,,,,,,,,No,No,No,,,,,,,,,,No,,,,,,,,,,,,,,,,,CookiesConsentDataset/evidence_json/ACLDP_0855.json
ACLDP_0856,site-0856.invalid,https://site-0856.invalid,Completed,,0.0,L1,20260311T020921Z,2026-03-11T02:09:21Z,,en-US,Chromium,Yes,Yes,Modal,1.0,OneTrust,HTML match: /onetrust/,No,,"Request demo FIRST NAME* LAST NAME* COMPANY* JOB TITLE* EMAIL* PHONE NUMBER* - Select - Afghanistan Åland Islands Albania Algeria American Samoa Andorra Angola Anguilla Antarctica Antigua and Barbuda Argentina Armenia Aruba Australia Austria Azerbaijan Bahamas Bahrain Bangladesh Barbados Belarus Belgium Belize Benin Bermuda Bhutan Bolivia Bonaire, Sint Eustatius and Saba Bosnia and Herzegovina Bot...",CookiesConsentDataset/screenshots/ACLDP_0856_L1.png,Yes,No,No,1.0,,,,,3.0,,,1.0,No,,,,,,,,,,1.0,Reload,,,,,,CookiesConsentDataset/evidence_json/ACLDP_0856.json
ACLDP_0857,site-0857.invalid,https://site-0857.invalid,Failed,"Navigation error: Page.goto: Target page, context or browser has been closed",2.0,L1,20260311T033428Z,2026-03-11T03:43:04Z,,en-US,Chromium,Yes,No,None,,,,,,,,No,No,No,,,,,,,,,,No,,,,,,,,,,,,,,,,,CookiesConsentDataset/evidence_json/ACLDP_0857.json
ACLDP_0858,site-0858.invalid,https://site-0858.invalid,Failed,"Navigation error: Page.goto: Target page, context or browser has been closed",2.0,L1,20260311T033428Z,2026-03-11T03:43:04Z,,en-US,Chromium,Yes,No,None,,,,,,,,No,No,No,,,,,,,,,,No,,,,,,,,,,,,,,,,,CookiesConsentDataset/evidence_json/ACLDP_0858.json
ACLDP_0859,site-0859.invalid,https://site-0859.invalid,Failed,"Navigation error: Page.goto: Target page, context or browser has been closed",2.0,L1,20260311T033428Z,2026-03-11T03:43:04Z,,en-US,Chromium,Yes,No,None,,,,,,,,No,No,No,,,,,,,,,,No,,,,,,,,,,,,,,,,,CookiesConsentDataset/evidence_json/ACLDP_0859.json
ACLDP_0860,site-0860.invalid,https://site-0860.invalid,Failed,"Navigation error: Page.goto: Target page, context or browser has been closed",2.0,L1,20260311T033428Z,2026-03-11T03:43:04Z,,en-US,Chromium,Yes,No,None,,,,,,,,No,No,No,,,,,,,,,,No,,,,,,,,,,,,,,,,,CookiesConsentDataset/evidence_json/ACLDP_0860.json
ACLDP_0861,site-0861.invalid,https://site-0861.invalid,Failed,"Navigation error: Page.goto: Target page, context or browser has been closed",2.0,L1,20260311T033428Z,2026-03-11T03:43:04Z,,en-US,Chromium,Yes,No,None,,,,,,,,No,No,No,,,,,,,,,,No,,,,,,,,,,,,,,,,,CookiesConsentDataset/evidence_json/ACLDP_0861.json
ACLDP_0862,site-0862.invalid,https://site-0862.invalid,Failed,"Navigation error: Page.goto: Target page, context or browser has been closed",2.0,L1,20260311T033428Z,2026-03-11T03:43:04Z,,en-US,Chromium,Yes,No,None,,,,,,,,No,No,No,,,,,,,,,,No,,,,,,,,,,,,,,,,,CookiesConsentDataset/evidence_json/ACLDP_0862.json
ACLDP_0863,site-0863.invalid,https://site-0863.invalid,Failed,"Navigation error: Page.goto: net::ERR_NAME_NOT_RESOLVED at https://site-0863.invalid/
Call log:
  - navigating to ""https://site-0863.invalid/"", waiting until ""domcontentloaded""
",2.0,L1,20260311T034304Z,2026-03-11T03:43:05Z,,en-US,Chromium,Yes,No,None,,,,,,,,No,No,No,,,,,,,,,,No,,,,,,,,,,,,,,,,,CookiesConsentDataset/evidence_json/ACLDP_0863.json
ACLDP_0864,site-0864.invalid,https://site-0864.invalid,Failed,Navigation timeout,2.0,L1,20260311T034304Z,2026-03-11T03:43:05Z,,en-US,Chromium,Yes,No,None,,,,,,,,No,No,No,,,,,,,,,,No,,,,,,,,,,,,,,,,,CookiesConsentDataset/evidence_json/ACLDP_0864.json
ACLDP_0865,site-0865.invalid,https://site-0865.invalid,Completed,,0.0,L1,20260311T020921Z,2026-03-11T02:11:07Z,,en-US,Chromium,Yes,No,None,,Unknown,,Yes,HTML match: /tcstring/,,,No,No,No,,,,,,,,,,No,,,,,,,,,,,,,,,,,CookiesConsentDataset/evidence_json/ACLDP_0865.json
ACLDP_0866,site-0866.invalid,https://site-0866.invalid,Completed,,0.0,L1,20260311T020921Z,2026-03-11T02:11:11Z,,en-US,Chromium,Yes,Yes,Modal,1.0,OneTrust,HTML match: /cookiepro/,Yes,HTML match: /tcstring/,"This website uses cookies We use cookies to personalise content and ads, to provide social media features and to analyse our traffic. We also share information about your use of our site with our social media, advertising and analytics partners who may combine it with other information that you’ve provided to them or that they’ve collected from your use of their services. Consent Selection Necessa...",CookiesConsentDataset/screenshots/ACLDP_0866_L1.png,Yes,Yes,No,1.0,1.0,,0.0,0.0,3.0,3.0,Equal,1.0,No,,,,,,,,,,1.0,Reload,,,,,,CookiesConsentDataset/evidence_json/ACLDP_0866.json
ACLDP_0867,site-0867.invalid,https://site-0867.invalid,Completed,,0.0,L1,20260311T020921Z,2026-03-11T02:11:21Z,,en-US,Chromium,Yes,No,None,,OneTrust,HTML match: /onetrust/,Yes,HTML match: /tcstring/,,,No,No,No,,,,,,,,,,No,,,,,,,,,,,,,,,,,CookiesConsentDataset/evidence_json/ACLDP_0867.json
ACLDP_0868,site-0868.invalid,https://site-0868.invalid,Completed,,0.0,L1,20260311T020921Z,2026-03-11T02:11:28Z,,en-US,Chromium,Yes,No,None,,OneTrust,HTML match: /onetrust/,Yes,HTML match: /tcstring/,,,No,No,No,,,,,,,,,,No,,,,,,,,,,,,,,,,,CookiesConsentDataset/evidence_json/ACLDP_0868.json
ACLDP_0869,site-0869.invalid,https://site-0869.invalid,Completed,,0.0,L1,20260311T020921Z,2026-03-11T02:11:32Z,,en-US,Chromium,Yes,Yes,Modal,1.0,OneTrust,HTML match: /onetrust/,No,,"Skip to main content 2,000+ marketers shared how AI is changing the way they work. Read the report. Platform Solutions Resources Enterprise Pricing Log in Sign up AI ENGAGEMENT PLATFORM Build forms at the drop of a prompt Put a seasoned form expert to work with Typeform AI. It structures and designs at your command. Just type to build and edit. See plans Trusted by 95% of the Fortune 500 The form ...",CookiesConsentDataset/screenshots/ACLDP_0869_L1.png,Yes,No,Yes,1.0,2.0,1.0,1.0,1.0,1.0,,,1.0,No,,,,,,,,,,1.0,Reload,,,,,,CookiesConsentDataset/evidence_json/ACLDP_0869.json
ACLDP_0870,site-0870.invalid,https://site-0870.invalid,Failed,"Navigation error: Page.goto: net::ERR_NAME_NOT_RESOLVED at https://site-0870.invalid/
Call log:
  - navigating to ""https://site-0870.invalid/"", waiting until ""domcontentloaded""
",2.0,L1,20260311T034304Z,2026-03-11T03:43:50Z,,en-US,Chromium,Yes,No,None,,,,,,,,No,No,No,,,,,,,,,,No,,,,,,,,,,,,,,,,,CookiesConsentDataset/evidence_json/ACLDP_0870.json
ACLDP_0871,site-0871.invalid,https://site-0871.invalid,Completed,,1.0,L1,20260311T034304Z,2026-03-11T03:43:50Z,,en-US,Chromium,Yes,No,None,,OneTrust,HTML match: /onetrust/,No,,,,No,No,No,,,,,,,,,,No,,,,,,,,,,,,,,,,,CookiesConsentDataset/evidence_json/ACLDP_0871.json
ACLDP_0872,site-0872.invalid,https://site-0872.invalid,Completed,,1.0,L1,20260311T034304Z,2026-03-11T03:43:56Z,,en-US,Chromium,Yes,No,None,,Unknown,,No,,,,No,No,No,,,,,,,,,,No,,,,,,,,,,,,,,,,,CookiesConsentDataset/evidence_json/ACLDP_0872.json
ACLDP_0873,site-0873.invalid,https://site-0873.invalid,Failed,"Navigation error: Page.goto: net::ERR_NAME_NOT_RESOLVED at https://site-0873.invalid/
Call log:
  - navigating to ""https://site-0873.invalid/"", waiting until ""domcontentloaded""
",2.0,L1,20260311T034304Z,2026-03-11T03:44:00Z,,en-US,Chromium,Yes,No,None,,,,,,,,No,No,No,,,,,,,,,,No,,,,,,,,,,,,,,,,,CookiesConsentDataset/evidence_json/ACLDP_0873.json
ACLDP_0874,site-0874.invalid,https://site-0874.invalid,Failed,"Navigation error: Page.goto: net::ERR_NAME_NOT_RESOLVED at https://site-0874.invalid/
Call log:
  - navigating to ""https://site-0874.invalid/"", waiting until ""domcontentloaded""
",2.0,L1,20260311T034304Z,2026-03-11T03:44:00Z,,en-US,Chromium,Yes,No,None,,,,,,,,No,No,No,,,,,,,,,,No,,,,,,,,,,,,,,,,,CookiesConsentDataset/evidence_json/ACLDP_0874.json
ACLDP_0875,site-0875.invalid,https://site-0875.invalid,Completed,,0.0,L1,20260311T020921Z,2026-03-11T02:11:52Z,,en-US,Chromium,Yes,No,None,,OneTrust,HTML match: /onetrust/,Yes,HTML match: /tcstring/,,,No,No,No,,,,,,,,,,No,,,,,,,,,,,,,,,,,CookiesConsentDataset/evidence_json/ACLDP_0875.json
ACLDP_0876,site-0876.invalid,https://site-0876.invalid,Completed,,0.0,L1,20260311T020921Z,2026-03-11T02:11:57Z,,en-US,Chromium,Yes,No,None,,OneTrust,HTML match: /onetrust/,No,,,,No,No,No,,,,,,,,,,No,,,,,,,,,,,,,,,,,CookiesConsentDataset/evidence_json/ACLDP_0876.json
ACLDP_0877,site-0877.invalid,https://site-0877.invalid,Completed,,0.0,L1,20260311T020921Z,2026-03-11T02:12:01Z,,en-US,Chromium,Yes,No,None,,Unknown,,No,,,,No,No,No,,,,,,,,,,No,,,,,,,,,,,,,,,,,CookiesConsentDataset/evidence_json/ACLDP_0877.json
ACLDP_0878,site-0878.invalid,https://site-0878.invalid,Failed,"Navigation error: Page.goto: net::ERR_NAME_NOT_RESOLVED at https://site-0878.invalid/
Call log:
  - navigating to ""https://site-0878.invalid/"", waiting until ""domcontentloaded""
",2.0,L1,20260311T034304Z,2026-03-11T03:44:00Z,,en-US,Chromium,Yes,No,None,,,,,,,,No,No,No,,,,,,,,,,No,,,,,,,,,,,,,,,,,CookiesConsentDataset/evidence_json/ACLDP_0878.json
ACLDP_0879,site-0879.invalid,https://site-0879.invalid,Failed,"Navigation error: Page.goto: net::ERR_NAME_NOT_RESOLVED at https://site-0879.invalid/
Call log:
  - navigating to ""https://site-0879.invalid/"", waiting until ""domcontentloaded""
",2.0,L1,20260311T034304Z,2026-03-11T03:44:00Z,,en-US,Chromium,Yes,No,None,,,,,,,,No,No,No,,,,,,,,,,No,,,,,,,,,,,,,,,,,CookiesConsentDataset/evidence_json/ACLDP_0879.json
ACLDP_0880,site-0880.invalid,https://site-0880.invalid,Completed,,0.0,L1,20260311T020921Z,2026-03-11T02:12:04Z,,en-US,Chromium,Yes,No,None,,Unknown,,No,,,,No,No,No,,,,,,,,,,No,,,,,,,,,,,,,,,,,CookiesConsentDataset/evidence_json/ACLDP_0880.json
ACLDP_0881,site-0881.invalid,https://site-0881.invalid,Failed,"Navigation error: Page.goto: net::ERR_NAME_NOT_RESOLVED at https://site-0881.invalid/
Call log:
  - navigating to ""https://site-0881.invalid/"", waiting until ""domcontentloaded""
",2.0,L1,20260311T034304Z,2026-03-11T03:44:00Z,,en-US,Chromium,Yes,No,None,,,,,,,,No,No,No,,,,,,,,,,No,,,,,,,,,,,,,,,,,CookiesConsentDataset/evidence_json/ACLDP_0881.json
ACLDP_0882,site-0882.invalid,https://site-0882.invalid,Completed,,1.0,L1,20260311T034304Z,2026-03-11T03:44:01Z,,en-US,Chromium,Yes,No,None,,Unknown,,No,,,,No,No,No,,,,,,,,,,No,,,,,,,,,,,,,,,,,CookiesConsentDataset/evidence_json/ACLDP_0882.json
ACLDP_0883,site-0883.invalid,https://site-0883.invalid,Completed,,1.0,L1,20260311T034304Z,2026-03-11T03:44:05Z,,en-US,Chromium,Yes,No,None,,Unknown,,No,,,,No,No,No,,,,,,,,,,No,,,,,,,,,,,,,,,,,CookiesConsentDataset/evidence_json/ACLDP_0883.json
ACLDP_0884,site-0884.invalid,https://site-0884.invalid,Completed,,1.0,L1,20260311T034304Z,2026-03-11T03:44:10Z,,en-US,Chromium,Yes,Yes,Banner,1.0,Unknown,,Yes,HTML match: /tcstring/,"Cookie Settings Our website uses some cookies and records your IP address for the purposes of accessibility, security, and managing your access to the telecommunication network. You can disable data collection and cookies by changing your browser settings, but it may affect how this website functions. Learn more With your consent, JetBrains may also use cookies and your IP address to collect indiv...",CookiesConsentDataset/screenshots/ACLDP_0884_L1.png,No,No,No,,,,,,,,,0.0,No,,,,,,,,,,1.0,Reload,,,,,,CookiesConsentDataset/evidence_json/ACLDP_0884.json
ACLDP_0885,site-0885.invalid,https://site-0885.invalid,Completed,,1.0,L1,20260311T034304Z,2026-03-11T03:44:18Z,,en-US,Chromium,Yes,No,None,,Unknown,,No,,,,No,No,No,,,,,,,,,,No,,,,,,,,,,,,,,,,,CookiesConsentDataset/evidence_json/ACLDP_0885.json
ACLDP_0886,site-0886.invalid,https://site-0886.invalid,Completed,,1.0,L1,20260311T034304Z,2026-03-11T03:44:24Z,,en-US,Chromium,Yes,No,None,,Unknown,,No,,,,No,No,No,,,,,,,,,,No,,,,,,,,,,,,,,,,,CookiesConsentDataset/evidence_json/ACLDP_0886.json
ACLDP_0887,site-0887.invalid,https://site-0887.invalid,Completed,,1.0,L1,20260311T034304Z,2026-03-11T03:44:27Z,,en-US,Chromium,Yes,No,None,,OneTrust,HTML match: /onetrust/,No,,,,No,No,No,,,,,,,,,,No,,,,,,,,,,,,,,,,,CookiesConsentDataset/evidence_json/ACLDP_0887.json
ACLDP_0888,site-0888.invalid,https://site-0888.invalid,Failed,"Navigation error: Page.goto: net::ERR_NAME_NOT_RESOLVED at https://site-0888.invalid/
Call log:
  - navigating to ""https://site-0888.invalid/"", waiting until ""domcontentloaded""
",2.0,L1,20260311T034304Z,2026-03-11T03:44:35Z,,en-US,Chromium,Yes,No,None,,,,,,,,No,No,No,,,,,,,,,,No,,,,,,,,,,,,,,,,,CookiesConsentDataset/evidence_json/ACLDP_0888.json
ACLDP_0889,site-0889.invalid,https://site-0889.invalid,Failed,"Navigation error: Page.goto: Navigation to ""https://site-0889.invalid/"" is interrupted by another navigation to ""chrome-error://chromewebdata/""
Call log:
  - navigating to ""https://site-0889.invalid/"", waiting until ""domcontentloaded""
",2.0,L1,20260311T034304Z,2026-03-11T03:44:35Z,,en-US,Chromium,Yes,No,None,,,,,,,,No,No,No,,,,,,,,,,No,,,,,,,,,,,,,,,,,CookiesConsentDataset/evidence_json/ACLDP_0889.json
ACLDP_0890,site-0890.invalid,https://site-0890.invalid,Failed,"Navigation error: Page.goto: Navigation to ""https://site-0890.invalid/"" is interrupted by another navigation to ""https://site-0889.invalid/""
Call log:
  - navigating to ""https://site-0890.invalid/"", waiting until ""domcontentloaded""
",2.0,L1,20260311T034304Z,2026-03-11T03:44:36Z,,en-US,Chromium,Yes,No,None,,,,,,,,No,No,No,,,,,,,,,,No,,,,,,,,,,,,,,,,,CookiesConsentDataset/evidence_json/ACLDP_0890.json
ACLDP_0891,site-0891.invalid,https://site-0891.invalid,Failed,"Navigation error: Page.goto: net::ERR_NAME_NOT_RESOLVED at https://site-0891.invalid/
Call log:
  - navigating to ""https://site-0891.invalid/"", waiting until ""domcontentloaded""",2.0,L1,20260311T034304Z,2026-03-11T03:44:37Z,,en-US,Chromium,Yes,No,None,,,,,,,,No,No,No,,,,,,,,,,No,,,,,,,,,,,,,,,,,CookiesConsentDataset/evidence_json/ACLDP_0891.json
ACLDP_0892,site-0892.invalid,https://site-0892.invalid,Failed,"Navigation error: Page.goto: Navigation to ""https://site-0892.invalid/"" is interrupted by another navigation to ""chrome-error://chromewebdata/""
Call log:
  - navigating to ""https://site-0892.invalid/"", waiting until ""domcontentloaded""
",2.0,L1,20260311T034304Z,2026-03-11T03:44:39Z,,en-US,Chromium,Yes,No,None,,,,,,,,No,No,No,,,,,,,,,,No,,,,,,,,,,,,,,,,,CookiesConsentDataset/evidence_json/ACLDP_0892.json
ACLDP_0893,site-0893.invalid,https://site-0893.invalid,Failed,"Navigation error: Page.goto: Navigation to ""https://site-0893.invalid/"" is interrupted by another navigation to ""https://site-0892.invalid/""
Call log:
  - navigating to ""https://site-0893.invalid/"", waiting until ""domcontentloaded""
",2.0,L1,20260311T034304Z,2026-03-11T03:44:40Z,,en-US,Chromium,Yes,No,None,,,,,,,,No,No,No,,,,,,,,,,No,,,,,,,,,,,,,,,,,CookiesConsentDataset/evidence_json/ACLDP_0893.json
ACLDP_0894,site-0894.invalid,https://site-0894.invalid,Failed,"Navigation error: Page.goto: Navigation to ""https://site-0894.invalid/"" is interrupted by another navigation to ""https://www.site-0023.invalid.br/""
Call log:
  - navigating to ""https://site-0894.invalid/"", waiting until ""domcontentloaded""
",2.0,L1,20260311T034304Z,2026-03-11T03:44:41Z,,en-US,Chromium,Yes,No,None,,,,,,,,No,No,No,,,,,,,,,,No,,,,,,,,,,,,,,,,,CookiesConsentDataset/evidence_json/ACLDP_0894.json
ACLDP_0895,site-0895.invalid,https://site-0895.invalid,Failed,Navigation timeout,2.0,L1,20260311T034304Z,2026-03-11T03:44:42Z,,en-US,Chromium,Yes,No,None,,,,,,,,No,No,No,,,,,,,,,,No,,,,,,,,,,,,,,,,,CookiesConsentDataset/evidence_json/ACLDP_0895.json
ACLDP_0896,site-0896.invalid,https://site-0896.invalid,Completed,,0.0,L1,20260311T020921Z,2026-03-11T02:13:05Z,,en-US,Chromium,Yes,No,None,,Unknown,,No,,,,No,No,No,,,,,,,,,,No,,,,,,,,,,,,,,,,,CookiesConsentDataset/evidence_json/ACLDP_0896.json
ACLDP_0897,site-0897.invalid,https://site-0897.invalid,Completed,,0.0,L1,20260311T020921Z,2026-03-11T02:13:09Z,,en-US,Chromium,Yes,No,None,,Usercentrics,HTML match: /usercentrics/,No,,,,No,No,No,,,,,,,,,,No,,,,,,,,,,,,,,,,,CookiesConsentDataset/evidence_json/ACLDP_0897.json
ACLDP_0898,site-0898.invalid,https://site-0898.invalid,Completed,,0.0,L1,20260311T020921Z,2026-03-11T02:13:13Z,,en-US,Chromium,Yes,Yes,Modal,1.0,OneTrust,HTML match: /cookiepro/,No,,"Download About Premium Help English (US) Log In NEW! Block annoying cookie banners Tired of those frustrating pop-ups about cookies on every website? Start blocking them with Adblock Plus Premium and enjoy a better browsing experience today. Learn More Surf the web with no annoying ads Experience a cleaner, faster web and block annoying ads Acceptable Ads are allowed by default to support websites...",CookiesConsentDataset/screenshots/ACLDP_0898_L1.png,Yes,No,Yes,1.0,2.0,1.0,1.0,1.0,1.0,,,1.0,No,,,,,,,,,,1.0,Reload,,,,,,CookiesConsentDataset/evidence_json/ACLDP_0898.json
ACLDP_0899,site-0899.invalid,https://site-0899.invalid,Failed,Navigation timeout,2.0,L1,20260311T034304Z,2026-03-11T03:45:27Z,,en-US,Chromium,Yes,No,None,,,,,,,,No,No,No,,,,,,,,,,No,,,,,,,,,,,,,,,,,CookiesConsentDataset/evidence_json/ACLDP_0899.json
ACLDP_0900,site-0900.invalid,https://site-0900.invalid,Failed,"Navigation error: Page.goto: net::ERR_CONNECTION_RESET at https://site-0900.invalid/
Call log:
  - navigating to ""https://site-0900.invalid/"", waiting until ""domcontentloaded""
",2.0,L1,20260311T034304Z,2026-03-11T03:46:12Z,,en-US,Chromium,Yes,No,None,,,,,,,,No,No,No,,,,,,,,,,No,,,,,,,,,,,,,,,,,CookiesConsentDataset/evidence_json/ACLDP_0900.json
ACLDP_0901,site-0901.invalid,https://site-0901.invalid,Failed,"Navigation error: Page.goto: Navigation to ""https://site-0901.invalid/"" is interrupted by another navigation to ""chrome-error://chromewebdata/""
Call log:
  - navigating to ""https://site-0901.invalid/"", waiting until ""domcontentloaded""
",2.0,L1,20260311T034304Z,2026-03-11T03:46:12Z,,en-US,Chromium,Yes,No,None,,,,,,,,No,No,No,,,,,,,,,,No,,,,,,,,,,,,,,,,,CookiesConsentDataset/evidence_json/ACLDP_0901.json
ACLDP_0902,site-0902.invalid,https://site-0902.invalid,Failed,"Navigation error: Page.goto: Navigation to ""https://site-0902.invalid/"" is interrupted by another navigation to ""https://site-0901.invalid/""
Call log:
  - navigating to ""https://site-0902.invalid/"", waiting until ""domcontentloaded""
",2.0,L1,20260311T034304Z,2026-03-11T03:46:13Z,,en-US,Chromium,Yes,No,None,,,,,,,,No,No,No,,,,,,,,,,No,,,,,,,,,,,,,,,,,CookiesConsentDataset/evidence_json/ACLDP_0902.json
ACLDP_0903,site-0903.invalid,https://site-0903.invalid,Failed,"Navigation error: Page.goto: Navigation to ""https://site-0903.invalid/"" is interrupted by another navigation to ""https://playrisite-0060.invalid/""
Call log:
  - navigating to ""https://site-0903.invalid/"", waiting until ""domcontentloaded""
",2.0,L1,20260311T034304Z,2026-03-11T03:46:13Z,,en-US,Chromium,Yes,No,None,,,,,,,,No,No,No,,,,,,,,,,No,,,,,,,,,,,,,,,,,CookiesConsentDataset/evidence_json/ACLDP_0903.json
ACLDP_0904,site-0904.invalid,https://site-0904.invalid,Failed,"Navigation error: Page.goto: net::ERR_CONNECTION_RESET at https://site-0904.invalid/
Call log:
  - navigating to ""https://site-0904.invalid/"", waiting until ""domcontentloaded""
",2.0,L1,20260311T034304Z,2026-03-11T03:46:15Z,,en-US,Chromium,Yes,No,None,,,,,,,,No,No,No,,,,,,,,,,No,,,,,,,,,,,,,,,,,CookiesConsentDataset/evidence_json/ACLDP_0904.json
ACLDP_0905,site-0905.invalid,https://site-0905.invalid,Failed,"Navigation error: Page.goto: net::ERR_NAME_NOT_RESOLVED at https://site-0905.invalid/
Call log:
  - navigating to ""https://site-0905.invalid/"", waiting until ""domcontentloaded""
",2.0,L1,20260311T034304Z,2026-03-11T03:46:15Z,,en-US,Chromium,Yes,No,None,,,,,,,,No,No,No,,,,,,,,,,No,,,,,,,,,,,,,,,,,CookiesConsentDataset/evidence_json/ACLDP_0905.json
ACLDP_0906,site-0906.invalid,https://site-0906.invalid,Failed,"Navigation error: Page.goto: net::ERR_NAME_NOT_RESOLVED at https://site-0906.invalid/
Call log:
  - navigating to ""https://site-0906.invalid/"", waiting until ""domcontentloaded""
",2.0,L1,20260311T034304Z,2026-03-11T03:46:15Z,,en-US,Chromium,Yes,No,None,,,,,,,,No,No,No,,,,,,,,,,No,,,,,,,,,,,,,,,,,CookiesConsentDataset/evidence_json/ACLDP_0906.json
ACLDP_0907,site-0907.invalid,https://site-0907.invalid,Completed,,1.0,L1,20260311T034304Z,2026-03-11T03:46:15Z,,en-US,Chromium,Yes,No,None,,Unknown,,No,,,,No,No,No,,,,,,,,,,No,,,,,,,,,,,,,,,,,CookiesConsentDataset/evidence_json/ACLDP_0907.json
ACLDP_0908,site-0908.invalid,https://site-0908.invalid,Completed,,1.0,L1,20260311T034304Z,2026-03-11T03:46:21Z,,en-US,Chromium,Yes,No,None,,Unknown,,No,,,,No,No,No,,,,,,,,,,No,,,,,,,,,,,,,,,,,CookiesConsentDataset/evidence_json/ACLDP_0908.json
ACLDP_0909,site-0909.invalid,https://site-0909.invalid,Completed,,1.0,L1,20260311T034304Z,2026-03-11T03:46:26Z,,en-US,Chromium,Yes,Yes,Banner,1.0,Unknown,,No,,"Para melhorar a sua experiência na plataforma e prover serviços personalizados, utilizamos cookies. Ao aceitar, você terá acesso a todas as funcionalidades do site. Se clicar em ""Rejeitar Cookies"", os cookies que não forem estritamente necessários serão desativados. Para escolher quais quer autorizar, clique em ""Gerenciar cookies"". Saiba mais em nossa Declaração de Cookies. Gerenciar cookies Rejei...",CookiesConsentDataset/screenshots/ACLDP_0909_L1.png,Yes,No,No,1.0,,,,,2.0,,,1.0,No,,,,,,,,,,1.0,Reload,,,,,,CookiesConsentDataset/evidence_json/ACLDP_0909.json
ACLDP_0910,site-0910.invalid,https://site-0910.invalid,Completed,,1.0,L1,20260311T034304Z,2026-03-11T03:46:39Z,,en-US,Chromium,Yes,No,None,,Unknown,,No,,,,No,No,No,,,,,,,,,,No,,,,,,,,,,,,,,,,,CookiesConsentDataset/evidence_json/ACLDP_0910.json
ACLDP_0911,site-0911.invalid,https://site-0911.invalid,Completed,,1.0,L1,20260311T034304Z,2026-03-11T03:46:43Z,,en-US,Chromium,Yes,No,None,,Unknown,,Yes,HTML match: /tcstring/,,,No,No,No,,,,,,,,,,No,,,,,,,,,,,,,,,,,CookiesConsentDataset/evidence_json/ACLDP_0911.json
ACLDP_0912,site-0912.invalid,https://site-0912.invalid,Completed,,1.0,L1,20260311T034304Z,2026-03-11T03:46:53Z,,en-US,Chromium,Yes,No,None,,Unknown,,No,,,,No,No,No,,,,,,,,,,No,,,,,,,,,,,,,,,,,CookiesConsentDataset/evidence_json/ACLDP_0912.json
ACLDP_0913,site-0913.invalid,https://site-0913.invalid,Failed,"Navigation error: Page.goto: net::ERR_NAME_NOT_RESOLVED at https://site-0913.invalid/
Call log:
  - navigating to ""https://site-0913.invalid/"", waiting until ""domcontentloaded""
",2.0,L1,20260311T034304Z,2026-03-11T03:46:57Z,,en-US,Chromium,Yes,No,None,,,,,,,,No,No,No,,,,,,,,,,No,,,,,,,,,,,,,,,,,CookiesConsentDataset/evidence_json/ACLDP_0913.json
ACLDP_0914,site-0914.invalid,https://site-0914.invalid,Failed,"Navigation error: Page.goto: Navigation to ""https://site-0914.invalid/"" is interrupted by another navigation to ""chrome-error://chromewebdata/""
Call log:
  - navigating to ""https://site-0914.invalid/"", waiting until ""domcontentloaded""
",2.0,L1,20260311T034304Z,2026-03-11T03:46:57Z,,en-US,Chromium,Yes,No,None,,,,,,,,No,No,No,,,,,,,,,,No,,,,,,,,,,,,,,,,,CookiesConsentDataset/evidence_json/ACLDP_0914.json
ACLDP_0915,site-0915.invalid,https://site-0915.invalid,Failed,"Navigation error: Page.goto: Navigation to ""https://site-0915.invalid/"" is interrupted by another navigation to ""https://site-0914.invalid/""
Call log:
  - navigating to ""https://site-0915.invalid/"", waiting until ""domcontentloaded""",2.0,L1,20260311T034304Z,2026-03-11T03:46:57Z,,en-US,Chromium,Yes,No,None,,,,,,,,No,No,No,,,,,,,,,,No,,,,,,,,,,,,,,,,,CookiesConsentDataset/evidence_json/ACLDP_0915.json
ACLDP_0916,site-0916.invalid,https://site-0916.invalid,Failed,"Navigation error: Page.goto: Navigation to ""https://site-0916.invalid/"" is interrupted by another navigation to ""https://eu-1-site-0708.invalid/""
Call log:
  - navigating to ""https://site-0916.invalid/"", waiting until ""domcontentloaded""",2.0,L1,20260311T034304Z,2026-03-11T03:47:17Z,,en-US,Chromium,Yes,No,None,,,,,,,,No,No,No,,,,,,,,,,No,,,,,,,,,,,,,,,,,CookiesConsentDataset/evidence_json/ACLDP_0916.json
ACLDP_0917,site-0917.invalid,https://site-0917.invalid,Failed,"Navigation error: Page.goto: Navigation to ""https://site-0917.invalid/"" is interrupted by another navigation to ""https://www.site-0916.invalid/""
Call log:
  - navigating to ""https://site-0917.invalid/"", waiting until ""domcontentloaded""
",2.0,L1,20260311T034304Z,2026-03-11T03:47:19Z,,en-US,Chromium,Yes,No,None,,,,,,,,No,No,No,,,,,,,,,,No,,,,,,,,,,,,,,,,,CookiesConsentDataset/evidence_json/ACLDP_0917.json
ACLDP_0918,site-0918.invalid,https://site-0918.invalid,Failed,"Navigation error: Page.goto: Navigation to ""https://site-0918.invalid/"" is interrupted by another navigation to ""https://www.twilio.com/en-us/segment""
Call log:
  - navigating to ""https://site-0918.invalid/"", waiting until ""domcontentloaded""
",2.0,L1,20260311T034304Z,2026-03-11T03:47:21Z,,en-US,Chromium,Yes,No,None,,,,,,,,No,No,No,,,,,,,,,,No,,,,,,,,,,,,,,,,,CookiesConsentDataset/evidence_json/ACLDP_0918.json
ACLDP_0919,site-0919.invalid,https://site-0919.invalid,Failed,"Navigation error: Page.goto: Navigation to ""https://site-0919.invalid/"" is interrupted by another navigation to ""https://www.site-0918.invalid/""
Call log:
  - navigating to ""https://site-0919.invalid/"", waiting until ""domcontentloaded""
",2.0,L1,20260311T034304Z,2026-03-11T03:47:22Z,,en-US,Chromium,Yes,No,None,,,,,,,,No,No,No,,,,,,,,,,No,,,,,,,,,,,,,,,,,CookiesConsentDataset/evidence_json/ACLDP_0919.json
ACLDP_0920,site-0920.invalid,https://site-0920.invalid,Failed,"Navigation error: Page.goto: net::ERR_NAME_NOT_RESOLVED at https://site-0920.invalid/
Call log:
  - navigating to ""https://site-0920.invalid/"", waiting until ""domcontentloaded""
",2.0,L1,20260311T034304Z,2026-03-11T03:47:22Z,,en-US,Chromium,Yes,No,None,,,,,,,,No,No,No,,,,,,,,,,No,,,,,,,,,,,,,,,,,CookiesConsentDataset/evidence_json/ACLDP_0920.json
ACLDP_0921,site-0921.invalid,https://site-0921.invalid,Failed,"Navigation error: Page.goto: Navigation to ""https://site-0921.invalid/"" is interrupted by another navigation to ""chrome-error://chromewebdata/""
Call log:
  - navigating to ""https://site-0921.invalid/"", waiting until ""domcontentloaded""
",2.0,L1,20260311T034304Z,2026-03-11T03:47:23Z,,en-US,Chromium,Yes,No,None,,,,,,,,No,No,No,,,,,,,,,,No,,,,,,,,,,,,,,,,,CookiesConsentDataset/evidence_json/ACLDP_0921.json
ACLDP_0922,site-0922.invalid,https://site-0922.invalid,Failed,"Navigation error: Page.goto: Navigation to ""https://site-0922.invalid/"" is interrupted by another navigation to ""https://site-0921.invalid/""
Call log:
  - navigating to ""https://site-0922.invalid/"", waiting until ""domcontentloaded""
",2.0,L1,20260311T034304Z,2026-03-11T03:47:23Z,,en-US,Chromium,Yes,No,None,,,,,,,,No,No,No,,,,,,,,,,No,,,,,,,,,,,,,,,,,CookiesConsentDataset/evidence_json/ACLDP_0922.json
ACLDP_0923,site-0923.invalid,https://site-0923.invalid,Failed,"Navigation error: Page.goto: net::ERR_NAME_NOT_RESOLVED at https://site-0923.invalid/
Call log:
  - navigating to ""https://site-0923.invalid/"", waiting until ""domcontentloaded""
",2.0,L1,20260311T034304Z,2026-03-11T03:47:23Z,,en-US,Chromium,Yes,No,None,,,,,,,,No,No,No,,,,,,,,,,No,,,,,,,,,,,,,,,,,CookiesConsentDataset/evidence_json/ACLDP_0923.json
ACLDP_0924,site-0924.invalid,https://site-0924.invalid,Failed,"Navigation error: Page.goto: Navigation to ""https://site-0924.invalid/"" is interrupted by another navigation to ""chrome-error://chromewebdata/""
Call log:
  - navigating to ""https://site-0924.invalid/"", waiting until ""domcontentloaded""
",2.0,L1,20260311T034304Z,2026-03-11T03:47:24Z,,en-US,Chromium,Yes,No,None,,,,,,,,No,No,No,,,,,,,,,,No,,,,,,,,,,,,,,,,,CookiesConsentDataset/evidence_json/ACLDP_0924.json
ACLDP_0925,site-0925.invalid,https://site-0925.invalid,Failed,"Navigation error: Page.goto: Navigation to ""https://site-0925.invalid/"" is interrupted by another navigation to ""https://www.site-0924.invalid/""
Call log:
  - navigating to ""https://site-0925.invalid/"", waiting until ""domcontentloaded""
",2.0,L1,20260311T034304Z,2026-03-11T03:47:27Z,,en-US,Chromium,Yes,No,None,,,,,,,,No,No,No,,,,,,,,,,No,,,,,,,,,,,,,,,,,CookiesConsentDataset/evidence_json/ACLDP_0925.json
ACLDP_0926,site-0926.invalid,https://site-0926.invalid,Failed,"Navigation error: Page.goto: Navigation to ""https://site-0926.invalid/"" is interrupted by another navigation to ""https://site-0925.invalid/apache2-default/""
Call log:
  - navigating to ""https://site-0926.invalid/"", waiting until ""domcontentloaded""",2.0,L1,20260311T034304Z,2026-03-11T03:47:28Z,,en-US,Chromium,Yes,No,None,,,,,,,,No,No,No,,,,,,,,,,No,,,,,,,,,,,,,,,,,CookiesConsentDataset/evidence_json/ACLDP_0926.json
ACLDP_0927,site-0927.invalid,https://site-0927.invalid,Failed,"Navigation error: Page.goto: Navigation to ""https://site-0927.invalid/"" is interrupted by another navigation to ""https://www.site-0926.invalid/""
Call log:
  - navigating to ""https://site-0927.invalid/"", waiting until ""domcontentloaded""
",2.0,L1,20260311T034304Z,2026-03-11T03:47:28Z,,en-US,Chromium,Yes,No,None,,,,,,,,No,No,No,,,,,,,,,,No,,,,,,,,,,,,,,,,,CookiesConsentDataset/evidence_json/ACLDP_0927.json
ACLDP_0928,site-0928.invalid,https://site-0928.invalid,Failed,"Navigation error: Page.goto: Navigation to ""https://site-0928.invalid/"" is interrupted by another navigation to ""https://www.site-0927.invalid/world/""
Call log:
  - navigating to ""https://site-0928.invalid/"", waiting until ""domcontentloaded""
",2.0,L1,20260311T034304Z,2026-03-11T03:47:29Z,,en-US,Chromium,Yes,No,None,,,,,,,,No,No,No,,,,,,,,,,No,,,,,,,,,,,,,,,,,CookiesConsentDataset/evidence_json/ACLDP_0928.json
ACLDP_0929,site-0929.invalid,https://site-0929.invalid,Failed,"Navigation error: Page.goto: Navigation to ""https://site-0929.invalid/"" is interrupted by another navigation to ""https://www.site-0928.invalid/""
Call log:
  - navigating to ""https://site-0929.invalid/"", waiting until ""domcontentloaded""
",2.0,L1,20260311T034304Z,2026-03-11T03:47:30Z,,en-US,Chromium,Yes,No,None,,,,,,,,No,No,No,,,,,,,,,,No,,,,,,,,,,,,,,,,,CookiesConsentDataset/evidence_json/ACLDP_0929.json
ACLDP_0930,site-0930.invalid,https://site-0930.invalid,Failed,"Navigation error: Page.goto: Navigation to ""https://site-0930.invalid/"" is interrupted by another navigation to ""https://www.huffpossite-0211.invalidm/""
Call log:
  - navigating to ""https://site-0930.invalid/"", waiting until ""domcontentloaded""
",2.0,L1,20260311T034304Z,2026-03-11T03:47:31Z,,en-US,Chromium,Yes,No,None,,,,,,,,No,No,No,,,,,,,,,,No,,,,,,,,,,,,,,,,,CookiesConsentDataset/evidence_json/ACLDP_0930.json
ACLDP_0931,site-0931.invalid,https://site-0931.invalid,Failed,"Navigation error: Page.goto: Navigation to ""https://site-0931.invalid/"" is interrupted by another navigation to ""https://www.site-0930.invalid/""
Call log:
  - navigating to ""https://site-0931.invalid/"", waiting until ""domcontentloaded""
",2.0,L1,20260311T034304Z,2026-03-11T03:47:33Z,,en-US,Chromium,Yes,No,None,,,,,,,,No,No,No,,,,,,,,,,No,,,,,,,,,,,,,,,,,CookiesConsentDataset/evidence_json/ACLDP_0931.json
ACLDP_0932,site-0932.invalid,https://site-0932.invalid,Failed,"Navigation error: Page.goto: Navigation to ""https://site-0932.invalid/"" is interrupted by another navigation to ""https://site-0931.invalid/""
Call log:
  - navigating to ""https://site-0932.invalid/"", waiting until ""domcontentloaded""
",2.0,L1,20260311T034304Z,2026-03-11T03:47:34Z,,en-US,Chromium,Yes,No,None,,,,,,,,No,No,No,,,,,,,,,,No,,,,,,,,,,,,,,,,,CookiesConsentDataset/evidence_json/ACLDP_0932.json
ACLDP_0933,site-0933.invalid,https://site-0933.invalid,Failed,"Navigation error: Page.goto: Navigation to ""https://site-0933.invalid/"" is interrupted by another navigation to ""https://www.site-0932.invalid/""
Call log:
  - navigating to ""https://site-0933.invalid/"", waiting until ""domcontentloaded""
",2.0,L1,20260311T034304Z,2026-03-11T03:47:35Z,,en-US,Chromium,Yes,No,None,,,,,,,,No,No,No,,,,,,,,,,No,,,,,,,,,,,,,,,,,CookiesConsentDataset/evidence_json/ACLDP_0933.json
ACLDP_0934,site-0934.invalid,https://site-0934.invalid,Failed,"Navigation error: Page.goto: Navigation to ""https://site-0934.invalid/"" is interrupted by another navigation to ""https://www.site-0933.invalid/en/""
Call log:
  - navigating to ""https://site-0934.invalid/"", waiting until ""domcontentloaded""
",2.0,L1,20260311T034304Z,2026-03-11T03:47:36Z,,en-US,Chromium,Yes,No,None,,,,,,,,No,No,No,,,,,,,,,,No,,,,,,,,,,,,,,,,,CookiesConsentDataset/evidence_json/ACLDP_0934.json
ACLDP_0935,site-0935.invalid,https://site-0935.invalid,Failed,"Navigation error: Page.goto: Navigation to ""https://site-0935.invalid/"" is interrupted by another navigation to ""https://global.site-0934.invalid/""
Call log:
  - navigating to ""https://site-0935.invalid/"", waiting until ""domcontentloaded""
",2.0,L1,20260311T034304Z,2026-03-11T03:47:39Z,,en-US,Chromium,Yes,No,None,,,,,,,,No,No,No,,,,,,,,,,No,,,,,,,,,,,,,,,,,CookiesConsentDataset/evidence_json/ACLDP_0935.json
ACLDP_0936,site-0936.invalid,https://site-0936.invalid,Failed,"Navigation error: Page.goto: net::ERR_NAME_NOT_RESOLVED at https://site-0936.invalid/
Call log:
  - navigating to ""https://site-0936.invalid/"", waiting until ""domcontentloaded""
",2.0,L1,20260311T034304Z,2026-03-11T03:47:40Z,,en-US,Chromium,Yes,No,None,,,,,,,,No,No,No,,,,,,,,,,No,,,,,,,,,,,,,,,,,CookiesConsentDataset/evidence_json/ACLDP_0936.json
ACLDP_0937,site-0937.invalid,https://site-0937.invalid,Failed,"Navigation error: Page.goto: net::ERR_NAME_NOT_RESOLVED at https://site-0937.invalid/
Call log:
  - navigating to ""https://site-0937.invalid/"", waiting until ""domcontentloaded""
",2.0,L1,20260311T034304Z,2026-03-11T03:47:40Z,,en-US,Chromium,Yes,No,None,,,,,,,,No,No,No,,,,,,,,,,No,,,,,,,,,,,,,,,,,CookiesConsentDataset/evidence_json/ACLDP_0937.json
ACLDP_0938,site-0938.invalid,https://site-0938.invalid,Completed,,0.0,L1,20260311T021418Z,2026-03-11T02:15:11Z,,en-US,Chromium,Yes,No,None,,Unknown,,No,,,,No,No,No,,,,,,,,,,No,,,,,,,,,,,,,,,,,CookiesConsentDataset/evidence_json/ACLDP_0938.json
ACLDP_0939,site-0939.invalid,https://site-0939.invalid,Completed,,0.0,L1,20260311T021418Z,2026-03-11T02:15:15Z,,en-US,Chromium,Yes,No,None,,Usercentrics,HTML match: /usercentrics/,Yes,HTML match: /__tcfapi/,,,No,No,No,,,,,,,,,,No,,,,,,,,,,,,,,,,,CookiesConsentDataset/evidence_json/ACLDP_0939.json
ACLDP_0940,site-0940.invalid,https://site-0940.invalid,Completed,,0.0,L1,20260311T021418Z,2026-03-11T02:15:19Z,,en-US,Chromium,Yes,No,None,,Unknown,,No,,,,No,No,No,,,,,,,,,,No,,,,,,,,,,,,,,,,,CookiesConsentDataset/evidence_json/ACLDP_0940.json
ACLDP_0941,site-0941.invalid,https://site-0941.invalid,Failed,"Navigation error: Page.goto: net::ERR_NAME_NOT_RESOLVED at https://site-0941.invalid/
Call log:
  - navigating to ""https://site-0941.invalid/"", waiting until ""domcontentloaded""
",2.0,L1,20260311T034304Z,2026-03-11T03:47:41Z,,en-US,Chromium,Yes,No,None,,,,,,,,No,No,No,,,,,,,,,,No,,,,,,,,,,,,,,,,,CookiesConsentDataset/evidence_json/ACLDP_0941.json
ACLDP_0942,site-0942.invalid,https://site-0942.invalid,Completed,,1.0,L1,20260311T034304Z,2026-03-11T03:47:41Z,,en-US,Chromium,Yes,No,None,,Unknown,,No,,,,No,No,No,,,,,,,,,,No,,,,,,,,,,,,,,,,,CookiesConsentDataset/evidence_json/ACLDP_0942.json
ACLDP_0943,site-0943.invalid,https://site-0943.invalid,Completed,,1.0,L2,20260311T034304Z,2026-03-11T03:47:44Z,,en-US,Chromium,Yes,Yes,Banner,2.0,Unknown,,No,,"This site uses cookies and related technologies, as described in our privacy policy, for purposes that may include site operation, analytics, enhanced user experience, or advertising. You may choose to consent to our use of these technologies, or manage your own preferences. Please visit our cookie policy for more information. AGREE & PROCEED DECLINE ALL MANAGE CHOICES",CookiesConsentDataset/screenshots/ACLDP_0943_L1.png,Yes,Yes,Yes,1.0,1.0,1.0,0.0,0.0,1.0,1.0,Equal,1.0,Yes,Now Available: OpenAI GPT-5.4 on the Gradient™ AI Platform Now Available: OpenAI GPT-5.3 Codex on the Gradient™ AI Platform Now Available: Claude Sonnet 4.6 on the Gradient™ AI Platform Heroku is shifting to sustaining engineering. Migrate your workloads to DigitalOcean Now Available: Claude Opus 4.6 on Gradient™ AI Platform 🔥 Run OpenClaw on DigitalOcean App Platform Join us for Deploy in San Fra...,CookiesConsentDataset/screenshots/ACLDP_0943_L2.png,0.0,0.0,1554.0,3.0,3.0,0.0,0.0,1.0,Reload,,,,,,CookiesConsentDataset/evidence_json/ACLDP_0943.json
ACLDP_0944,site-0944.invalid,https://site-0944.invalid,Completed,,1.0,L2,20260311T034304Z,2026-03-11T03:47:54Z,,en-US,Chromium,Yes,Yes,Modal,2.0,Unknown,,No,,"We value your privacy By clicking “Yes, I agree”, you agree to Ryanair using cookies to improve your browsing experience, to personalise content, to provide social media features and to analyse our traffic. We may also share information with our advertising, analytics and social media partners for their own purposes. You can manage your cookie settings by clicking the “View Cookie Settings” button...",CookiesConsentDataset/screenshots/ACLDP_0944_L1.png,Yes,No,Yes,1.0,2.0,1.0,1.0,1.0,2.0,,,1.0,Yes,"Skip to main content Plan FAQs My Bookings Log in myRyanair Portal Log in to manage your bookings and account FLIGHTS CAR HIRE HOTELS GIFT CARDS Verified by Ryanair Return trip One way Apply promo code From To Search Filters: Price range Times Website & app (including check-in) unavailable from 23:55hrs Tue, 10 March – 00:05hrs Wed, 11 March due to scheduled maintenance... Read more 1 of 1 We have...",CookiesConsentDataset/screenshots/ACLDP_0944_L2.png,0.0,0.0,554.0,3.0,3.0,0.0,0.0,1.0,Reload,,,,,,CookiesConsentDataset/evidence_json/ACLDP_0944.json
ACLDP_0945,site-0945.invalid,https://site-0945.invalid,Completed,,1.0,L1,20260311T034304Z,2026-03-11T03:48:04Z,,en-US,Chromium,Yes,No,None,,Unknown,,No,,,,No,No,No,,,,,,,,,,No,,,,,,,,,,,,,,,,,CookiesConsentDataset/evidence_json/ACLDP_0945.json
ACLDP_0946,site-0946.invalid,https://site-0946.invalid,Failed,Navigation timeout,2.0,L1,20260311T034304Z,2026-03-11T03:48:08Z,,en-US,Chromium,Yes,No,None,,,,,,,,No,No,No,,,,,,,,,,No,,,,,,,,,,,,,,,,,CookiesConsentDataset/evidence_json/ACLDP_0946.json
ACLDP_0947,site-0947.invalid,https://site-0947.invalid,Completed,,0.0,L2,20260311T021418Z,2026-03-11T02:16:13Z,,en-US,Chromium,Yes,Yes,Banner,2.0,OneTrust,HTML match: /onetrust/,Yes,HTML match: /tcstring/,"This website uses cookies The World Economic Forum uses necessary cookies to make our site work. We would also like to set optional ""marketing"" cookies to personalise content and ads and “performance” cookies to improve the website. Accept all cookies Cookie settings Reject optional cookies",CookiesConsentDataset/screenshots/ACLDP_0947_L1.png,Yes,Yes,Yes,1.0,1.0,1.0,0.0,0.0,2.0,2.0,Equal,1.0,Yes,"Details About Details Necessary 62 Necessary cookies help make a website usable by enabling basic functions like page navigation and access to secure areas of the website. The website cannot function properly without these cookies. Preferences 29 Preference cookies enable a website to remember information that changes the way the website behaves or looks, like your preferred language or the region...",CookiesConsentDataset/screenshots/ACLDP_0947_L2.png,9.0,0.0,946.0,3.0,3.0,9.0,0.0,1.0,Reload,,,,,,CookiesConsentDataset/evidence_json/ACLDP_0947.json
ACLDP_0948,site-0948.invalid,https://site-0948.invalid,Completed,,0.0,L1,20260311T021418Z,2026-03-11T02:16:28Z,,en-US,Chromium,Yes,No,None,,Unknown,,No,,,,No,No,No,,,,,,,,,,No,,,,,,,,,,,,,,,,,CookiesConsentDataset/evidence_json/ACLDP_0948.json
ACLDP_0949,site-0949.invalid,https://site-0949.invalid,Completed,,0.0,L1,20260311T021418Z,2026-03-11T02:16:31Z,,en-US,Chromium,Yes,No,None,,Unknown,,Yes,HTML match: /tcstring/,,,No,No,No,,,,,,,,,,No,,,,,,,,,,,,,,,,,CookiesConsentDataset/evidence_json/ACLDP_0949.json
ACLDP_0950,site-0950.invalid,https://site-0950.invalid,Completed,,0.0,L1,20260311T021418Z,2026-03-11T02:16:35Z,,en-US,Chromium,Yes,Yes,Modal,1.0,Unknown,,Yes,HTML match: /__tcfapi/,"Rifiuta e abbonati Il Corriere della Sera si impegna quotidianamente a fornirti informazione di qualità attraverso il lavoro di centinaia di giornalisti, grafici e tecnici. Per garantire un'informazione libera e accessibile facciamo ricorso a pubblicità profilata che copre i costi della navigazione così da permetterti di usufruire di una parte dei contenuti gratuitamente. Senza la pubblicità l'acc...",CookiesConsentDataset/screenshots/ACLDP_0950_L1.png,Yes,No,No,1.0,,,,,3.0,,,1.0,No,,,,,,,,,,1.0,Reload,,,,,,CookiesConsentDataset/evidence_json/ACLDP_0950.json
ACLDP_0951,site-0951.invalid,https://site-0951.invalid,Completed,,0.0,L1,20260311T021418Z,2026-03-11T02:16:46Z,,en-US,Chromium,Yes,No,None,,Unknown,,No,,,,No,No,No,,,,,,,,,,No,,,,,,,,,,,,,,,,,CookiesConsentDataset/evidence_json/ACLDP_0951.json
ACLDP_0952,site-0952.invalid,https://site-0952.invalid,Failed,"Navigation error: Page.goto: net::ERR_NAME_NOT_RESOLVED at https://site-0952.invalid/
Call log:
  - navigating to ""https://site-0952.invalid/"", waiting until ""domcontentloaded""
",2.0,L1,20260311T034304Z,2026-03-11T03:48:53Z,,en-US,Chromium,Yes,No,None,,,,,,,,No,No,No,,,,,,,,,,No,,,,,,,,,,,,,,,,,CookiesConsentDataset/evidence_json/ACLDP_0952.json
ACLDP_0953,site-0953.invalid,https://site-0953.invalid,Failed,"Navigation error: Page.goto: net::ERR_CONNECTION_RESET at https://site-0953.invalid/
Call log:
  - navigating to ""https://site-0953.invalid/"", waiting until ""domcontentloaded""
",2.0,L1,20260311T034304Z,2026-03-11T03:48:53Z,,en-US,Chromium,Yes,No,None,,,,,,,,No,No,No,,,,,,,,,,No,,,,,,,,,,,,,,,,,CookiesConsentDataset/evidence_json/ACLDP_0953.json
ACLDP_0954,site-0954.invalid,https://site-0954.invalid,Completed,,0.0,L1,20260311T021418Z,2026-03-11T02:17:35Z,,en-US,Chromium,Yes,No,None,,Unknown,,No,,,,No,No,No,,,,,,,,,,No,,,,,,,,,,,,,,,,,CookiesConsentDataset/evidence_json/ACLDP_0954.json
ACLDP_0955,site-0955.invalid,https://site-0955.invalid,Completed,,0.0,L1,20260311T021418Z,2026-03-11T02:17:40Z,,en-US,Chromium,Yes,No,None,,Unknown,,No,,,,No,No,No,,,,,,,,,,No,,,,,,,,,,,,,,,,,CookiesConsentDataset/evidence_json/ACLDP_0955.json
ACLDP_0956,site-0956.invalid,https://site-0956.invalid,Failed,"Navigation error: Page.goto: net::ERR_NAME_NOT_RESOLVED at https://site-0956.invalid/
Call log:
  - navigating to ""https://site-0956.invalid/"", waiting until ""domcontentloaded""
",2.0,L1,20260311T034304Z,2026-03-11T03:48:55Z,,en-US,Chromium,Yes,No,None,,,,,,,,No,No,No,,,,,,,,,,No,,,,,,,,,,,,,,,,,CookiesConsentDataset/evidence_json/ACLDP_0956.json
ACLDP_0957,site-0957.invalid,https://site-0957.invalid,Completed,,1.0,L1,20260311T034304Z,2026-03-11T03:48:55Z,,en-US,Chromium,Yes,No,None,,Didomi,HTML match: /didomi/,Yes,HTML match: /__tcfapi/,,,No,No,No,,,,,,,,,,No,,,,,,,,,,,,,,,,,CookiesConsentDataset/evidence_json/ACLDP_0957.json
ACLDP_0958,site-0958.invalid,https://site-0958.invalid,Failed,"Navigation error: Page.goto: net::ERR_NAME_NOT_RESOLVED at https://site-0958.invalid/
Call log:
  - navigating to ""https://site-0958.invalid/"", waiting until ""domcontentloaded""
",2.0,L1,20260311T034304Z,2026-03-11T03:49:02Z,,en-US,Chromium,Yes,No,None,,,,,,,,No,No,No,,,,,,,,,,No,,,,,,,,,,,,,,,,,CookiesConsentDataset/evidence_json/ACLDP_0958.json
ACLDP_0959,site-0959.invalid,https://site-0959.invalid,Failed,"Navigation error: Page.goto: Navigation to ""https://site-0959.invalid/"" is interrupted by another navigation to ""chrome-error://chromewebdata/""
Call log:
  - navigating to ""https://site-0959.invalid/"", waiting until ""domcontentloaded""
",2.0,L1,20260311T034304Z,2026-03-11T03:49:02Z,,en-US,Chromium,Yes,No,None,,,,,,,,No,No,No,,,,,,,,,,No,,,,,,,,,,,,,,,,,CookiesConsentDataset/evidence_json/ACLDP_0959.json
ACLDP_0960,site-0960.invalid,https://site-0960.invalid,Completed,,0.0,L1,20260311T021743Z,2026-03-11T02:17:46Z,,en-US,Chromium,Yes,No,None,,Unknown,,No,,,,No,No,No,,,,,,,,,,No,,,,,,,,,,,,,,,,,CookiesConsentDataset/evidence_json/ACLDP_0960.json
ACLDP_0961,site-0961.invalid,https://site-0961.invalid,Failed,"Navigation error: Page.goto: net::ERR_NAME_NOT_RESOLVED at https://site-0961.invalid/
Call log:
  - navigating to ""https://site-0961.invalid/"", waiting until ""domcontentloaded""
",2.0,L1,20260311T034304Z,2026-03-11T03:49:03Z,,en-US,Chromium,Yes,No,None,,,,,,,,No,No,No,,,,,,,,,,No,,,,,,,,,,,,,,,,,CookiesConsentDataset/evidence_json/ACLDP_0961.json
ACLDP_0962,site-0962.invalid,https://site-0962.invalid,Failed,"Navigation error: Page.goto: Navigation to ""https://site-0962.invalid/"" is interrupted by another navigation to ""chrome-error://chromewebdata/""
Call log:
  - navigating to ""https://site-0962.invalid/"", waiting until ""domcontentloaded""
",2.0,L1,20260311T034304Z,2026-03-11T03:49:03Z,,en-US,Chromium,Yes,No,None,,,,,,,,No,No,No,,,,,,,,,,No,,,,,,,,,,,,,,,,,CookiesConsentDataset/evidence_json/ACLDP_0962.json
ACLDP_0963,site-0963.invalid,https://site-0963.invalid,Failed,Navigation timeout,2.0,L1,20260311T034304Z,2026-03-11T03:49:04Z,,en-US,Chromium,Yes,No,None,,,,,,,,No,No,No,,,,,,,,,,No,,,,,,,,,,,,,,,,,CookiesConsentDataset/evidence_json/ACLDP_0963.json
ACLDP_0964,site-0964.invalid,https://site-0964.invalid,Completed,,0.0,L1,20260311T021743Z,2026-03-11T02:18:35Z,,en-US,Chromium,Yes,No,None,,Unknown,,No,,,,No,No,No,,,,,,,,,,No,,,,,,,,,,,,,,,,,CookiesConsentDataset/evidence_json/ACLDP_0964.json
ACLDP_0965,site-0965.invalid,https://site-0965.invalid,Completed,,0.0,L1,20260311T021743Z,2026-03-11T02:18:38Z,,en-US,Chromium,Yes,No,None,,OneTrust,HTML match: /onetrust/,Yes,HTML match: /tcstring/,,,No,No,No,,,,,,,,,,No,,,,,,,,,,,,,,,,,CookiesConsentDataset/evidence_json/ACLDP_0965.json
ACLDP_0966,site-0966.invalid,https://site-0966.invalid,Completed,,0.0,L1,20260311T021743Z,2026-03-11T02:18:46Z,,en-US,Chromium,Yes,No,None,,Unknown,,No,,,,No,No,No,,,,,,,,,,No,,,,,,,,,,,,,,,,,CookiesConsentDataset/evidence_json/ACLDP_0966.json
ACLDP_0967,site-0967.invalid,https://site-0967.invalid,Failed,Navigation timeout,2.0,L1,20260311T034304Z,2026-03-11T03:49:49Z,,en-US,Chromium,Yes,No,None,,,,,,,,No,No,No,,,,,,,,,,No,,,,,,,,,,,,,,,,,CookiesConsentDataset/evidence_json/ACLDP_0967.json
ACLDP_0968,site-0968.invalid,https://site-0968.invalid,Failed,"Navigation error: Page.goto: net::ERR_HTTP2_PROTOCOL_ERROR at https://site-0968.invalid/
Call log:
  - navigating to ""https://site-0968.invalid/"", waiting until ""domcontentloaded""",2.0,L1,20260311T034304Z,2026-03-11T03:50:34Z,,en-US,Chromium,Yes,No,None,,,,,,,,No,No,No,,,,,,,,,,No,,,,,,,,,,,,,,,,,CookiesConsentDataset/evidence_json/ACLDP_0968.json
ACLDP_0969,site-0969.invalid,https://site-0969.invalid,Failed,"Navigation error: Page.goto: Navigation to ""https://site-0969.invalid/"" is interrupted by another navigation to ""chrome-error://chromewebdata/""
Call log:
  - navigating to ""https://site-0969.invalid/"", waiting until ""domcontentloaded""
",2.0,L1,20260311T034304Z,2026-03-11T03:50:35Z,,en-US,Chromium,Yes,No,None,,,,,,,,No,No,No,,,,,,,,,,No,,,,,,,,,,,,,,,,,CookiesConsentDataset/evidence_json/ACLDP_0969.json
ACLDP_0970,site-0970.invalid,https://site-0970.invalid,Failed,"Navigation error: Page.goto: Navigation to ""https://site-0970.invalid/"" is interrupted by another navigation to ""https://www.site-0254.invalid/""
Call log:
  - navigating to ""https://site-0970.invalid/"", waiting until ""domcontentloaded""
",2.0,L1,20260311T034304Z,2026-03-11T03:50:35Z,,en-US,Chromium,Yes,No,None,,,,,,,,No,No,No,,,,,,,,,,No,,,,,,,,,,,,,,,,,CookiesConsentDataset/evidence_json/ACLDP_0970.json
ACLDP_0971,site-0971.invalid,https://site-0971.invalid,Failed,"Navigation error: Page.goto: Navigation to ""https://site-0971.invalid/"" is interrupted by another navigation to ""https://www.site-0023.invalid.au/""
Call log:
  - navigating to ""https://site-0971.invalid/"", waiting until ""domcontentloaded""
",2.0,L1,20260311T034304Z,2026-03-11T03:50:36Z,,en-US,Chromium,Yes,No,None,,,,,,,,No,No,No,,,,,,,,,,No,,,,,,,,,,,,,,,,,CookiesConsentDataset/evidence_json/ACLDP_0971.json
ACLDP_0972,site-0972.invalid,https://site-0972.invalid,Failed,"Navigation error: Page.goto: Target page, context or browser has been closed
Call log:
  - navigating to ""https://site-0972.invalid/"", waiting until ""domcontentloaded""
",2.0,L1,20260311T034304Z,2026-03-11T03:50:37Z,,en-US,Chromium,Yes,No,None,,,,,,,,No,No,No,,,,,,,,,,No,,,,,,,,,,,,,,,,,CookiesConsentDataset/evidence_json/ACLDP_0972.json
ACLDP_0973,site-0973.invalid,https://site-0973.invalid,Failed,"Navigation error: Page.goto: Target page, context or browser has been closed",2.0,L1,20260311T034304Z,2026-03-11T03:50:37Z,,en-US,Chromium,Yes,No,None,,,,,,,,No,No,No,,,,,,,,,,No,,,,,,,,,,,,,,,,,CookiesConsentDataset/evidence_json/ACLDP_0973.json
ACLDP_0974,site-0974.invalid,https://site-0974.invalid,Failed,"Navigation error: Page.goto: Target page, context or browser has been closed",2.0,L1,20260311T034304Z,2026-03-11T03:50:37Z,,en-US,Chromium,Yes,No,None,,,,,,,,No,No,No,,,,,,,,,,No,,,,,,,,,,,,,,,,,CookiesConsentDataset/evidence_json/ACLDP_0974.json
ACLDP_0975,site-0975.invalid,https://site-0975.invalid,Failed,"Navigation error: Page.goto: Target page, context or browser has been closed",2.0,L1,20260311T034304Z,2026-03-11T03:50:37Z,,en-US,Chromium,Yes,No,None,,,,,,,,No,No,No,,,,,,,,,,No,,,,,,,,,,,,,,,,,CookiesConsentDataset/evidence_json/ACLDP_0975.json
ACLDP_0976,site-0976.invalid,https://site-0976.invalid,Failed,"Navigation error: Page.goto: Target page, context or browser has been closed",2.0,L1,20260311T034304Z,2026-03-11T03:50:37Z,,en-US,Chromium,Yes,No,None,,,,,,,,No,No,No,,,,,,,,,,No,,,,,,,,,,,,,,,,,CookiesConsentDataset/evidence_json/ACLDP_0976.json
ACLDP_0977,site-0977.invalid,https://site-0977.invalid,Failed,"Navigation error: Page.goto: Target page, context or browser has been closed",2.0,L1,20260311T034304Z,2026-03-11T03:50:37Z,,en-US,Chromium,Yes,No,None,,,,,,,,No,No,No,,,,,,,,,,No,,,,,,,,,,,,,,,,,CookiesConsentDataset/evidence_json/ACLDP_0977.json
ACLDP_0978,site-0978.invalid,https://site-0978.invalid,Failed,"Navigation error: Page.goto: Target page, context or browser has been closed",2.0,L1,20260311T034304Z,2026-03-11T03:50:37Z,,en-US,Chromium,Yes,No,None,,,,,,,,No,No,No,,,,,,,,,,No,,,,,,,,,,,,,,,,,CookiesConsentDataset/evidence_json/ACLDP_0978.json
ACLDP_0979,site-0979.invalid,https://site-0979.invalid,Failed,"Navigation error: Page.goto: Target page, context or browser has been closed",2.0,L1,20260311T034304Z,2026-03-11T03:50:37Z,,en-US,Chromium,Yes,No,None,,,,,,,,No,No,No,,,,,,,,,,No,,,,,,,,,,,,,,,,,CookiesConsentDataset/evidence_json/ACLDP_0979.json
ACLDP_0980,site-0980.invalid,https://site-0980.invalid,Failed,"Navigation error: Page.goto: Target page, context or browser has been closed",2.0,L1,20260311T034304Z,2026-03-11T03:50:37Z,,en-US,Chromium,Yes,No,None,,,,,,,,No,No,No,,,,,,,,,,No,,,,,,,,,,,,,,,,,CookiesConsentDataset/evidence_json/ACLDP_0980.json
ACLDP_0981,site-0981.invalid,https://site-0981.invalid,Failed,"Navigation error: Page.goto: Target page, context or browser has been closed",2.0,L1,20260311T034304Z,2026-03-11T03:50:37Z,,en-US,Chromium,Yes,No,None,,,,,,,,No,No,No,,,,,,,,,,No,,,,,,,,,,,,,,,,,CookiesConsentDataset/evidence_json/ACLDP_0981.json
ACLDP_0982,site-0982.invalid,https://site-0982.invalid,Failed,"Navigation error: Page.goto: Target page, context or browser has been closed",2.0,L1,20260311T034304Z,2026-03-11T03:50:37Z,,en-US,Chromium,Yes,No,None,,,,,,,,No,No,No,,,,,,,,,,No,,,,,,,,,,,,,,,,,CookiesConsentDataset/evidence_json/ACLDP_0982.json
ACLDP_0983,site-0983.invalid,https://site-0983.invalid,Failed,"Navigation error: Page.goto: Target page, context or browser has been closed",2.0,L1,20260311T034304Z,2026-03-11T03:50:37Z,,en-US,Chromium,Yes,No,None,,,,,,,,No,No,No,,,,,,,,,,No,,,,,,,,,,,,,,,,,CookiesConsentDataset/evidence_json/ACLDP_0983.json
ACLDP_0984,site-0984.invalid,https://site-0984.invalid,Failed,"Navigation error: Page.goto: Target page, context or browser has been closed",2.0,L1,20260311T034304Z,2026-03-11T03:50:37Z,,en-US,Chromium,Yes,No,None,,,,,,,,No,No,No,,,,,,,,,,No,,,,,,,,,,,,,,,,,CookiesConsentDataset/evidence_json/ACLDP_0984.json
ACLDP_0985,site-0985.invalid,https://site-0985.invalid,Failed,"Navigation error: Page.goto: Target page, context or browser has been closed",2.0,L1,20260311T034304Z,2026-03-11T03:50:37Z,,en-US,Chromium,Yes,No,None,,,,,,,,No,No,No,,,,,,,,,,No,,,,,,,,,,,,,,,,,CookiesConsentDataset/evidence_json/ACLDP_0985.json
ACLDP_0986,site-0986.invalid,https://site-0986.invalid,Failed,"Navigation error: Page.goto: Target page, context or browser has been closed",2.0,L1,20260311T034304Z,2026-03-11T03:50:37Z,,en-US,Chromium,Yes,No,None,,,,,,,,No,No,No,,,,,,,,,,No,,,,,,,,,,,,,,,,,CookiesConsentDataset/evidence_json/ACLDP_0986.json
ACLDP_0987,site-0987.invalid,https://site-0987.invalid,Failed,"Navigation error: Page.goto: Target page, context or browser has been closed",2.0,L1,20260311T034304Z,2026-03-11T03:50:37Z,,en-US,Chromium,Yes,No,None,,,,,,,,No,No,No,,,,,,,,,,No,,,,,,,,,,,,,,,,,CookiesConsentDataset/evidence_json/ACLDP_0987.json
ACLDP_0988,site-0988.invalid,https://site-0988.invalid,Failed,"Navigation error: Page.goto: Target page, context or browser has been closed",2.0,L1,20260311T034304Z,2026-03-11T03:50:37Z,,en-US,Chromium,Yes,No,None,,,,,,,,No,No,No,,,,,,,,,,No,,,,,,,,,,,,,,,,,CookiesConsentDataset/evidence_json/ACLDP_0988.json
ACLDP_0989,site-0989.invalid,https://site-0989.invalid,Failed,"Navigation error: Page.goto: Target page, context or browser has been closed",2.0,L1,20260311T034304Z,2026-03-11T03:50:37Z,,en-US,Chromium,Yes,No,None,,,,,,,,No,No,No,,,,,,,,,,No,,,,,,,,,,,,,,,,,CookiesConsentDataset/evidence_json/ACLDP_0989.json
ACLDP_0990,site-0990.invalid,https://site-0990.invalid,Failed,"Navigation error: Page.goto: Target page, context or browser has been closed",2.0,L1,20260311T034304Z,2026-03-11T03:50:37Z,,en-US,Chromium,Yes,No,None,,,,,,,,No,No,No,,,,,,,,,,No,,,,,,,,,,,,,,,,,CookiesConsentDataset/evidence_json/ACLDP_0990.json
ACLDP_0991,site-0991.invalid,https://site-0991.invalid,Failed,"Navigation error: Page.goto: Target page, context or browser has been closed",2.0,L1,20260311T034304Z,2026-03-11T03:50:37Z,,en-US,Chromium,Yes,No,None,,,,,,,,No,No,No,,,,,,,,,,No,,,,,,,,,,,,,,,,,CookiesConsentDataset/evidence_json/ACLDP_0991.json
ACLDP_0992,site-0992.invalid,https://site-0992.invalid,Failed,"Navigation error: Page.goto: Target page, context or browser has been closed",2.0,L1,20260311T034304Z,2026-03-11T03:50:37Z,,en-US,Chromium,Yes,No,None,,,,,,,,No,No,No,,,,,,,,,,No,,,,,,,,,,,,,,,,,CookiesConsentDataset/evidence_json/ACLDP_0992.json
ACLDP_0993,site-0993.invalid,https://site-0993.invalid,Failed,"Navigation error: Page.goto: Target page, context or browser has been closed",2.0,L1,20260311T034304Z,2026-03-11T03:50:37Z,,en-US,Chromium,Yes,No,None,,,,,,,,No,No,No,,,,,,,,,,No,,,,,,,,,,,,,,,,,CookiesConsentDataset/evidence_json/ACLDP_0993.json
ACLDP_0994,site-0994.invalid,https://site-0994.invalid,Failed,"Navigation error: Page.goto: Target page, context or browser has been closed",2.0,L1,20260311T034304Z,2026-03-11T03:50:37Z,,en-US,Chromium,Yes,No,None,,,,,,,,No,No,No,,,,,,,,,,No,,,,,,,,,,,,,,,,,CookiesConsentDataset/evidence_json/ACLDP_0994.json
ACLDP_0995,site-0995.invalid,https://site-0995.invalid,Failed,"Navigation error: Page.goto: Target page, context or browser has been closed",2.0,L1,20260311T034304Z,2026-03-11T03:50:37Z,,en-US,Chromium,Yes,No,None,,,,,,,,No,No,No,,,,,,,,,,No,,,,,,,,,,,,,,,,,CookiesConsentDataset/evidence_json/ACLDP_0995.json
ACLDP_0996,site-0996.invalid,https://site-0996.invalid,Failed,"Navigation error: Page.goto: Target page, context or browser has been closed",2.0,L1,20260311T034304Z,2026-03-11T03:50:37Z,,en-US,Chromium,Yes,No,None,,,,,,,,No,No,No,,,,,,,,,,No,,,,,,,,,,,,,,,,,CookiesConsentDataset/evidence_json/ACLDP_0996.json
ACLDP_0997,site-0997.invalid,https://site-0997.invalid,Failed,"Navigation error: Page.goto: Target page, context or browser has been closed",2.0,L1,20260311T034304Z,2026-03-11T03:50:37Z,,en-US,Chromium,Yes,No,None,,,,,,,,No,No,No,,,,,,,,,,No,,,,,,,,,,,,,,,,,CookiesConsentDataset/evidence_json/ACLDP_0997.json
ACLDP_0998,site-0998.invalid,https://site-0998.invalid,Failed,"Navigation error: Page.goto: Target page, context or browser has been closed",2.0,L1,20260311T034304Z,2026-03-11T03:50:37Z,,en-US,Chromium,Yes,No,None,,,,,,,,No,No,No,,,,,,,,,,No,,,,,,,,,,,,,,,,,CookiesConsentDataset/evidence_json/ACLDP_0998.json
ACLDP_0999,site-0999.invalid,https://site-0999.invalid,Failed,"Navigation error: Page.goto: Target page, context or browser has been closed",2.0,L1,20260311T034304Z,2026-03-11T03:50:37Z,,en-US,Chromium,Yes,No,None,,,,,,,,No,No,No,,,,,,,,,,No,,,,,,,,,,,,,,,,,CookiesConsentDataset/evidence_json/ACLDP_0999.json
ACLDP_1000,site-1000.invalid,https://site-1000.invalid,Failed,"Navigation error: Page.goto: Target page, context or browser has been closed",2.0,L1,20260311T034304Z,2026-03-11T03:50:37Z,,en-US,Chromium,Yes,No,None,,,,,,,,No,No,No,,,,,,,,,,No,,,,,,,,,,,,,,,,,CookiesConsentDataset/evidence_json/ACLDP_1000.json
